image,x,y,label,degree,dark_at_site,dark_peak,dark_excess_area,stroke_dark_local
circuit_1.jpg,546,160,1,3,-0.0578,1.6699,11,103.0
circuit_1.jpg,580,160,1,2,-0.017,1.6641,10,98.0
circuit_1.jpg,88,161,0,2,-0.1748,1.6759,9,86.0
circuit_1.jpg,204,162,0,2,-0.3105,1.2686,10,117.0
circuit_1.jpg,322,162,0,3,0.0667,1.609,21,96.0
circuit_1.jpg,81,182,0,2,-0.074,1.5652,10,94.0
circuit_1.jpg,236,282,1,2,-0.1869,1.4422,10,81.0
circuit_1.jpg,546,344,1,4,0.3151,1.4963,20,78.0
circuit_1.jpg,526,346,0,2,-0.4505,1.0076,1,96.0
circuit_1.jpg,312,347,0,2,0.0928,2.0755,14,90.0
circuit_1.jpg,952,423,1,2,0.0309,1.5452,15,84.0
circuit_1.jpg,885,449,0,2,-0.2888,1.1948,3,84.0
circuit_1.jpg,237,472,1,2,0.0974,1.8479,20,76.0
circuit_1.jpg,950,486,1,3,-0.2587,1.6818,13,84.0
circuit_1.jpg,928,487,0,4,-0.2248,1.7014,2,78.0
circuit_1.jpg,74,490,1,3,0.1133,2.2368,17,78.0
circuit_1.jpg,237,491,1,3,0.0266,1.3057,10,77.0
circuit_1.jpg,703,489,1,2,-0.2356,1.426,15,81.0
circuit_1.jpg,260,492,1,2,-0.1029,0.8972,0,86.0
circuit_1.jpg,726,492,1,2,-0.2127,1.2972,4,87.0
circuit_1.jpg,788,494,1,2,-0.2209,2.1501,8,90.0
circuit_1.jpg,947,507,1,4,-0.0786,2.0087,21,79.0
circuit_1.jpg,929,504,0,3,-0.3532,1.4356,3,76.0
circuit_1.jpg,284,551,1,2,-0.1124,1.7544,17,83.0
circuit_1.jpg,420,554,1,3,-0.0618,1.4759,8,74.0
circuit_1.jpg,946,568,1,3,-0.0217,1.4751,7,80.5
circuit_1.jpg,964,571,1,3,-0.1726,1.3325,4,82.0
circuit_1.jpg,979,572,0,3,-0.1329,2.042,7,84.0
circuit_1.jpg,570,582,0,3,0.1577,1.4164,11,74.0
circuit_1.jpg,986,590,0,4,-0.1119,1.539,11,85.0
circuit_1.jpg,976,590,0,3,-0.2121,1.35,3,83.0
circuit_1.jpg,786,591,1,3,0.0876,1.9872,17,78.0
circuit_1.jpg,945,652,0,1,-0.1899,1.7661,18,84.0
circuit_1.jpg,947,679,0,2,-0.1943,1.4735,8,84.0
circuit_1.jpg,444,712,1,2,-0.3613,1.1142,1,90.0
circuit_1.jpg,951,757,0,4,-0.3817,1.785,10,94.0
circuit_1.jpg,961,757,0,2,-0.4567,1.2334,3,89.0
circuit_1.jpg,86,758,0,2,0.0411,1.8153,16,111.0
circuit_1.jpg,574,758,0,3,0.0273,1.2068,4,68.0
circuit_1.jpg,770,758,0,3,0.0452,1.5192,10,76.0
circuit_1.jpg,884,758,0,3,0.1675,1.7762,11,71.0
circuit_1.jpg,100,759,0,2,0.3132,1.786,26,114.0
circuit_1.jpg,110,760,0,2,0.1256,1.7971,18,117.0
circuit_1.jpg,414,761,0,3,0.063,1.9715,19,80.0
circuit_1.jpg,278,764,0,3,-0.0053,1.785,20,86.0
circuit_1016.jpg,430,290,1,2,0.0112,0.801,0,89.0
circuit_1016.jpg,494,289,1,3,0.0566,1.9651,20,86.0
circuit_1016.jpg,66,294,0,2,-0.2158,2.1927,13,84.0
circuit_1016.jpg,256,293,1,3,0.1438,1.5985,23,79.0
circuit_1016.jpg,680,293,1,2,0.0154,1.8081,16,91.0
circuit_1016.jpg,384,416,0,2,-0.1712,1.52,4,85.0
circuit_1016.jpg,497,441,1,4,0.1281,1.3858,16,71.0
circuit_1016.jpg,687,440,1,2,-0.1707,1.7962,10,83.0
circuit_1016.jpg,294,444,1,2,-0.1597,1.406,1,81.0
circuit_1016.jpg,472,443,1,2,-0.2792,1.4322,1,78.0
circuit_1016.jpg,380,500,0,2,0.0583,1.7316,9,73.0
circuit_1016.jpg,380,516,0,2,-0.1426,1.918,12,76.0
circuit_1016.jpg,73,532,1,3,-0.0436,1.9134,12,73.0
circuit_1016.jpg,209,534,1,3,0.0209,2.1356,25,75.0
circuit_1016.jpg,282,533,1,2,-0.2976,1.9527,3,74.0
circuit_1016.jpg,302,534,1,2,-0.1791,1.4243,4,76.0
circuit_1016.jpg,385,534,1,3,-0.0356,1.5047,12,74.0
circuit_1016.jpg,376,542,0,2,-0.1638,1.2083,1,73.0
circuit_1016.jpg,687,566,0,3,-0.0005,1.3577,11,75.5
circuit_1016.jpg,499,568,0,3,0.05,1.8194,16,72.0
circuit_1016.jpg,768,573,0,2,-0.3187,0.9089,0,79.0
circuit_1016.jpg,371,578,0,3,0.1104,1.999,14,71.0
circuit_1016.jpg,255,581,0,2,-0.1194,1.872,7,71.0
circuit_1016.jpg,799,589,0,2,-0.5072,1.0665,1,74.0
circuit_1016.jpg,828,588,0,3,-0.096,1.4665,9,72.0
circuit_1016.jpg,834,610,0,3,-0.2156,1.1069,1,68.0
circuit_1016.jpg,844,614,0,2,-0.1278,1.6717,13,69.0
circuit_1016.jpg,372,661,0,2,-0.0434,1.7278,18,76.0
circuit_1016.jpg,737,667,0,2,-0.2699,1.7969,6,75.0
circuit_1016.jpg,247,702,0,3,-0.232,1.4279,13,70.0
circuit_1016.jpg,498,704,0,3,-0.0406,1.8503,12,71.0
circuit_1016.jpg,466,706,0,3,-0.0433,1.5231,8,70.0
circuit_1016.jpg,685,705,0,3,0.0242,1.8881,19,71.0
circuit_1016.jpg,796,710,0,3,0.0283,1.4589,12,73.0
circuit_1016.jpg,852,711,0,2,-0.0869,0.7387,0,74.0
circuit_1016.jpg,896,712,0,2,0.0285,1.7608,7,75.0
circuit_1018.jpg,492,402,1,3,0.1671,1.7581,17,99.0
circuit_1018.jpg,241,404,0,2,0.0779,1.6343,18,104.0
circuit_1018.jpg,804,419,0,1,-0.072,1.7253,9,99.0
circuit_1018.jpg,502,600,1,3,0.147,1.7253,14,89.0
circuit_1018.jpg,446,611,1,2,-0.4153,1.1434,4,105.0
circuit_1018.jpg,406,613,1,2,-0.3171,1.2325,1,102.5
circuit_1018.jpg,243,620,1,2,0.187,2.0486,19,94.0
circuit_1074.jpg,817,238,0,2,0.0286,1.8595,19,100.0
circuit_1074.jpg,667,267,0,2,-0.0514,1.5823,12,103.5
circuit_1074.jpg,560,268,0,2,0.0073,2.451,17,101.0
circuit_1074.jpg,384,271,0,2,0.1419,2.1734,32,98.0
circuit_1074.jpg,67,278,0,2,0.0558,1.9328,24,104.0
circuit_1074.jpg,96,280,0,3,0.1847,2.0674,19,101.0
circuit_1074.jpg,224,282,0,2,0.0405,1.7922,13,102.0
circuit_1074.jpg,671,304,0,2,-0.4607,1.4753,5,91.0
circuit_1074.jpg,672,325,0,3,-0.3082,1.5323,7,84.0
circuit_1074.jpg,564,340,0,3,-0.1108,2.4588,29,98.0
circuit_1074.jpg,829,342,0,3,-0.1222,1.5121,14,100.0
circuit_1074.jpg,388,348,0,3,-0.1108,2.0082,18,97.0
circuit_1074.jpg,226,358,0,3,-0.0829,1.6288,14,88.0
circuit_1074.jpg,563,361,0,3,-0.106,1.9354,18,91.0
circuit_1074.jpg,532,365,0,2,-0.2068,1.2205,3,99.0
circuit_1074.jpg,704,382,0,2,-0.4527,1.1303,2,92.0
circuit_1074.jpg,400,405,0,2,-0.3574,1.3005,6,98.0
circuit_1074.jpg,96,410,0,1,-0.0513,1.6553,11,91.0
circuit_1074.jpg,399,422,0,2,-0.2027,1.6216,7,102.0
circuit_1074.jpg,793,470,1,2,-0.1372,1.4859,6,91.5
circuit_1074.jpg,678,478,1,2,0.0316,1.1995,4,97.0
circuit_1074.jpg,760,488,1,2,0.0,1.5154,5,89.0
circuit_1074.jpg,729,487,1,2,-0.344,1.503,4,87.0
circuit_1074.jpg,738,493,1,2,0.1717,1.8717,13,88.5
circuit_1074.jpg,394,500,0,3,-0.0678,1.7673,12,87.0
circuit_1074.jpg,995,508,0,2,-0.132,1.569,7,95.0
circuit_1074.jpg,287,512,0,1,0.057,1.5726,10,86.0
circuit_1074.jpg,673,536,1,3,-0.2686,1.705,9,83.0
circuit_1074.jpg,554,540,0,3,-0.1224,1.4294,4,81.0
circuit_1074.jpg,992,546,0,3,0.0378,2.1739,9,85.0
circuit_1074.jpg,803,549,1,3,-0.0623,1.7662,10,89.0
circuit_1074.jpg,692,578,1,2,-0.0184,1.6641,11,85.0
circuit_1074.jpg,287,590,0,3,0.0079,2.6104,21,88.0
circuit_1074.jpg,115,592,0,3,0.0768,1.4043,12,77.0
circuit_1074.jpg,766,617,0,2,-0.1979,1.4184,6,82.0
circuit_1074.jpg,119,631,0,1,-0.2589,1.3644,8,84.0
circuit_1074.jpg,792,639,1,2,-0.1789,1.2924,4,90.0
circuit_1074.jpg,287,655,0,2,0.0166,1.5816,8,86.0
circuit_1074.jpg,122,682,0,1,-0.0452,1.6797,10,82.0
circuit_1074.jpg,802,708,1,4,-0.2617,1.797,6,89.0
circuit_1074.jpg,648,707,0,3,-0.0276,1.8679,6,82.0
circuit_1074.jpg,812,708,0,3,-0.1983,1.8746,3,89.0
circuit_1074.jpg,988,712,0,2,-0.2305,2.6714,12,86.0
circuit_1076.jpg,330,157,0,2,-0.3563,1.4097,4,105.0
circuit_1076.jpg,481,209,0,2,-0.1111,2.2695,16,103.0
circuit_1076.jpg,506,211,0,1,-0.4378,0.9875,0,94.0
circuit_1076.jpg,61,226,0,2,-0.2514,1.2625,1,101.0
circuit_1076.jpg,144,230,0,3,-0.0091,1.4537,13,90.0
circuit_1076.jpg,164,234,0,2,-0.5903,1.1966,2,99.0
circuit_1076.jpg,60,256,0,2,-0.1855,1.2339,1,104.0
circuit_1076.jpg,340,277,0,3,-0.0923,1.7213,11,99.0
circuit_1076.jpg,481,282,0,3,0.1249,1.4368,12,88.0
circuit_1076.jpg,189,306,0,2,-0.1917,1.9244,8,96.0
circuit_1076.jpg,642,323,0,2,-0.0823,0.3747,0,95.0
circuit_1076.jpg,678,324,0,3,0.1823,1.9334,9,88.5
circuit_1076.jpg,856,326,0,2,-0.1661,1.0977,2,95.0
circuit_1076.jpg,938,330,0,2,-0.4255,0.9621,0,93.0
circuit_1076.jpg,963,333,0,2,-0.1598,2.0469,5,96.0
circuit_1076.jpg,969,358,0,2,-0.1735,1.6545,8,97.0
circuit_1076.jpg,494,364,0,2,-0.1792,1.3752,4,90.0
circuit_1076.jpg,420,365,0,2,-0.207,1.3345,6,96.0
circuit_1076.jpg,973,378,0,2,-0.1326,1.6481,8,96.0
circuit_1076.jpg,978,404,0,2,-0.2669,1.86,3,96.0
circuit_1076.jpg,698,433,0,1,-0.7601,0.759,0,88.5
circuit_1076.jpg,710,434,0,2,-0.123,0.5458,0,90.0
circuit_1076.jpg,758,438,0,2,0.082,1.0905,2,88.5
circuit_1076.jpg,777,441,0,2,-0.271,1.6673,5,92.0
circuit_1076.jpg,596,444,0,2,-0.332,1.5092,6,113.0
circuit_1076.jpg,419,504,0,4,-0.0052,1.4265,2,68.0
circuit_1076.jpg,364,506,0,3,-0.4854,1.4214,6,75.0
circuit_1076.jpg,446,506,0,2,0.0228,0.9819,0,89.0
circuit_1076.jpg,588,510,0,3,0.2161,1.4081,12,79.0
circuit_1076.jpg,991,534,0,3,-0.1069,1.6181,18,85.0
circuit_1076.jpg,918,535,0,1,-0.297,1.1059,2,97.0
circuit_1076.jpg,786,540,0,3,-0.2378,1.3647,4,82.0
circuit_1076.jpg,78,562,0,1,-0.3335,1.3005,3,85.0
circuit_1076.jpg,90,561,0,2,-0.2848,1.3486,1,84.0
circuit_1076.jpg,238,564,0,2,0.1103,1.2709,4,71.0
circuit_1076.jpg,611,570,0,2,-0.1879,1.2043,4,92.0
circuit_1076.jpg,220,613,0,2,-0.179,1.2583,10,88.0
circuit_1076.jpg,987,616,0,2,-0.1656,1.9943,16,85.0
circuit_1076.jpg,984,670,0,2,-0.3692,1.5227,11,85.0
circuit_1076.jpg,536,691,0,2,0.0199,2.1823,13,88.0
circuit_1076.jpg,733,694,0,2,-0.1063,1.7027,9,88.0
circuit_1076.jpg,538,718,0,2,-0.1444,1.6165,9,91.0
circuit_1076.jpg,536,767,0,3,-0.2576,1.55,4,70.0
circuit_1076.jpg,420,769,0,2,0.0033,1.3547,13,85.0
circuit_1076.jpg,736,776,0,2,-0.255,1.7148,3,77.0
circuit_1076.jpg,984,794,0,2,-0.1449,1.8947,7,86.0
circuit_1076.jpg,737,796,0,3,-0.0519,1.4601,7,84.0
circuit_1076.jpg,936,798,0,2,-0.2515,0.9261,0,88.5
circuit_1076.jpg,656,799,0,2,-0.2609,1.4233,5,87.0
circuit_1076.jpg,533,835,0,2,-0.4165,1.824,6,87.0
circuit_1077.jpg,462,332,0,2,-0.292,1.1019,1,91.0
circuit_1077.jpg,509,358,0,1,-0.6674,0.7044,0,76.5
circuit_1077.jpg,520,368,0,2,-1.1672,-0.2853,0,83.0
circuit_1077.jpg,459,372,0,3,-0.4762,0.877,0,77.0
circuit_1077.jpg,216,376,0,2,-0.2063,0.8854,0,77.0
circuit_1077.jpg,718,380,0,3,-0.1431,1.5572,7,85.0
circuit_1077.jpg,717,423,0,1,-0.3944,1.135,2,81.0
circuit_1077.jpg,459,430,0,2,-0.4414,0.8448,0,86.0
circuit_1077.jpg,799,558,0,2,-0.3154,0.7186,0,81.0
circuit_1077.jpg,796,571,0,2,-0.2828,1.1835,2,82.0
circuit_1077.jpg,764,571,0,2,-0.223,1.4518,8,109.0
circuit_1077.jpg,478,574,0,3,-0.3872,1.3335,3,81.0
circuit_1077.jpg,206,581,0,2,-0.0974,1.2722,3,79.0
circuit_1079.jpg,577,237,0,3,-0.3204,1.2519,3,99.0
circuit_1079.jpg,836,238,0,2,-0.669,0.5082,0,100.0
circuit_1079.jpg,878,246,0,2,-0.1355,1.4256,5,98.0
circuit_1079.jpg,325,315,0,3,-0.013,1.1634,9,87.0
circuit_1079.jpg,260,315,0,2,-0.3874,1.245,2,103.0
circuit_1079.jpg,873,460,1,4,0.0081,1.4136,7,93.0
circuit_1079.jpg,844,461,1,2,-0.225,2.0277,5,142.0
circuit_1079.jpg,324,467,1,3,0.0443,1.4788,14,83.0
circuit_1079.jpg,514,471,1,4,-0.0981,1.3858,14,87.0
circuit_1079.jpg,490,471,1,2,-0.0896,1.6396,3,105.0
circuit_1079.jpg,876,500,1,2,-0.3726,1.2566,2,82.0
circuit_1079.jpg,272,529,0,1,-0.8553,0.6657,0,82.0
circuit_1079.jpg,877,554,1,3,0.1727,1.3594,7,71.0
circuit_1079.jpg,850,555,1,2,0.0326,1.5538,16,80.0
circuit_1079.jpg,314,588,1,2,-0.2642,1.7919,6,80.0
circuit_1079.jpg,88,606,0,3,-0.2887,1.4979,3,87.0
circuit_1079.jpg,112,607,0,2,-0.2857,0.8799,0,114.0
circuit_1079.jpg,775,616,1,3,0.0724,2.172,11,72.0
circuit_1079.jpg,594,634,0,2,0.2417,1.415,9,99.5
circuit_1079.jpg,512,636,0,3,0.0428,1.5635,3,75.0
circuit_1079.jpg,772,642,1,2,-0.2345,1.3076,4,82.0
circuit_1079.jpg,597,654,0,2,-0.2667,1.7897,3,91.0
circuit_1079.jpg,513,671,0,2,-0.2885,1.556,7,87.0
circuit_1079.jpg,770,676,1,2,-0.0887,1.4612,5,82.0
circuit_1079.jpg,601,684,0,2,-0.175,1.5962,3,83.0
circuit_1079.jpg,603,694,0,2,-0.2886,1.1812,3,82.0
circuit_1079.jpg,194,702,1,2,-0.233,1.7813,4,82.0
circuit_1079.jpg,609,727,0,2,-0.0511,1.3954,6,86.0
circuit_1079.jpg,835,728,0,2,-0.2637,1.4131,2,87.0
circuit_1079.jpg,652,733,0,3,0.1083,1.8006,9,103.0
circuit_1079.jpg,533,770,0,2,-0.1858,1.1881,5,81.0
circuit_1079.jpg,309,772,1,2,-0.3,1.1338,2,82.0
circuit_1079.jpg,192,788,1,3,0.0348,1.4652,16,79.0
circuit_1079.jpg,650,791,0,3,0.0204,1.4669,10,74.0
circuit_1079.jpg,771,793,0,3,0.0021,1.7115,26,83.0
circuit_1079.jpg,310,794,1,3,0.2199,1.8947,12,82.0
circuit_1079.jpg,530,793,0,3,-0.0702,1.4274,9,78.0
circuit_1079.jpg,810,795,0,2,-0.0403,1.4659,2,98.0
circuit_1079.jpg,881,796,0,4,-0.1644,1.3149,6,73.0
circuit_1087.jpg,3,286,0,1,-0.0647,1.882,24,81.0
circuit_1087.jpg,634,343,0,2,0.0878,2.5148,17,76.0
circuit_1087.jpg,345,345,1,2,0.0546,2.1398,13,71.0
circuit_1087.jpg,874,426,0,2,-0.2239,1.5397,11,82.0
circuit_1087.jpg,641,436,0,3,-0.1681,1.2734,3,72.0
circuit_1087.jpg,195,444,0,1,-0.0767,1.9952,12,74.0
circuit_1087.jpg,394,444,1,2,-0.1483,1.5196,7,72.5
circuit_1087.jpg,348,445,1,3,-0.1392,1.5596,4,71.0
circuit_1087.jpg,871,585,0,2,-0.4135,1.8062,5,67.0
circuit_1087.jpg,598,600,0,3,0.1087,1.908,7,65.0
circuit_1087.jpg,401,605,1,4,0.223,1.6428,18,66.0
circuit_1087.jpg,196,618,0,2,-0.1563,1.3658,8,65.0
circuit_1087.jpg,2,738,0,2,0.0665,1.9153,14,91.0
circuit_1087.jpg,1022,740,0,1,-0.3098,1.6557,13,78.0
circuit_1093.jpg,336,323,0,3,0.2305,2.0105,32,102.0
circuit_1093.jpg,454,323,0,3,-0.0109,1.9583,26,93.0
circuit_1093.jpg,634,324,1,3,0.1807,1.8798,32,92.0
circuit_1093.jpg,825,323,1,2,-0.0058,2.6438,15,104.0
circuit_1093.jpg,594,326,1,2,0.0693,1.7856,21,94.0
circuit_1093.jpg,139,327,0,2,0.113,1.6857,19,90.0
circuit_1093.jpg,139,475,1,4,0.1902,1.794,25,78.0
circuit_1093.jpg,168,478,1,2,-0.1536,1.2417,3,93.0
circuit_1093.jpg,184,480,1,2,-0.0999,1.5049,7,93.0
circuit_1093.jpg,244,483,1,2,-0.1048,1.3858,8,96.5
circuit_1093.jpg,340,489,1,4,0.1565,2.1457,49,93.0
circuit_1093.jpg,836,490,1,4,0.259,2.048,36,79.0
circuit_1093.jpg,459,495,1,4,0.3518,1.5217,19,74.0
circuit_1093.jpg,636,496,1,4,0.281,2.1912,33,77.0
circuit_1093.jpg,399,523,0,2,0.1471,1.6123,18,83.0
circuit_1093.jpg,377,529,0,2,0.0066,1.7076,17,83.0
circuit_1093.jpg,137,650,1,2,-0.1899,2.0263,17,81.0
circuit_1093.jpg,506,657,0,3,-0.408,1.1204,1,81.0
circuit_1093.jpg,340,661,1,3,0.0062,1.6896,12,76.0
circuit_1093.jpg,494,661,1,3,-0.2454,1.3029,9,87.0
circuit_1093.jpg,308,662,0,2,-0.0795,1.5546,5,89.0
circuit_1093.jpg,408,662,1,2,-0.3005,0.9592,0,90.0
circuit_1093.jpg,452,663,1,3,0.0613,1.6007,18,78.0
circuit_1093.jpg,512,665,0,2,-0.1378,1.3546,15,81.0
circuit_1093.jpg,573,668,1,2,-0.1271,1.6342,15,80.0
circuit_1093.jpg,636,668,1,3,0.0679,1.5318,22,79.0
circuit_1093.jpg,832,670,0,2,0.1649,1.874,27,84.0
circuit_1094.jpg,611,378,0,2,0.0016,1.7949,5,85.0
circuit_1094.jpg,538,428,0,4,-0.279,1.228,2,95.0
circuit_1094.jpg,515,424,0,3,-0.108,1.5284,9,92.0
circuit_1094.jpg,551,421,0,3,-0.6369,1.0568,1,93.0
circuit_1094.jpg,581,430,1,2,0.0339,1.5394,11,92.0
circuit_1094.jpg,552,430,0,4,-0.0496,1.1576,6,93.0
circuit_1094.jpg,613,434,1,3,0.0074,1.3408,11,93.0
circuit_1094.jpg,514,436,0,2,-0.2469,1.4738,9,89.0
circuit_1094.jpg,792,471,1,3,0.1396,1.5184,16,83.0
circuit_1094.jpg,614,475,1,3,-0.0987,1.5498,10,94.0
circuit_1094.jpg,311,476,0,2,0.0272,1.3071,9,82.0
circuit_1094.jpg,788,588,1,2,-0.2994,1.6893,4,78.0
circuit_1094.jpg,614,594,1,2,-0.2285,0.8351,0,90.0
circuit_1094.jpg,570,596,1,2,0.0055,1.6242,11,79.0
circuit_1097.jpg,2,286,0,2,-0.3153,1.4536,3,98.0
circuit_1097.jpg,492,289,0,3,-0.4127,0.8502,0,88.0
circuit_1097.jpg,488,302,0,3,-0.2643,1.0985,1,79.0
circuit_1097.jpg,777,349,0,2,-0.2326,1.3053,4,78.0
circuit_1097.jpg,542,363,0,3,-0.1252,1.2105,4,82.0
circuit_1097.jpg,226,374,0,2,-0.2927,1.0251,2,77.0
circuit_1097.jpg,796,478,0,2,-0.3031,1.1171,5,79.0
circuit_1097.jpg,576,544,0,1,-0.3313,1.6562,6,82.0
circuit_1097.jpg,579,562,0,2,-0.3075,1.3894,1,79.0
circuit_1097.jpg,802,565,0,2,-0.0314,1.4967,8,92.0
circuit_1097.jpg,250,574,0,2,-0.2748,1.1895,2,80.0
circuit_1097.jpg,251,582,0,2,-0.3445,0.7434,0,82.0
circuit_1097.jpg,582,587,0,4,-0.0606,1.2511,3,80.0
circuit_1097.jpg,585,610,0,2,-0.2338,1.3134,3,81.0
circuit_1097.jpg,2,738,0,2,-0.1279,1.7556,6,112.0
circuit_1097.jpg,1022,740,0,1,-0.1517,1.5174,4,109.0
circuit_1111.jpg,865,117,0,2,-0.1717,1.721,6,95.0
circuit_1111.jpg,150,148,0,2,-0.1611,1.4806,7,93.0
circuit_1111.jpg,210,152,0,3,0.0663,1.5368,9,93.0
circuit_1111.jpg,865,182,0,2,-0.2509,1.6996,6,99.0
circuit_1111.jpg,682,196,0,3,0.1093,1.7159,31,103.0
circuit_1111.jpg,418,197,0,2,-0.0863,1.5504,9,100.5
circuit_1111.jpg,460,198,0,3,-0.261,1.7216,14,93.0
circuit_1111.jpg,966,223,1,2,-0.171,2.132,16,102.0
circuit_1111.jpg,866,225,0,3,-0.1409,1.4507,13,93.0
circuit_1111.jpg,267,237,0,2,-0.1176,1.5496,10,95.0
circuit_1111.jpg,575,478,1,2,-0.0256,1.7253,18,99.0
circuit_1111.jpg,362,536,0,1,-0.1374,1.2379,11,86.0
circuit_1111.jpg,384,538,0,2,-0.0443,1.5128,4,87.0
circuit_1111.jpg,424,542,0,2,-0.1397,1.8,17,86.0
circuit_1111.jpg,452,544,0,2,-0.1622,1.119,2,85.0
circuit_1111.jpg,466,547,1,3,-0.0518,1.5383,12,86.0
circuit_1111.jpg,580,549,1,4,-0.0413,1.8152,17,84.0
circuit_1111.jpg,594,550,0,2,-0.1914,1.0741,2,84.0
circuit_1111.jpg,754,550,0,3,-0.1352,1.6417,17,84.0
circuit_1111.jpg,674,551,0,1,-0.5111,0.9529,0,85.0
circuit_1111.jpg,963,571,1,3,-0.1149,1.6978,10,88.0
circuit_1111.jpg,252,585,0,3,-0.0423,1.6127,12,84.0
circuit_1111.jpg,746,612,0,2,-0.0575,1.7369,19,87.0
circuit_1111.jpg,432,614,1,1,-0.0956,1.733,15,95.0
circuit_1111.jpg,465,613,1,2,-0.1568,1.716,7,85.0
circuit_1111.jpg,961,704,0,2,0.001,1.8771,22,101.0
circuit_1111.jpg,798,810,0,2,-0.2442,1.3503,2,89.0
circuit_1111.jpg,836,813,0,2,-0.2367,1.5215,8,88.0
circuit_1111.jpg,604,868,0,1,-0.2246,1.47,6,90.0
circuit_1111.jpg,674,868,0,3,-0.012,1.6354,5,94.0
circuit_1111.jpg,836,886,0,2,-0.1234,2.0609,21,88.0
circuit_1111.jpg,956,888,0,3,-0.031,1.5573,21,91.0
circuit_1121.jpg,416,386,1,3,-0.0293,1.7224,12,75.0
circuit_1121.jpg,635,385,1,2,-0.2815,2.1239,8,81.0
circuit_1121.jpg,648,619,1,2,-0.1239,1.5668,7,84.0
circuit_1121.jpg,416,622,1,4,0.0576,1.3957,2,76.0
circuit_1122.jpg,121,350,0,2,0.1325,2.0076,27,94.0
circuit_1122.jpg,296,353,0,2,-0.1891,1.2635,6,102.0
circuit_1122.jpg,331,356,1,3,0.0041,1.7969,32,96.0
circuit_1122.jpg,520,357,1,3,0.2125,1.9049,27,94.0
circuit_1122.jpg,670,357,1,3,0.131,2.054,35,95.0
circuit_1122.jpg,525,402,1,1,-0.1173,1.9861,14,95.0
circuit_1122.jpg,680,464,1,2,-0.1508,1.4957,9,91.0
circuit_1122.jpg,818,496,1,4,0.2587,1.8248,35,85.0
circuit_1122.jpg,683,501,1,4,0.1579,1.9502,44,86.0
circuit_1122.jpg,670,502,1,2,-0.3146,1.0276,3,88.0
circuit_1122.jpg,660,503,1,2,-0.3459,0.8842,0,94.5
circuit_1122.jpg,528,507,1,4,0.0884,1.6672,18,78.0
circuit_1122.jpg,130,511,1,4,0.2677,1.7025,26,79.0
circuit_1122.jpg,330,510,1,4,0.1802,1.8862,25,81.0
circuit_1122.jpg,40,518,0,2,-0.2192,1.5699,12,92.5
circuit_1122.jpg,450,527,0,2,-0.251,1.4631,10,89.0
circuit_1122.jpg,903,526,0,1,-0.0231,1.8958,27,96.5
circuit_1122.jpg,438,532,0,2,-0.0322,1.3286,10,85.0
circuit_1122.jpg,426,535,0,2,0.0443,1.4823,10,83.0
circuit_1122.jpg,686,643,1,4,-0.1291,1.8857,14,78.0
circuit_1122.jpg,664,643,1,3,0.0027,1.6466,13,75.0
circuit_1122.jpg,524,655,0,3,0.0028,1.675,15,84.0
circuit_1122.jpg,329,657,0,3,0.2217,1.5075,17,82.0
circuit_1122.jpg,176,664,1,2,-0.3068,1.255,1,89.0
circuit_1122.jpg,136,665,1,2,-0.0553,2.1948,23,87.0
circuit_1124.jpg,338,252,1,3,0.4444,3.6962,61,168.0
circuit_1124.jpg,488,253,1,3,0.5887,3.706,56,175.0
circuit_1124.jpg,680,256,1,3,0.5776,3.8374,68,172.0
circuit_1124.jpg,816,255,1,2,0.1372,3.2271,23,176.5
circuit_1124.jpg,901,258,1,2,0.514,3.5672,74,158.0
circuit_1124.jpg,490,296,1,2,0.3505,2.4552,42,160.5
circuit_1124.jpg,332,442,1,4,0.4025,3.3208,85,149.0
circuit_1124.jpg,676,440,1,4,0.4222,3.3842,60,164.0
circuit_1124.jpg,487,442,1,4,0.6803,3.2963,114,146.0
circuit_1124.jpg,532,442,1,2,0.2203,2.3122,24,179.0
circuit_1124.jpg,152,447,1,2,0.3513,2.732,22,170.0
circuit_1124.jpg,896,447,1,4,0.8768,3.591,120,160.0
circuit_1124.jpg,977,447,1,2,0.5252,2.4773,64,150.0
circuit_1124.jpg,104,451,1,4,1.0001,3.2122,155,156.0
circuit_1124.jpg,82,453,0,1,-0.3583,2.094,7,155.0
circuit_1124.jpg,970,604,0,1,-0.1448,1.3894,10,146.0
circuit_1124.jpg,491,620,1,2,-0.1173,2.5166,22,141.0
circuit_1124.jpg,888,636,0,2,0.517,2.955,58,164.0
circuit_1124.jpg,672,645,0,3,0.6203,3.6509,86,167.0
circuit_1124.jpg,492,652,0,3,0.5896,3.0822,102,147.0
circuit_1124.jpg,245,656,0,1,-0.4736,0.5153,0,169.0
circuit_1124.jpg,331,655,1,3,0.3853,2.7892,90,144.0
circuit_1127.jpg,316,366,1,2,0.1572,1.967,15,83.0
circuit_1127.jpg,505,366,1,2,-0.4405,1.1617,1,93.0
circuit_1127.jpg,411,444,0,2,-0.0453,1.493,9,99.5
circuit_1127.jpg,445,449,0,2,-0.2892,1.2536,2,96.0
circuit_1127.jpg,321,470,1,4,0.2411,1.5752,23,86.0
circuit_1127.jpg,447,468,0,2,-0.4098,1.0443,1,98.0
circuit_1127.jpg,508,468,1,4,-0.0021,1.8745,21,92.5
circuit_1127.jpg,610,467,1,2,-0.5108,1.3445,2,109.0
circuit_1127.jpg,642,467,1,2,-0.132,2.1118,9,96.0
circuit_1127.jpg,209,478,0,2,0.0276,1.8392,6,78.0
circuit_1127.jpg,646,488,1,2,-0.4183,1.2975,2,96.0
circuit_1127.jpg,618,603,1,2,-0.2742,1.376,1,96.0
circuit_1127.jpg,512,607,1,4,0.1255,1.7925,17,88.0
circuit_1127.jpg,330,617,1,3,0.3078,1.9504,18,93.0
circuit_1127.jpg,211,623,0,2,-0.0879,1.6435,10,98.0
circuit_113.jpg,375,151,0,2,-0.1552,1.687,8,121.0
circuit_113.jpg,340,155,0,2,-0.2468,0.9661,0,117.0
circuit_113.jpg,584,159,0,2,-0.4455,1.1355,2,104.0
circuit_113.jpg,226,170,0,2,-0.3313,1.3198,3,115.0
circuit_113.jpg,208,171,0,2,0.0372,2.2952,23,107.0
circuit_113.jpg,989,211,0,2,0.1554,1.5239,6,108.0
circuit_113.jpg,964,210,0,2,0.2413,2.1114,6,139.0
circuit_113.jpg,920,215,0,2,0.1232,2.162,7,144.0
circuit_113.jpg,776,226,0,3,-0.0693,1.9023,8,132.0
circuit_113.jpg,580,228,0,3,-0.0163,1.432,10,120.0
circuit_113.jpg,382,246,0,3,0.3431,2.051,19,126.0
circuit_113.jpg,212,248,1,3,0.0523,1.9366,12,127.0
circuit_113.jpg,190,252,1,2,0.0153,1.6388,11,132.0
circuit_113.jpg,103,261,1,2,-0.3317,1.4251,5,101.0
circuit_113.jpg,225,307,0,1,0.125,1.85,10,108.0
circuit_113.jpg,578,311,1,2,-0.4894,1.2222,3,91.0
circuit_113.jpg,531,386,1,2,-0.2071,1.4366,4,134.0
circuit_113.jpg,500,393,1,1,-0.2517,1.6284,1,136.5
circuit_113.jpg,486,396,1,2,-0.1772,1.4521,3,139.0
circuit_113.jpg,468,400,1,2,-0.4691,0.4953,0,128.0
circuit_113.jpg,459,402,1,2,0.1142,2.1189,23,118.5
circuit_113.jpg,453,458,1,2,-0.2523,1.3504,3,88.0
circuit_113.jpg,849,482,0,2,-0.0463,1.0331,1,103.0
circuit_113.jpg,992,484,0,2,-0.2973,1.0191,1,94.0
circuit_113.jpg,988,517,0,3,-0.037,1.5792,5,89.0
circuit_113.jpg,678,530,0,2,0.3404,3.1364,26,126.0
circuit_113.jpg,850,532,0,2,0.0787,1.5915,16,107.0
circuit_113.jpg,478,553,0,2,0.019,1.1589,5,122.0
circuit_113.jpg,450,557,1,4,-0.0592,1.7611,14,101.0
circuit_113.jpg,378,561,0,2,-0.354,1.9515,13,90.0
circuit_113.jpg,400,561,1,3,-0.4376,1.1124,3,84.0
circuit_113.jpg,262,574,0,1,-0.5538,0.9952,0,92.0
circuit_113.jpg,676,592,0,1,0.0557,1.4316,9,76.0
circuit_113.jpg,445,666,0,2,-0.2634,1.4219,7,121.5
circuit_113.jpg,398,673,1,2,-0.3789,1.3204,3,112.0
circuit_113.jpg,180,685,0,2,-0.495,1.202,3,117.0
circuit_113.jpg,102,694,0,2,-0.0303,1.1431,3,129.5
circuit_113.jpg,66,698,0,2,-0.5905,1.0988,2,102.5
circuit_113.jpg,443,736,0,2,-0.2716,1.5408,4,116.5
circuit_113.jpg,220,741,0,1,0.1267,1.7099,15,95.0
circuit_113.jpg,770,757,0,2,-0.4299,0.9352,0,117.0
circuit_113.jpg,632,773,0,2,-0.1805,1.1682,1,84.0
circuit_113.jpg,618,833,0,3,-0.0729,2.0918,18,100.0
circuit_113.jpg,494,838,0,2,-0.2369,1.8586,13,97.0
circuit_113.jpg,439,840,0,2,0.1325,2.1942,22,119.0
circuit_113.jpg,964,844,0,1,-0.0775,1.2874,6,96.0
circuit_113.jpg,823,858,0,4,0.0063,2.1618,10,100.0
circuit_113.jpg,844,856,0,1,-0.1231,1.7599,9,99.0
circuit_113.jpg,834,858,0,3,-0.495,0.9335,0,95.0
circuit_1133.jpg,431,67,0,3,0.0952,2.1748,15,95.0
circuit_1133.jpg,256,71,0,3,0.1748,1.4877,12,82.0
circuit_1133.jpg,613,74,0,3,0.0174,1.8476,11,90.0
circuit_1133.jpg,85,75,0,2,-0.2978,1.9919,6,95.0
circuit_1133.jpg,662,75,0,2,-0.4814,1.8286,2,91.0
circuit_1133.jpg,798,106,0,2,-0.1498,2.6916,6,91.5
circuit_1133.jpg,260,114,0,2,-0.1249,1.9198,6,92.0
circuit_1133.jpg,261,124,0,2,-0.1136,1.5688,4,93.0
circuit_1133.jpg,432,150,0,2,-0.1433,1.8766,5,92.0
circuit_1133.jpg,622,158,0,2,-0.2797,1.4111,4,93.0
circuit_1133.jpg,626,214,0,2,-0.1526,1.807,7,89.0
circuit_1133.jpg,626,250,0,2,-0.0246,1.3389,6,90.0
circuit_1133.jpg,78,256,0,3,0.1598,1.841,21,82.0
circuit_1133.jpg,218,264,0,2,-0.1441,0.8566,0,87.0
circuit_1133.jpg,799,264,0,3,0.1917,2.2355,19,80.0
circuit_1133.jpg,73,284,0,2,-0.1589,1.7409,7,86.0
circuit_1133.jpg,258,287,0,2,-0.2237,1.406,7,81.0
circuit_1133.jpg,417,295,0,2,-0.1847,1.5672,9,82.0
circuit_1133.jpg,440,304,0,2,0.0438,1.6142,16,79.0
circuit_1133.jpg,626,364,0,2,-0.186,1.3276,5,86.0
circuit_1133.jpg,74,426,1,2,-0.3166,1.5301,9,86.0
circuit_1133.jpg,261,428,0,1,-0.1013,1.3027,5,79.0
circuit_1133.jpg,630,450,0,2,-0.2893,1.099,1,80.0
circuit_1133.jpg,256,452,0,2,-0.1688,1.7518,7,83.0
circuit_1133.jpg,440,484,0,2,0.0429,1.9988,6,83.0
circuit_1133.jpg,805,488,0,3,0.158,1.8498,17,80.0
circuit_1133.jpg,752,495,0,2,-0.6209,1.6874,4,93.0
circuit_1133.jpg,252,504,0,3,0.1515,1.3135,9,72.0
circuit_1133.jpg,619,523,0,2,-0.0703,1.4293,11,85.0
circuit_1133.jpg,633,524,0,3,0.0633,1.3731,5,85.0
circuit_1133.jpg,73,548,1,2,0.0286,1.559,6,81.0
circuit_1133.jpg,243,622,1,1,-0.3556,1.3925,4,79.0
circuit_1133.jpg,784,708,1,2,0.0238,1.7234,15,74.0
circuit_1133.jpg,810,709,1,3,-0.1283,1.7394,10,75.0
circuit_1133.jpg,236,712,1,3,-0.017,2.0217,10,78.0
circuit_1133.jpg,431,728,0,2,-0.0962,1.8282,12,77.0
circuit_1133.jpg,236,858,1,2,0.0207,2.1239,12,77.0
circuit_1133.jpg,812,868,1,2,-0.0084,1.4161,12,74.0
circuit_1133.jpg,786,870,1,2,-0.419,1.2915,4,77.0
circuit_1133.jpg,522,880,1,2,-0.0697,0.8859,0,82.0
circuit_1133.jpg,435,884,1,3,-0.0417,1.6302,12,78.0
circuit_1133.jpg,69,907,1,2,0.0426,2.0233,16,82.0
circuit_1133.jpg,72,940,1,2,-0.1437,1.9936,7,80.0
circuit_1133.jpg,116,944,1,2,-0.3189,1.497,3,84.0
circuit_1133.jpg,126,945,1,2,-0.1948,1.803,7,87.0
circuit_1133.jpg,814,946,1,2,-0.1009,1.7493,12,75.0
circuit_1133.jpg,642,947,1,3,-0.0527,1.6969,5,79.0
circuit_1133.jpg,433,950,1,3,-0.0345,1.3878,7,71.0
circuit_1133.jpg,215,952,1,2,-0.2495,1.1675,3,84.0
circuit_1133.jpg,240,954,1,3,-0.0379,1.8334,3,76.0
circuit_1134.jpg,853,66,1,2,-0.0878,1.4728,8,99.0
circuit_1134.jpg,422,68,1,3,-0.0019,1.674,19,97.0
circuit_1134.jpg,810,68,1,2,-0.2488,1.498,6,90.0
circuit_1134.jpg,634,68,1,3,-0.1438,2.0652,16,92.0
circuit_1134.jpg,238,72,1,3,-0.0445,1.9838,18,91.0
circuit_1134.jpg,854,104,1,2,-0.2839,1.8675,10,101.0
circuit_1134.jpg,124,125,0,1,-0.0083,1.4577,12,89.0
circuit_1134.jpg,625,227,1,2,0.1037,1.8615,21,80.0
circuit_1134.jpg,109,242,1,3,-0.079,2.1717,8,80.0
circuit_1134.jpg,859,250,1,3,-0.0957,1.8428,16,78.0
circuit_1134.jpg,421,364,1,2,-0.0501,1.7186,6,82.0
circuit_1134.jpg,680,408,1,2,-0.217,1.0011,1,88.0
circuit_1134.jpg,847,410,1,3,0.1361,2.0167,25,75.0
circuit_1134.jpg,512,414,1,2,-0.2085,1.1886,2,83.0
circuit_1134.jpg,494,415,1,2,-0.2215,1.3804,2,82.0
circuit_1134.jpg,338,419,1,2,-0.1543,1.3702,7,76.0
circuit_1134.jpg,427,422,1,3,-0.1019,1.489,3,75.0
circuit_1134.jpg,248,420,1,3,0.105,1.4607,10,67.0
circuit_1134.jpg,630,432,1,2,-0.0249,1.7094,18,75.5
circuit_1134.jpg,427,456,1,2,-0.2405,1.4457,5,78.5
circuit_1134.jpg,244,552,1,2,-0.0738,1.6144,11,80.5
circuit_1134.jpg,622,564,1,2,0.0126,1.9164,11,72.0
circuit_1134.jpg,844,575,1,3,0.1459,1.5398,20,72.0
circuit_1134.jpg,240,592,1,2,-0.4141,1.9251,2,65.0
circuit_1134.jpg,438,585,1,3,-0.0905,1.6995,20,74.0
circuit_1134.jpg,632,588,1,3,-0.0723,1.5318,5,67.0
circuit_1134.jpg,426,608,1,2,-0.2486,1.1782,3,73.0
circuit_1134.jpg,622,739,1,2,-0.0534,1.729,12,72.0
circuit_1134.jpg,622,762,1,3,-0.0794,1.7789,5,69.0
circuit_1134.jpg,425,760,1,3,0.1266,1.5261,14,67.5
circuit_1134.jpg,845,760,1,3,0.0681,1.8712,11,70.0
circuit_1134.jpg,422,888,1,2,-0.1912,1.1216,4,68.0
circuit_1134.jpg,624,888,1,3,-0.0406,1.8057,12,73.0
circuit_1134.jpg,240,894,1,3,-0.0668,1.8093,11,70.0
circuit_1134.jpg,794,893,1,2,-0.0912,0.821,0,80.5
circuit_1134.jpg,841,899,1,2,-0.1322,1.727,11,73.0
circuit_1135.jpg,434,372,0,1,-0.3473,1.1603,3,104.0
circuit_1135.jpg,640,375,1,3,-0.2171,1.0857,4,100.0
circuit_1135.jpg,164,590,1,2,-0.2009,1.4232,4,95.0
circuit_1135.jpg,163,608,1,2,-0.3743,1.8291,7,102.5
circuit_1135.jpg,639,615,1,4,0.1727,1.9403,14,90.0
circuit_1135.jpg,812,618,0,2,-0.1083,1.3912,6,91.0
circuit_1145.jpg,294,379,1,3,0.1778,1.5719,21,103.0
circuit_1145.jpg,460,380,1,3,-0.041,2.0571,3,99.0
circuit_1145.jpg,671,382,1,2,-0.3481,1.3378,4,104.0
circuit_1145.jpg,295,408,1,2,-0.5769,0.6361,0,96.5
circuit_1145.jpg,677,478,1,2,-0.2622,1.6013,6,99.0
circuit_1145.jpg,677,594,1,2,-0.0909,1.4714,4,90.0
circuit_1145.jpg,475,602,1,4,-0.18,1.3277,8,95.0
circuit_1145.jpg,498,605,1,2,-0.5149,1.2039,4,110.0
circuit_1145.jpg,306,608,1,3,-0.2004,1.5133,13,101.5
circuit_1145.jpg,142,614,0,2,-0.173,1.6819,4,96.0
circuit_1153.jpg,486,259,0,2,-0.0027,1.3296,8,95.0
circuit_1153.jpg,504,260,0,2,-0.3733,1.1767,3,102.0
circuit_1153.jpg,638,283,0,2,0.0536,2.1575,28,102.0
circuit_1153.jpg,807,286,0,2,-0.0963,1.6117,14,98.0
circuit_1153.jpg,51,291,0,2,-0.1398,2.9269,14,99.0
circuit_1153.jpg,76,293,0,3,0.3343,1.9485,36,91.0
circuit_1153.jpg,120,295,0,2,-0.1131,1.7994,7,100.5
circuit_1153.jpg,806,320,0,2,-0.2302,2.5183,24,102.0
circuit_1153.jpg,75,330,0,1,0.1482,1.9814,18,93.0
circuit_1153.jpg,638,347,0,3,0.0114,2.2579,35,97.0
circuit_1153.jpg,337,352,1,3,0.0139,2.3344,27,95.0
circuit_1153.jpg,515,350,0,3,0.1815,2.0071,37,94.0
circuit_1153.jpg,176,351,0,3,0.2024,1.8741,34,88.0
circuit_1153.jpg,998,355,0,2,0.1346,2.5107,32,100.0
circuit_1153.jpg,804,359,0,3,0.1744,2.0233,29,102.0
circuit_1153.jpg,514,370,0,3,0.1215,2.3301,32,88.0
circuit_1153.jpg,655,372,0,2,0.0928,1.6891,18,94.0
circuit_1153.jpg,358,394,1,1,-0.0116,1.8848,25,98.0
circuit_1153.jpg,838,406,0,1,-0.2428,1.7404,11,100.0
circuit_1153.jpg,809,416,0,4,-0.0422,1.6981,8,89.0
circuit_1153.jpg,762,414,0,2,-0.0858,1.9471,13,82.0
circuit_1153.jpg,827,425,0,2,-0.3197,1.8009,9,92.0
circuit_1153.jpg,771,433,0,4,-0.7246,1.4261,3,89.0
circuit_1153.jpg,788,442,0,3,-1.1078,1.1819,1,98.0
circuit_1153.jpg,802,445,0,3,-0.6794,1.4764,2,102.0
circuit_1153.jpg,814,446,0,3,-0.5444,1.0377,1,100.0
circuit_1153.jpg,828,446,0,3,-0.212,1.8111,10,104.0
circuit_1153.jpg,645,448,0,2,0.0474,2.009,25,91.0
circuit_1153.jpg,270,474,0,2,-0.1435,1.4412,4,95.0
circuit_1153.jpg,358,474,1,3,0.1079,2.313,27,92.0
circuit_1153.jpg,518,482,0,2,-0.1191,1.4771,11,93.0
circuit_1153.jpg,997,486,0,2,-0.0619,1.8291,17,93.0
circuit_1153.jpg,856,492,0,2,-0.0513,1.9098,15,83.0
circuit_1153.jpg,892,497,0,3,-0.0666,1.4152,11,89.0
circuit_1153.jpg,265,508,0,4,-0.1921,1.1639,1,84.0
circuit_1153.jpg,313,500,0,3,-0.364,1.5421,7,89.0
circuit_1153.jpg,862,505,0,2,-0.0278,1.5915,12,86.0
circuit_1153.jpg,291,508,0,4,-0.089,1.5988,11,87.0
circuit_1153.jpg,912,504,0,3,-0.0017,1.8359,22,94.0
circuit_1153.jpg,314,510,0,3,0.0802,1.2838,13,87.0
circuit_1153.jpg,328,508,1,3,-0.1792,1.7069,15,88.0
circuit_1153.jpg,929,509,0,2,-0.8126,0.5781,0,92.0
circuit_1153.jpg,358,514,1,3,-0.077,2.268,22,89.0
circuit_1153.jpg,645,520,0,3,-0.0857,2.0152,13,85.0
circuit_1153.jpg,520,522,0,3,0.2365,2.0597,22,80.0
circuit_1153.jpg,930,522,0,2,0.1791,1.4875,4,91.0
circuit_1153.jpg,548,523,0,2,-0.3682,1.2168,2,88.0
circuit_1153.jpg,826,524,0,3,-0.0327,1.8765,20,88.0
circuit_1153.jpg,996,526,0,3,-0.0082,1.875,31,88.0
circuit_1153.jpg,40,534,0,2,0.0637,1.6871,14,92.0
circuit_1153.jpg,72,535,0,2,-0.5107,1.1613,1,90.0
circuit_1153.jpg,86,537,0,3,0.0241,2.0196,20,89.0
circuit_1153.jpg,250,542,1,3,-0.2114,1.9846,19,90.0
circuit_1153.jpg,583,549,0,3,0.0915,1.4948,3,85.0
circuit_1153.jpg,542,546,0,3,-0.6534,1.7854,4,79.0
circuit_1153.jpg,663,546,0,1,-0.2229,2.1407,18,91.0
circuit_1153.jpg,998,552,0,2,-0.0167,2.013,13,84.5
circuit_1153.jpg,604,556,0,3,0.1493,1.7307,24,90.0
circuit_1153.jpg,519,562,0,3,-0.0312,2.0078,20,87.0
circuit_1153.jpg,98,607,0,2,0.1866,2.0575,32,89.0
circuit_1153.jpg,719,613,0,3,-0.0518,2.2507,13,76.0
circuit_1153.jpg,750,625,0,3,-0.1536,1.5359,5,80.0
circuit_1153.jpg,723,630,0,3,-0.0432,1.6223,13,80.0
circuit_1153.jpg,714,633,0,2,-0.4708,0.9684,0,80.0
circuit_1153.jpg,798,644,0,3,-0.315,1.6309,2,82.0
circuit_1153.jpg,632,649,0,2,-0.1229,1.563,10,87.0
circuit_1153.jpg,518,662,0,2,0.0948,1.8868,15,89.0
circuit_1153.jpg,581,675,0,4,-0.1338,1.5652,14,85.0
circuit_1153.jpg,603,668,0,3,0.052,1.7124,8,89.0
circuit_1153.jpg,548,686,0,2,-0.0038,1.1903,5,81.0
circuit_1153.jpg,600,683,0,2,-0.0695,1.6872,14,89.0
circuit_1153.jpg,518,702,0,3,-0.0224,2.0439,16,83.0
circuit_1153.jpg,546,701,0,3,-0.2438,1.4868,7,80.0
circuit_1153.jpg,820,712,0,4,-0.0327,1.8917,20,83.0
circuit_1153.jpg,636,725,0,3,-0.0252,1.7713,18,86.0
circuit_1153.jpg,518,728,0,2,-0.3152,1.4331,15,85.0
circuit_1153.jpg,816,729,0,3,-0.2359,2.1846,17,84.0
circuit_1153.jpg,654,756,0,2,-0.154,1.7611,20,88.0
circuit_1162.jpg,584,320,0,1,-0.6418,1.4412,3,105.0
circuit_1162.jpg,623,326,0,4,0.192,1.7078,19,100.0
circuit_1162.jpg,635,324,0,2,-0.622,0.9506,0,99.0
circuit_1162.jpg,596,331,0,3,-0.1337,1.7163,7,102.0
circuit_1162.jpg,626,356,0,2,-0.174,1.1836,1,103.0
circuit_1162.jpg,350,357,0,3,-0.2356,1.4577,14,95.0
circuit_1162.jpg,672,358,0,3,-0.0874,1.4466,5,100.0
circuit_1162.jpg,514,359,0,3,-0.3506,1.7062,7,96.0
circuit_1162.jpg,817,359,0,2,-0.0269,1.6821,7,101.0
circuit_1162.jpg,515,372,0,2,-0.2338,1.4236,3,97.0
circuit_1162.jpg,517,384,0,1,-0.1313,1.2444,6,101.0
circuit_1162.jpg,90,438,0,3,-0.0652,1.6047,8,89.0
circuit_1162.jpg,53,441,0,1,-2.2753,-1.7108,0,90.0
circuit_1162.jpg,127,447,0,2,-0.2399,1.2148,5,86.0
circuit_1162.jpg,429,457,0,2,-0.0495,2.1321,20,96.0
circuit_1162.jpg,469,461,0,5,0.2557,1.4208,11,96.0
circuit_1162.jpg,128,476,1,4,0.2689,1.9115,35,84.0
circuit_1162.jpg,356,482,1,3,0.0752,1.5279,20,86.0
circuit_1162.jpg,818,482,0,4,-0.0274,1.8617,19,88.0
circuit_1162.jpg,912,482,0,2,-0.3455,1.0457,3,95.0
circuit_1162.jpg,459,486,0,3,-0.1191,0.9507,0,87.0
circuit_1162.jpg,472,486,0,3,-0.4093,0.9515,0,89.0
circuit_1162.jpg,528,486,1,4,0.1999,1.6885,28,82.0
circuit_1162.jpg,682,486,1,4,0.0416,1.5998,20,84.0
circuit_1162.jpg,355,508,1,2,0.0863,1.5826,9,95.0
circuit_1162.jpg,820,510,0,2,-0.1019,1.8483,12,95.0
circuit_1162.jpg,917,514,0,2,-0.3059,1.8274,5,94.0
circuit_1162.jpg,355,596,1,2,-0.0144,1.7413,15,95.0
circuit_1162.jpg,121,642,0,2,-0.0733,1.9035,18,84.0
circuit_1162.jpg,689,646,1,2,-0.0829,1.5614,4,92.0
circuit_1162.jpg,355,655,1,3,0.1043,1.7538,21,84.0
circuit_1162.jpg,538,663,1,3,-0.0533,1.8804,9,86.0
circuit_1162.jpg,579,667,1,2,-0.2558,0.7759,0,80.5
circuit_1162.jpg,690,667,1,3,0.0007,1.5666,19,87.0
circuit_1166.jpg,198,144,1,2,0.1313,2.1559,23,95.0
circuit_1166.jpg,492,146,1,3,0.2139,1.5646,20,89.0
circuit_1166.jpg,502,147,1,2,-0.5773,0.8849,0,89.0
circuit_1166.jpg,562,151,1,2,-0.3759,0.5448,0,96.0
circuit_1166.jpg,686,158,1,2,-0.1696,0.7281,0,103.0
circuit_1166.jpg,706,159,1,2,-0.1072,0.9014,0,96.0
circuit_1166.jpg,756,161,1,2,-0.0885,1.5022,4,91.0
circuit_1166.jpg,197,270,1,3,0.0906,1.7332,23,77.0
circuit_1166.jpg,104,271,1,2,-0.1632,2.2222,8,89.0
circuit_1166.jpg,712,272,0,2,-0.2886,1.1741,1,92.0
circuit_1166.jpg,843,322,0,2,0.0751,1.6855,10,94.0
circuit_1166.jpg,846,348,0,2,-0.0258,2.046,16,97.0
circuit_1166.jpg,849,374,0,2,-0.2722,1.2555,3,88.0
circuit_1166.jpg,622,396,0,2,-0.0285,2.1217,13,84.0
circuit_1166.jpg,852,400,0,4,0.0833,1.7207,7,72.0
circuit_1166.jpg,732,401,0,2,-0.142,1.4311,10,77.0
circuit_1166.jpg,416,409,1,4,0.0715,1.6333,12,71.0
circuit_1166.jpg,257,410,1,3,-0.0298,1.3459,7,88.0
circuit_1166.jpg,210,411,1,2,0.1948,1.3902,8,73.0
circuit_1166.jpg,722,415,1,2,-0.1111,1.3711,7,81.0
circuit_1166.jpg,854,420,0,2,-0.1848,1.8483,13,84.5
circuit_1166.jpg,711,422,1,2,-0.0426,1.7309,16,83.0
circuit_1166.jpg,422,432,1,2,-0.3223,1.8702,3,86.0
circuit_1166.jpg,855,434,0,2,-0.1485,1.8901,13,85.0
circuit_1166.jpg,815,490,0,2,-0.4517,1.2877,5,79.0
circuit_1166.jpg,854,490,0,3,-0.1326,1.9764,8,71.0
circuit_1166.jpg,434,502,1,2,0.0214,1.4488,15,84.0
circuit_1166.jpg,723,526,1,2,-0.1582,1.4583,4,82.0
circuit_1166.jpg,126,518,0,1,-0.2258,1.1158,4,86.0
circuit_1166.jpg,859,525,0,2,-0.1601,1.8653,8,85.0
circuit_1166.jpg,182,521,0,2,-0.0946,1.7369,11,84.0
circuit_1166.jpg,124,530,0,2,-0.249,1.2321,4,87.0
circuit_1166.jpg,863,556,0,1,0.1095,1.6978,10,72.0
circuit_1166.jpg,123,569,1,2,0.0406,1.7541,19,79.0
circuit_1166.jpg,731,572,0,3,0.0338,1.9211,19,70.0
circuit_1166.jpg,264,602,1,2,-0.1511,1.5852,8,83.0
circuit_1166.jpg,729,604,1,2,-0.1864,1.6687,9,89.0
circuit_1166.jpg,821,608,0,2,-0.0119,2.0818,19,88.0
circuit_1166.jpg,259,620,1,2,-0.1461,1.723,9,83.0
circuit_1166.jpg,171,630,1,2,-0.3396,1.8032,11,84.0
circuit_1166.jpg,118,648,1,2,-0.2758,1.508,1,83.0
circuit_1166.jpg,823,656,0,2,-0.2296,1.8252,13,87.0
circuit_1166.jpg,459,668,1,3,0.1923,1.8097,27,81.0
circuit_1166.jpg,878,678,0,2,-0.2322,1.4628,4,79.5
circuit_1166.jpg,882,696,0,2,-0.1737,1.5764,10,80.0
circuit_1166.jpg,510,726,1,2,-0.2954,1.5938,5,85.0
circuit_1166.jpg,513,736,1,1,-0.1298,1.3648,12,84.0
circuit_1166.jpg,562,742,1,2,-0.0406,1.0246,1,81.0
circuit_1166.jpg,830,762,0,2,-0.0647,1.8621,9,79.0
circuit_1166.jpg,597,766,1,2,-0.0343,1.8985,11,78.0
circuit_1166.jpg,592,776,1,2,-0.4984,1.2038,2,79.0
circuit_1166.jpg,115,778,1,2,-0.1282,1.1085,2,83.0
circuit_1166.jpg,731,788,1,2,-0.1735,1.7256,7,82.0
circuit_1166.jpg,733,802,1,2,-0.1318,1.7225,7,82.0
circuit_1166.jpg,166,816,1,3,-0.0723,1.7778,21,78.0
circuit_1166.jpg,447,821,1,2,-0.2294,1.518,10,69.0
circuit_1166.jpg,231,822,1,2,-0.1624,1.2266,8,70.0
circuit_1166.jpg,591,825,1,3,0.129,1.3977,15,68.0
circuit_1166.jpg,434,827,1,2,-0.4188,0.8516,0,68.5
circuit_1166.jpg,786,833,1,2,-0.595,0.9314,0,78.0
circuit_1166.jpg,290,831,1,2,-0.2366,1.1228,5,75.0
circuit_1166.jpg,616,833,1,2,-0.173,1.1904,3,83.0
circuit_1166.jpg,628,834,1,2,-0.1202,1.3626,5,81.0
circuit_1166.jpg,734,834,1,3,-0.2378,1.8026,6,72.0
circuit_1166.jpg,893,840,1,3,0.0926,1.6146,18,69.0
circuit_1172.jpg,812,94,0,1,-0.3651,1.2568,8,90.5
circuit_1172.jpg,496,100,1,3,0.1073,1.9897,12,91.0
circuit_1172.jpg,213,112,1,2,0.0259,2.0549,21,94.0
circuit_1172.jpg,213,124,1,2,-0.2678,1.8801,11,95.0
circuit_1172.jpg,830,170,0,2,-0.1811,1.3097,4,92.0
circuit_1172.jpg,831,186,0,2,-0.1557,2.2967,12,90.0
circuit_1172.jpg,736,249,0,2,-0.275,1.4078,7,89.0
circuit_1172.jpg,159,254,0,1,-0.2471,1.2777,4,95.0
circuit_1172.jpg,161,268,1,2,-0.1986,1.6078,13,82.0
circuit_1172.jpg,222,271,1,3,-0.1219,1.4929,14,78.0
circuit_1172.jpg,839,302,0,1,-0.276,2.096,13,84.0
circuit_1172.jpg,739,417,0,2,-0.122,2.0883,16,75.0
circuit_1172.jpg,480,434,1,4,-0.0084,1.9818,22,79.0
circuit_1172.jpg,756,440,0,3,-0.0589,1.7008,22,84.0
circuit_1172.jpg,243,440,1,3,0.0065,1.7968,23,77.0
circuit_1172.jpg,845,443,0,4,-0.1136,1.721,19,78.0
circuit_1172.jpg,740,468,0,2,-0.094,1.4032,10,76.0
circuit_1172.jpg,846,468,0,2,-0.2441,1.5776,10,81.0
circuit_1172.jpg,847,484,0,2,-0.0383,1.6927,14,80.0
circuit_1172.jpg,200,516,0,1,-0.4625,1.3741,2,81.0
circuit_1172.jpg,79,580,1,3,-0.1292,1.2664,10,76.0
circuit_1172.jpg,848,604,0,3,-0.2231,1.3982,9,71.0
circuit_1172.jpg,76,654,1,2,-0.2241,1.1527,1,84.0
circuit_1172.jpg,728,656,0,2,-0.1722,1.7288,11,82.0
circuit_1172.jpg,725,688,0,3,-0.0628,1.7525,18,73.0
circuit_1172.jpg,482,704,1,3,-0.0394,1.7011,20,76.0
circuit_1172.jpg,538,794,1,2,-0.1335,2.3389,24,79.0
circuit_1172.jpg,584,810,1,3,-0.135,1.2765,6,77.0
circuit_1172.jpg,783,831,0,2,-0.1636,1.843,10,77.0
circuit_1172.jpg,60,883,1,2,-0.1764,1.4635,6,83.0
circuit_1172.jpg,240,885,1,3,-0.0023,1.2722,4,62.0
circuit_1172.jpg,162,888,1,3,-0.2486,1.9091,14,81.0
circuit_1172.jpg,216,888,1,2,-0.4077,1.2758,5,74.0
circuit_1172.jpg,487,898,1,3,-0.1974,1.7239,13,75.0
circuit_1172.jpg,576,906,1,3,-0.1896,1.3012,7,84.0
circuit_1172.jpg,714,916,1,3,-0.0458,1.6108,14,79.0
circuit_1172.jpg,852,918,1,3,-0.04,1.8063,14,72.0
circuit_1183.jpg,672,374,0,2,-0.4766,0.7347,0,109.0
circuit_1183.jpg,588,375,0,3,-0.3315,1.5297,4,103.0
circuit_1183.jpg,744,375,0,2,-0.3006,0.8377,0,118.0
circuit_1183.jpg,426,377,1,3,0.0163,1.3508,12,103.0
circuit_1183.jpg,745,622,0,1,-0.1341,1.6882,12,80.0
circuit_1183.jpg,438,636,0,2,-0.1986,1.1998,5,91.0
circuit_1183.jpg,602,643,1,3,-0.5314,2.2992,5,94.0
circuit_1183.jpg,196,649,1,2,-0.228,1.1613,6,94.5
circuit_1183.jpg,392,650,1,2,-0.4332,1.0792,1,98.0
circuit_1183.jpg,437,650,1,4,-0.1808,1.6053,4,91.0
circuit_1194.jpg,760,96,0,2,-0.1347,2.0853,6,109.0
circuit_1194.jpg,173,102,0,2,-0.0665,2.5374,21,104.5
circuit_1194.jpg,759,130,0,2,0.1563,1.9003,14,110.0
circuit_1194.jpg,169,181,0,3,0.2253,1.6553,9,86.0
circuit_1194.jpg,546,194,0,3,0.2572,1.4589,20,92.0
circuit_1194.jpg,604,194,0,2,-0.4261,0.9809,0,107.0
circuit_1194.jpg,388,198,0,3,0.109,1.3375,11,89.0
circuit_1194.jpg,760,212,0,3,0.2545,1.6415,20,86.0
circuit_1194.jpg,994,212,0,2,0.0185,2.59,18,101.5
circuit_1194.jpg,542,239,1,2,0.0154,1.6416,13,88.0
circuit_1194.jpg,539,290,1,2,-0.2653,1.5243,5,84.0
circuit_1194.jpg,458,296,1,2,-0.0556,1.5077,8,78.0
circuit_1194.jpg,996,362,0,2,-0.2918,1.0376,1,91.0
circuit_1194.jpg,995,410,0,2,-0.5027,1.6996,4,89.0
circuit_1194.jpg,700,418,0,2,0.0029,1.6192,13,93.0
circuit_1194.jpg,854,417,0,2,-0.1253,1.6466,4,92.0
circuit_1194.jpg,281,488,0,2,-0.1018,1.3946,12,86.0
circuit_1194.jpg,694,490,0,3,0.0387,1.9253,4,71.0
circuit_1194.jpg,424,490,1,3,0.137,1.3629,4,70.0
circuit_1194.jpg,463,492,1,4,-0.2132,1.1911,4,70.0
circuit_1194.jpg,852,504,0,2,0.0407,1.3729,6,79.0
circuit_1194.jpg,990,511,0,3,0.122,1.3954,6,70.0
circuit_1194.jpg,672,535,0,2,0.0475,1.6111,10,82.0
circuit_1194.jpg,277,589,1,3,0.0194,0.9458,0,69.0
circuit_1194.jpg,422,604,1,2,-0.3205,1.5448,2,78.0
circuit_1194.jpg,285,621,0,2,-0.1556,1.482,3,74.0
circuit_1194.jpg,995,694,0,2,-0.0988,1.423,6,81.0
circuit_1194.jpg,654,712,0,2,-0.0085,2.0589,18,95.0
circuit_1194.jpg,820,716,0,2,-0.0627,1.2373,8,80.0
circuit_1194.jpg,650,799,0,3,0.0536,1.4965,3,72.0
circuit_1194.jpg,453,797,0,2,-0.0565,1.5093,6,71.0
circuit_1194.jpg,823,822,0,3,0.0834,1.14,4,71.0
circuit_1194.jpg,658,847,0,2,0.0191,1.2676,5,70.0
circuit_1201.jpg,474,168,0,3,-0.2842,1.8233,8,115.0
circuit_1201.jpg,250,270,0,3,0.1526,2.0465,36,95.0
circuit_1201.jpg,173,273,0,2,0.0404,2.0129,25,92.0
circuit_1201.jpg,719,342,1,2,0.0497,1.7481,24,87.0
circuit_1201.jpg,465,428,1,4,0.2712,2.0313,32,84.0
circuit_1201.jpg,807,426,0,4,0.1575,1.6598,17,76.0
circuit_1201.jpg,243,428,0,3,0.0435,1.8456,12,80.0
circuit_1201.jpg,682,427,0,2,-0.1213,1.2907,4,96.0
circuit_1201.jpg,865,428,0,2,0.1083,1.8381,20,92.0
circuit_1201.jpg,567,522,0,2,0.021,1.7644,15,88.0
circuit_1201.jpg,49,554,0,3,0.0849,1.5197,17,81.0
circuit_1201.jpg,812,600,0,3,0.2418,1.5299,20,75.0
circuit_1201.jpg,721,624,0,3,0.2302,1.5414,16,75.0
circuit_1201.jpg,722,640,0,2,-0.439,0.8805,0,82.0
circuit_1201.jpg,454,652,1,2,-0.6174,0.8899,0,77.0
circuit_1201.jpg,724,666,0,2,0.0191,1.5318,8,75.0
circuit_1201.jpg,561,668,0,2,-0.4554,1.3579,3,79.0
circuit_1201.jpg,453,672,1,2,-0.4563,0.8982,0,73.0
circuit_1201.jpg,138,679,1,3,-0.5105,0.7074,0,85.0
circuit_1201.jpg,114,683,0,2,-0.3275,1.3495,1,84.0
circuit_1201.jpg,68,694,0,2,-0.8107,0.3742,0,83.0
circuit_1201.jpg,95,692,0,3,0.0308,2.0131,13,83.0
circuit_1201.jpg,82,696,0,2,-0.2875,1.338,4,83.0
circuit_1201.jpg,818,726,0,2,0.0147,1.5908,7,78.0
circuit_1201.jpg,453,744,1,3,-0.2973,0.7363,0,70.0
circuit_1201.jpg,643,775,1,2,0.0991,2.0032,28,93.0
circuit_1201.jpg,784,777,0,1,-0.2519,1.3777,8,79.0
circuit_1201.jpg,644,798,1,2,0.0085,1.5558,11,79.0
circuit_1201.jpg,552,803,1,2,-0.095,1.2768,4,68.0
circuit_1201.jpg,459,810,1,2,0.1057,1.3322,12,63.0
circuit_1201.jpg,568,814,1,2,0.0032,1.3626,6,71.0
circuit_1201.jpg,459,850,1,2,-0.0408,1.4727,6,72.0
circuit_1201.jpg,722,852,1,3,-0.1494,1.1479,4,74.0
circuit_1201.jpg,816,857,1,3,-0.09,1.673,12,68.0
circuit_1201.jpg,663,858,1,2,-0.1315,1.7562,12,82.0
circuit_1201.jpg,30,923,0,2,-0.2377,1.6577,2,76.0
circuit_1201.jpg,128,928,1,3,-0.0172,1.7152,14,76.0
circuit_1201.jpg,130,939,1,2,-0.2586,1.3424,3,75.0
circuit_1201.jpg,225,948,1,3,-0.0993,1.5994,6,73.0
circuit_1201.jpg,566,946,1,3,0.0678,1.7157,10,78.0
circuit_1201.jpg,655,949,1,2,-0.1559,1.8248,9,91.0
circuit_1201.jpg,273,950,0,4,-0.0561,1.7919,12,108.0
circuit_1201.jpg,332,950,0,2,-0.0652,1.7741,8,94.0
circuit_1201.jpg,468,950,1,3,0.0515,1.25,9,75.0
circuit_1202.jpg,706,368,1,3,-0.1397,1.5171,14,84.0
circuit_1202.jpg,165,370,1,3,0.0319,1.5999,9,91.0
circuit_1202.jpg,550,371,1,2,-0.1759,1.6622,7,86.0
circuit_1202.jpg,586,371,1,3,-0.2558,1.7636,5,84.0
circuit_1202.jpg,466,373,1,3,-0.0041,1.3312,7,82.0
circuit_1202.jpg,477,550,1,2,-0.183,1.4034,4,97.0
circuit_1202.jpg,604,556,0,2,-0.2826,1.5079,3,97.0
circuit_1202.jpg,717,599,1,3,0.1438,1.6922,6,83.0
circuit_1202.jpg,851,601,1,2,-0.0063,1.4734,4,86.0
circuit_1202.jpg,603,610,1,4,0.0161,2.1207,14,88.0
circuit_1202.jpg,478,616,1,3,0.0498,1.3814,11,86.0
circuit_1202.jpg,158,616,1,2,0.0014,1.1724,1,89.0
circuit_1203.jpg,215,373,0,2,-0.0482,1.1387,2,80.0
circuit_1203.jpg,364,373,0,2,-0.0721,1.6388,7,79.0
circuit_1203.jpg,420,373,0,3,-0.1936,1.0457,1,68.0
circuit_1203.jpg,639,382,0,3,-0.2229,1.1001,3,80.0
circuit_1203.jpg,776,382,0,2,0.0167,1.1904,2,79.0
circuit_1203.jpg,849,388,0,1,-0.4348,0.8889,0,75.0
circuit_1203.jpg,491,414,0,2,-0.3069,1.345,4,97.5
circuit_1203.jpg,635,414,0,3,-0.3201,1.009,1,72.0
circuit_1203.jpg,508,411,0,3,-0.5005,0.7822,0,102.0
circuit_1203.jpg,522,411,0,2,-0.0918,2.3461,9,103.5
circuit_1203.jpg,585,419,0,7,-0.2655,1.2186,5,82.0
circuit_1203.jpg,508,419,0,3,-0.0378,1.6453,12,102.0
circuit_1203.jpg,524,419,0,4,-1.0322,0.4702,0,101.0
circuit_1203.jpg,558,420,0,3,-0.0671,2.0869,6,102.0
circuit_1203.jpg,568,423,0,3,-0.1213,1.7073,11,101.0
circuit_1203.jpg,457,536,0,2,-0.7158,1.3575,2,81.0
circuit_1203.jpg,225,547,0,2,0.1406,1.022,1,77.0
circuit_1203.jpg,244,546,0,3,-0.1429,1.5327,2,85.0
circuit_1203.jpg,282,550,0,3,-0.0582,1.5096,16,96.0
circuit_1203.jpg,299,550,0,3,-0.0744,1.8048,7,96.5
circuit_1203.jpg,326,547,0,2,0.2116,1.5077,11,96.0
circuit_1203.jpg,455,550,0,3,-0.3322,1.1903,5,84.5
circuit_1203.jpg,466,548,0,3,-0.2152,1.7225,6,84.0
circuit_1203.jpg,498,555,0,3,-0.4845,1.3908,2,76.0
circuit_1203.jpg,855,584,0,2,-0.2786,0.6368,0,78.0
circuit_1203.jpg,435,586,0,2,-0.4633,1.4278,1,75.0
circuit_1203.jpg,221,649,0,2,-0.466,1.0004,1,74.0
circuit_1203.jpg,854,647,0,2,-0.3386,1.1761,4,76.0
circuit_1203.jpg,788,649,0,2,-0.1136,1.7707,3,111.0
circuit_1203.jpg,432,652,0,3,0.0971,1.5328,11,104.0
circuit_1203.jpg,641,655,0,3,0.0152,2.0479,24,93.0
circuit_1204.jpg,198,330,1,2,0.3068,1.9864,31,116.0
circuit_1204.jpg,589,350,1,2,0.0241,2.5169,20,117.0
circuit_1204.jpg,203,409,1,3,0.0602,1.653,27,106.0
circuit_1204.jpg,467,410,1,3,-0.0649,1.7178,5,104.0
circuit_1204.jpg,540,412,1,2,-0.2828,1.688,3,146.5
circuit_1204.jpg,552,413,1,2,0.2826,2.0777,9,148.0
circuit_1204.jpg,594,415,1,3,0.2275,2.1825,32,130.0
circuit_1204.jpg,610,417,1,2,-0.2442,1.7716,7,135.0
circuit_1204.jpg,770,423,1,2,-0.0829,1.7577,7,142.0
circuit_1204.jpg,214,548,1,2,-0.3111,1.808,4,104.0
circuit_1204.jpg,216,586,1,2,-0.0262,2.4962,20,105.0
circuit_1204.jpg,477,590,1,3,0.1362,1.7324,23,93.0
circuit_1205.jpg,398,380,0,3,0.2877,1.7749,18,89.0
circuit_1205.jpg,362,381,0,2,-0.3509,1.0781,3,100.5
circuit_1205.jpg,139,387,0,2,0.0425,1.3768,10,90.0
circuit_1205.jpg,177,614,1,2,-0.1859,1.1527,3,86.0
circuit_1205.jpg,420,617,1,3,-0.2304,1.5281,3,78.0
circuit_1205.jpg,456,616,1,3,-0.1115,1.8044,15,83.0
circuit_1205.jpg,706,617,1,2,0.0356,1.6458,10,79.0
circuit_1205.jpg,252,628,1,2,-0.4109,0.9942,0,86.0
circuit_1205.jpg,181,631,1,1,0.1037,1.818,23,85.0
circuit_1209.jpg,62,45,1,2,-0.0805,1.0888,2,99.0
circuit_1209.jpg,257,56,1,3,0.1642,2.1707,22,101.0
circuit_1209.jpg,415,61,1,3,0.3062,2.8419,39,100.0
circuit_1209.jpg,52,64,1,1,-0.258,1.1183,1,101.0
circuit_1209.jpg,628,70,1,3,0.092,2.0798,32,112.0
circuit_1209.jpg,790,90,1,2,-0.154,1.5463,8,102.0
circuit_1209.jpg,261,94,1,2,-0.0421,2.0088,14,99.0
circuit_1209.jpg,794,110,1,2,-0.04,1.6222,14,98.0
circuit_1209.jpg,422,110,1,2,-0.2378,1.5127,7,99.0
circuit_1209.jpg,798,129,1,2,-0.1335,1.4201,10,95.0
circuit_1209.jpg,425,128,1,2,-0.2656,1.4717,5,98.0
circuit_1209.jpg,632,138,1,2,-0.2078,1.928,7,96.0
circuit_1209.jpg,268,152,1,2,-0.1514,1.4699,7,93.0
circuit_1209.jpg,56,162,1,2,-0.265,2.8813,14,100.0
circuit_1209.jpg,270,164,1,2,-0.1925,1.583,10,93.0
circuit_1209.jpg,430,164,1,2,-0.0977,1.6137,9,95.0
circuit_1209.jpg,434,182,1,1,-0.2136,1.9722,10,92.0
circuit_1209.jpg,54,211,1,3,0.122,1.379,20,79.0
circuit_1209.jpg,437,210,1,2,-0.0443,1.9298,15,90.0
circuit_1209.jpg,278,228,1,4,0.1382,1.739,23,82.0
circuit_1209.jpg,392,235,1,2,0.0377,1.6692,7,104.0
circuit_1209.jpg,704,248,1,2,-0.0007,1.9478,16,123.0
circuit_1209.jpg,772,255,1,2,-0.0012,2.0151,9,119.0
circuit_1209.jpg,794,258,1,3,0.1254,1.6601,25,86.0
circuit_1209.jpg,470,261,1,2,-0.2014,1.5647,5,93.0
circuit_1209.jpg,448,268,1,2,-0.1615,1.5148,3,88.0
circuit_1209.jpg,798,314,1,1,-0.2181,2.0121,8,88.0
circuit_1209.jpg,451,376,1,2,-0.1139,2.305,19,90.0
circuit_1209.jpg,454,395,1,2,-0.2409,1.8911,7,85.0
circuit_1209.jpg,457,405,1,2,-0.0965,2.0351,16,84.0
circuit_1209.jpg,284,421,1,3,-0.0618,1.8829,16,80.0
circuit_1209.jpg,496,428,1,3,-0.1023,1.8483,11,92.5
circuit_1209.jpg,796,432,1,3,0.0983,2.1654,28,85.0
circuit_1209.jpg,648,439,1,3,-0.206,1.4126,2,93.0
circuit_1209.jpg,470,456,1,2,0.1268,1.8136,12,80.0
circuit_1209.jpg,471,576,1,2,0.1168,1.8483,12,75.0
circuit_1209.jpg,281,598,0,3,-0.0123,1.6619,14,76.0
circuit_1209.jpg,388,600,0,2,-0.4636,1.2466,1,95.0
circuit_1209.jpg,412,601,0,2,-0.3925,1.5607,6,94.5
circuit_1209.jpg,436,602,0,2,-0.1767,1.6532,7,94.0
circuit_1209.jpg,505,604,1,3,-0.0295,1.3704,6,87.0
circuit_1209.jpg,679,607,1,2,0.157,2.0767,17,90.0
circuit_1209.jpg,795,610,1,3,0.086,1.9454,21,81.0
circuit_1209.jpg,655,615,1,3,-0.4866,0.7249,0,93.0
circuit_1209.jpg,454,635,1,2,-0.1322,1.511,5,81.5
circuit_1209.jpg,285,674,0,2,-0.0576,2.2787,12,81.0
circuit_1209.jpg,659,736,0,2,-0.0719,1.5912,7,78.0
circuit_1209.jpg,677,740,0,3,-0.1822,1.4115,4,78.0
circuit_1209.jpg,740,739,0,2,0.0091,1.2074,4,84.0
circuit_1209.jpg,658,746,0,3,-0.2803,1.575,10,80.0
circuit_1209.jpg,465,793,0,3,0.0575,1.5456,17,73.0
circuit_1209.jpg,782,808,0,3,0.0592,1.8933,14,77.0
circuit_1209.jpg,653,826,0,2,-0.2169,1.2793,6,84.0
circuit_1209.jpg,50,863,0,2,-0.0114,1.8412,23,84.0
circuit_1209.jpg,291,888,0,3,0.4184,2.3331,47,101.0
circuit_1209.jpg,364,896,0,2,-0.0179,1.8582,6,117.0
circuit_1209.jpg,384,898,0,2,-0.116,1.8088,5,115.0
circuit_1209.jpg,658,904,0,2,-0.2806,1.5157,4,80.0
circuit_1209.jpg,440,906,0,2,-0.0611,1.1523,7,116.0
circuit_1209.jpg,467,912,0,4,0.1673,1.9489,15,77.0
circuit_1209.jpg,496,916,0,2,-0.0289,1.4568,12,115.0
circuit_1209.jpg,566,924,0,2,-0.0501,1.6283,5,75.0
circuit_1209.jpg,588,926,0,2,-0.5838,1.1624,4,83.5
circuit_1209.jpg,600,929,0,2,-0.4884,1.3665,2,99.0
circuit_1209.jpg,659,933,0,3,0.0855,1.7161,17,86.0
circuit_1209.jpg,770,945,0,2,-0.1109,1.5944,13,85.0
circuit_1233.jpg,456,253,1,3,0.3807,1.8142,57,99.5
circuit_1233.jpg,82,260,0,2,-0.172,2.2944,9,106.0
circuit_1233.jpg,233,262,0,3,0.0159,1.8574,18,101.0
circuit_1233.jpg,300,335,0,2,0.0789,1.886,23,99.0
circuit_1233.jpg,79,344,0,2,-0.4813,1.0441,1,105.0
circuit_1233.jpg,458,402,0,4,0.1611,1.8451,6,72.0
circuit_1233.jpg,700,400,0,2,-0.14,1.7094,9,95.0
circuit_1233.jpg,256,403,0,2,-0.434,1.4151,5,85.5
circuit_1233.jpg,286,404,0,2,0.014,1.6079,7,83.0
circuit_1233.jpg,882,474,0,2,-0.223,1.3826,2,85.0
circuit_1233.jpg,79,484,0,3,0.0809,1.5225,11,74.0
circuit_1233.jpg,166,481,0,3,0.1282,1.6189,15,77.0
circuit_1233.jpg,73,520,0,2,-0.2739,1.2362,8,89.0
circuit_1233.jpg,476,529,0,3,0.0442,1.5052,21,80.5
circuit_1233.jpg,696,529,0,3,0.1774,1.5199,28,79.0
circuit_1233.jpg,188,535,0,2,-0.1879,1.8691,13,90.0
circuit_1233.jpg,200,533,0,2,-0.259,1.5666,11,89.0
circuit_1233.jpg,302,535,0,3,0.266,1.388,19,77.0
circuit_1233.jpg,793,544,0,2,-0.1806,2.0433,10,92.0
circuit_1233.jpg,915,585,0,2,-0.3307,1.4994,2,83.0
circuit_1233.jpg,973,600,0,4,-0.0734,1.1802,5,79.0
circuit_1233.jpg,992,597,0,3,-0.2339,1.3537,6,80.0
circuit_1233.jpg,964,615,0,3,-0.3213,1.0975,2,82.0
circuit_1233.jpg,990,621,0,5,-0.0701,1.3405,10,77.0
circuit_1233.jpg,303,620,0,2,-0.1351,1.6813,13,87.0
circuit_1233.jpg,972,628,0,3,-0.3674,1.3647,1,83.0
circuit_1233.jpg,794,634,0,2,0.0642,2.0007,29,85.0
circuit_1233.jpg,71,638,0,2,-0.4348,1.0231,1,76.0
circuit_1233.jpg,970,646,0,2,-0.1673,0.827,0,85.5
circuit_1233.jpg,984,643,0,3,-0.2121,1.6408,9,85.0
circuit_1233.jpg,70,685,0,2,0.0082,2.0752,19,81.5
circuit_1233.jpg,863,687,0,3,-0.0227,1.2797,16,74.0
circuit_1233.jpg,190,688,0,3,-0.0669,1.4642,6,69.0
circuit_1233.jpg,352,690,0,3,-0.1993,1.7703,5,80.0
circuit_1233.jpg,480,689,0,3,-0.0203,1.3605,4,70.0
circuit_1233.jpg,693,693,0,3,0.0162,1.699,12,76.0
circuit_1233.jpg,966,692,0,2,-0.204,1.3501,4,66.0
circuit_1239.jpg,400,360,0,3,-0.0404,2.4916,12,97.0
circuit_1239.jpg,623,394,0,2,-0.373,1.0442,1,70.0
circuit_1239.jpg,215,502,0,3,-0.2264,1.5704,6,78.0
circuit_1239.jpg,407,502,0,4,-0.3194,1.2399,1,78.0
circuit_1239.jpg,622,510,0,3,-0.0783,1.1266,6,76.0
circuit_1239.jpg,219,657,0,2,-0.4337,1.9798,5,85.0
circuit_1239.jpg,416,655,0,4,-0.1017,1.2826,3,73.0
circuit_1239.jpg,624,656,0,2,-0.1819,1.3975,6,80.0
circuit_1241.jpg,330,149,1,2,-0.2996,1.4773,4,101.5
circuit_1241.jpg,426,154,1,2,-0.5134,1.0122,1,103.0
circuit_1241.jpg,502,154,1,3,0.142,1.7262,27,105.0
circuit_1241.jpg,658,270,0,2,-0.0688,1.3744,3,82.0
circuit_1241.jpg,694,272,0,2,-0.1982,0.998,0,95.0
circuit_1241.jpg,722,274,0,2,-0.2919,1.0267,1,96.0
circuit_1241.jpg,112,286,1,3,0.081,1.6989,23,88.0
circuit_1241.jpg,208,293,1,3,0.0585,1.8614,17,84.0
circuit_1241.jpg,215,398,1,2,0.0935,1.7102,10,77.0
circuit_1241.jpg,248,398,1,2,-0.1011,1.0625,2,92.0
circuit_1241.jpg,478,401,1,4,-0.0317,1.6792,18,82.0
circuit_1241.jpg,772,406,0,4,0.0096,1.2388,5,79.5
circuit_1241.jpg,590,408,0,2,-0.4127,0.5193,0,87.0
circuit_1241.jpg,615,411,0,2,-0.324,1.061,1,83.0
circuit_1241.jpg,586,425,0,4,-0.5456,1.1218,2,83.5
circuit_1241.jpg,608,428,0,4,-0.0809,1.194,1,82.0
circuit_1241.jpg,542,432,0,3,-0.227,1.2831,4,93.0
circuit_1241.jpg,565,430,0,3,-0.2367,1.5994,7,88.0
circuit_1241.jpg,116,436,1,3,-0.2378,1.2673,11,86.0
circuit_1241.jpg,150,504,1,2,-0.4993,0.5574,0,67.0
circuit_1241.jpg,776,513,0,2,0.1468,1.9153,12,83.0
circuit_1241.jpg,834,517,0,2,-0.1466,1.2339,4,85.0
circuit_1241.jpg,605,529,1,2,-0.3179,1.4217,2,87.0
circuit_1241.jpg,982,534,0,2,-0.1571,1.319,3,91.0
circuit_1241.jpg,607,544,1,2,-0.1092,1.4468,5,85.0
circuit_1241.jpg,989,572,0,2,-0.2389,1.0663,3,87.0
circuit_1241.jpg,992,592,0,2,-0.2176,1.4739,7,86.0
circuit_1241.jpg,728,614,0,2,-0.2533,1.7797,5,90.0
circuit_1241.jpg,773,617,0,2,-0.1205,1.8387,6,86.0
circuit_1241.jpg,990,618,0,2,-0.3179,1.3672,2,79.0
circuit_1241.jpg,889,621,0,2,-0.1967,1.5918,7,88.0
circuit_1241.jpg,956,622,0,3,-0.1961,1.3919,9,84.0
circuit_1241.jpg,612,630,1,2,-0.2972,1.6237,7,83.0
circuit_1241.jpg,476,638,1,2,-0.2674,1.3735,8,89.0
circuit_1241.jpg,956,638,0,2,-0.2654,0.9646,0,89.0
circuit_1241.jpg,202,646,1,2,-0.3152,1.44,3,92.0
circuit_1241.jpg,200,664,1,2,-0.2243,1.2876,4,88.0
circuit_1241.jpg,774,684,0,3,0.1577,1.4807,10,69.0
circuit_1241.jpg,482,720,1,2,-0.159,1.7102,11,78.0
circuit_1241.jpg,486,746,1,3,0.1489,1.5194,5,66.0
circuit_1241.jpg,726,771,0,2,-0.284,1.7744,4,85.0
circuit_1241.jpg,529,824,1,2,-0.3003,1.8365,4,78.0
circuit_1241.jpg,881,841,0,2,-0.2044,1.675,9,82.0
circuit_1241.jpg,128,907,1,2,0.0691,1.9569,9,80.0
circuit_1241.jpg,176,910,1,3,0.0481,1.3352,2,71.0
circuit_1241.jpg,488,917,1,3,-0.3389,1.6995,2,79.0
circuit_1241.jpg,600,920,1,3,-0.1657,1.7265,11,78.0
circuit_1241.jpg,731,925,1,3,-0.3804,1.3213,4,72.0
circuit_1243.jpg,201,208,0,2,-0.214,1.4729,10,99.0
circuit_1243.jpg,411,207,0,2,-0.4674,1.4489,2,103.0
circuit_1243.jpg,580,222,0,2,-0.1327,1.4811,16,104.0
circuit_1243.jpg,113,275,0,1,-0.159,1.7213,7,91.0
circuit_1243.jpg,197,278,0,3,0.0188,1.8227,9,95.0
circuit_1243.jpg,412,298,0,3,-0.1785,1.479,11,99.0
circuit_1243.jpg,582,300,0,2,-0.4952,1.691,4,90.0
circuit_1243.jpg,746,307,0,3,-0.2698,1.7301,8,97.0
circuit_1243.jpg,220,313,0,2,-0.5399,1.2283,1,95.0
circuit_1243.jpg,588,326,0,1,-0.2307,1.5278,11,93.0
circuit_1243.jpg,563,328,0,2,-0.4738,1.5226,2,97.5
circuit_1243.jpg,556,418,0,2,-0.1019,1.5722,12,92.0
circuit_1243.jpg,496,424,0,2,-0.4116,1.0746,1,95.5
circuit_1243.jpg,486,442,0,2,-0.2543,1.5719,4,92.0
circuit_1243.jpg,611,446,0,2,-0.3415,1.421,9,90.0
circuit_1243.jpg,482,490,0,2,-0.1226,1.5759,5,93.0
circuit_1243.jpg,608,516,0,3,-0.0917,1.413,13,86.0
circuit_1243.jpg,482,520,0,4,-0.1344,1.6033,2,76.0
circuit_1243.jpg,398,520,0,3,0.0302,1.7553,14,84.0
circuit_1243.jpg,859,522,0,2,-0.2104,1.2105,6,86.0
circuit_1243.jpg,179,528,0,2,-0.1674,1.2606,6,90.0
circuit_1243.jpg,751,528,0,3,-0.0924,1.8136,7,88.0
circuit_1243.jpg,616,553,0,2,-0.2879,1.2414,1,87.0
circuit_1243.jpg,397,590,0,2,-0.1228,1.6994,5,79.0
circuit_1243.jpg,94,595,1,2,-0.1362,1.4042,2,80.0
circuit_1243.jpg,173,595,1,3,-0.0129,1.697,12,85.0
circuit_1243.jpg,92,603,1,2,-0.3433,1.1547,3,80.0
circuit_1243.jpg,390,604,0,2,-0.1915,1.265,8,81.0
circuit_1243.jpg,200,631,0,2,-0.3168,0.9616,0,80.0
circuit_1243.jpg,766,658,0,2,-0.2701,1.5335,5,87.5
circuit_1243.jpg,598,675,0,2,-0.2809,1.323,1,89.0
circuit_1243.jpg,765,696,0,2,0.0733,1.3471,5,83.0
circuit_1243.jpg,856,743,0,2,-0.1667,1.2401,1,82.0
circuit_1243.jpg,594,744,0,3,-0.0911,1.4843,2,87.0
circuit_1243.jpg,490,747,0,2,-0.1386,1.9928,10,90.0
circuit_1243.jpg,763,752,0,3,-0.1183,1.9033,5,77.0
circuit_1243.jpg,592,790,0,2,-0.1923,1.9345,5,85.0
circuit_1244.jpg,161,95,0,2,-0.2484,1.2684,5,103.0
circuit_1244.jpg,523,113,0,2,-0.0951,1.6876,13,102.0
circuit_1244.jpg,564,115,0,2,-0.2757,1.5408,3,108.0
circuit_1244.jpg,694,123,0,2,-0.1041,1.5987,19,108.0
circuit_1244.jpg,162,166,1,4,-0.0185,1.9522,10,112.0
circuit_1244.jpg,149,166,1,3,-0.3558,1.2756,7,101.0
circuit_1244.jpg,114,167,1,2,-0.3002,2.108,16,89.0
circuit_1244.jpg,518,199,0,3,0.1366,2.7399,22,111.0
circuit_1244.jpg,352,204,0,3,0.3474,2.7111,41,101.0
circuit_1244.jpg,201,212,0,2,-0.4778,1.0974,1,91.0
circuit_1244.jpg,692,225,0,3,0.0686,1.9186,25,102.0
circuit_1244.jpg,999,239,0,2,0.3916,1.7292,11,103.5
circuit_1244.jpg,519,250,1,2,-0.459,1.4515,5,100.0
circuit_1244.jpg,532,249,1,2,-0.1235,1.3283,3,98.0
circuit_1244.jpg,520,278,1,2,-0.14,1.5357,10,94.0
circuit_1244.jpg,762,363,0,2,-0.1476,1.5719,5,93.5
circuit_1244.jpg,522,368,1,2,-0.1002,1.743,6,97.0
circuit_1244.jpg,435,374,1,2,0.0805,1.5121,11,86.0
circuit_1244.jpg,611,426,0,2,-0.0916,1.9917,13,94.0
circuit_1244.jpg,200,439,0,2,-0.2657,1.5843,6,74.0
circuit_1244.jpg,185,442,0,2,-0.4111,1.827,3,80.0
circuit_1244.jpg,386,446,1,3,0.5093,2.2022,52,114.0
circuit_1244.jpg,434,446,1,4,0.2156,1.8484,27,101.0
circuit_1244.jpg,612,450,0,3,0.2092,2.1548,30,89.0
circuit_1244.jpg,754,470,0,3,0.1461,2.1658,35,93.0
circuit_1244.jpg,988,478,0,3,-0.0647,2.1185,13,82.0
circuit_1244.jpg,186,542,0,2,-0.1421,1.7561,11,88.0
circuit_1244.jpg,186,578,0,3,0.1651,2.3124,21,102.0
circuit_1244.jpg,112,581,0,2,-0.1784,1.5508,9,80.5
circuit_1244.jpg,386,606,1,2,-0.0536,1.6598,19,80.0
circuit_1244.jpg,608,708,0,2,-0.2202,1.5448,9,79.0
circuit_1244.jpg,992,738,0,2,-0.1259,2.1509,20,84.0
circuit_1244.jpg,938,780,0,2,-0.4036,1.1293,2,107.0
circuit_1244.jpg,994,779,0,2,-0.0872,2.3531,10,95.0
circuit_1244.jpg,834,782,0,3,0.0971,1.6908,13,72.0
circuit_1244.jpg,604,822,0,3,-0.3403,1.5,9,79.0
circuit_1244.jpg,442,832,0,2,-0.2206,1.89,15,82.0
circuit_1244.jpg,835,836,0,2,0.199,2.0707,36,93.0
circuit_125.jpg,178,396,0,2,0.0057,1.7009,12,94.5
circuit_125.jpg,380,396,1,3,0.165,1.7179,13,93.0
circuit_125.jpg,574,398,1,3,0.3533,2.1578,33,92.0
circuit_125.jpg,774,402,1,2,0.0908,1.647,11,87.0
circuit_125.jpg,393,590,1,2,0.1308,2.5877,16,79.0
circuit_125.jpg,195,596,1,2,0.0503,1.6437,10,80.0
circuit_125.jpg,484,638,1,3,-0.0722,1.6756,19,86.0
circuit_125.jpg,789,637,1,3,-0.0388,2.2184,11,83.0
circuit_125.jpg,398,640,1,3,-0.0845,1.52,9,74.0
circuit_125.jpg,584,641,1,3,-0.0561,1.4078,8,75.0
circuit_125.jpg,204,644,1,2,-0.0635,1.3715,4,83.0
circuit_1252.jpg,650,193,0,2,-0.2939,1.1808,5,105.0
circuit_1252.jpg,780,194,0,2,-0.0014,1.4414,14,117.0
circuit_1252.jpg,338,196,1,2,-0.2456,1.7656,5,104.0
circuit_1252.jpg,428,195,1,2,-0.2223,1.3733,5,107.0
circuit_1252.jpg,496,195,1,3,-0.1058,1.7614,9,100.0
circuit_1252.jpg,208,197,1,2,-0.1927,1.5207,10,103.0
circuit_1252.jpg,370,197,1,2,-0.2797,1.073,2,107.5
circuit_1252.jpg,844,198,0,2,0.056,1.7741,9,109.0
circuit_1252.jpg,207,210,1,1,-0.1864,1.1019,4,106.0
circuit_1252.jpg,109,321,1,2,-0.1316,1.242,6,95.0
circuit_1252.jpg,200,322,1,3,0.0313,1.4598,6,91.0
circuit_1252.jpg,857,396,1,2,-0.1973,1.408,9,98.0
circuit_1252.jpg,712,432,1,3,-0.19,1.7781,9,70.0
circuit_1252.jpg,726,448,1,3,-0.3923,1.5103,2,87.0
circuit_1252.jpg,212,455,1,3,0.051,2.0716,22,79.5
circuit_1252.jpg,702,453,1,3,-0.4176,1.0702,1,90.5
circuit_1252.jpg,858,458,1,4,0.2649,1.4652,14,72.0
circuit_1252.jpg,402,459,0,4,0.3247,1.4562,26,76.0
circuit_1252.jpg,706,469,1,3,-0.3176,1.3419,5,84.0
circuit_1252.jpg,707,524,1,2,-0.3009,1.7519,7,90.0
circuit_1252.jpg,148,538,0,2,-0.1844,1.8591,14,85.0
circuit_1252.jpg,211,596,1,2,-0.0724,1.6776,8,88.0
circuit_1252.jpg,460,603,0,2,-0.1511,1.6951,13,92.0
circuit_1252.jpg,44,639,1,3,0.1597,1.3819,14,77.0
circuit_1252.jpg,628,652,0,3,0.0776,1.2529,8,73.0
circuit_1252.jpg,625,664,0,2,-0.3464,1.3814,2,74.0
circuit_1252.jpg,620,678,0,3,0.0097,1.3916,4,83.0
circuit_1252.jpg,608,683,0,2,-0.2817,1.8269,12,84.0
circuit_1252.jpg,415,702,1,3,0.0823,1.6442,14,70.0
circuit_1252.jpg,530,756,1,3,-0.0612,2.3308,13,90.0
circuit_1252.jpg,464,758,1,2,-0.1797,1.6721,11,93.0
circuit_1252.jpg,539,757,1,2,-0.1734,1.7054,4,90.0
circuit_1252.jpg,465,776,1,2,-0.2116,1.683,8,92.0
circuit_1252.jpg,791,776,0,2,0.02,2.1543,29,93.0
circuit_1252.jpg,540,777,1,2,-0.1125,1.5969,9,86.0
circuit_1252.jpg,411,826,1,3,0.0913,1.4476,10,74.0
circuit_1252.jpg,508,825,1,2,-0.4783,1.5762,2,92.0
circuit_1252.jpg,528,826,1,3,0.1963,1.7705,36,76.0
circuit_1252.jpg,151,829,1,3,0.1352,1.2762,7,72.0
circuit_1252.jpg,212,828,1,3,0.1242,1.4214,11,72.0
circuit_1252.jpg,182,829,1,2,-0.3117,1.3922,2,93.0
circuit_1252.jpg,612,831,1,3,-0.0629,1.8944,12,73.0
circuit_1252.jpg,106,832,1,2,-0.0155,1.7789,32,81.0
circuit_1252.jpg,59,835,1,2,-0.1443,2.025,12,88.0
circuit_1252.jpg,847,837,1,3,0.0925,1.3636,12,70.0
circuit_1256.jpg,615,136,1,2,-0.487,1.7691,1,91.0
circuit_1256.jpg,326,139,1,3,0.0795,1.9011,11,89.0
circuit_1256.jpg,472,139,1,3,-0.2124,1.7692,10,91.5
circuit_1256.jpg,178,142,1,2,-0.1726,1.6404,6,99.0
circuit_1256.jpg,467,172,1,2,-0.1293,1.3473,5,90.0
circuit_1256.jpg,731,285,1,3,-0.377,1.3932,7,77.0
circuit_1256.jpg,646,288,1,2,-0.1752,1.4666,5,100.0
circuit_1256.jpg,812,287,1,2,0.0292,1.6091,15,125.5
circuit_1256.jpg,262,290,1,2,-0.0392,1.3998,4,88.0
circuit_1256.jpg,492,290,1,2,-0.481,0.7144,0,87.0
circuit_1256.jpg,880,290,1,2,-0.0936,1.3014,7,81.0
circuit_1256.jpg,240,292,1,2,-0.3341,1.315,3,90.0
circuit_1256.jpg,608,306,1,2,-0.1021,1.4317,9,79.5
circuit_1256.jpg,460,410,1,4,0.0666,1.5322,12,71.0
circuit_1256.jpg,303,414,1,4,0.1568,1.6814,16,71.0
circuit_1256.jpg,606,414,1,4,0.0873,1.3513,4,70.0
circuit_1256.jpg,731,417,1,4,-0.0016,1.5615,9,76.0
circuit_1256.jpg,856,425,1,3,-0.0104,1.3278,5,69.0
circuit_1256.jpg,598,551,1,3,-0.215,1.364,2,74.0
circuit_1256.jpg,456,555,1,4,-0.0338,1.5452,9,70.0
circuit_1256.jpg,835,554,1,2,-0.4468,0.7564,0,70.0
circuit_1256.jpg,306,556,1,2,-0.2863,1.6276,12,80.0
circuit_1256.jpg,854,556,1,3,0.0386,1.4008,8,70.0
circuit_1256.jpg,721,581,1,2,-0.3405,1.4444,3,74.0
circuit_1256.jpg,851,713,1,2,-0.0266,1.9033,10,73.0
circuit_1256.jpg,672,722,1,2,-0.2157,1.2908,2,79.0
circuit_1256.jpg,734,722,1,4,-0.0618,1.6699,10,63.0
circuit_1256.jpg,600,724,1,3,-0.1475,1.6701,8,67.0
circuit_1256.jpg,462,725,1,3,0.0333,1.4686,8,68.5
circuit_1256.jpg,733,752,1,1,0.078,2.0281,11,76.0
circuit_1256.jpg,461,870,1,2,-0.0576,1.9965,8,71.0
circuit_1256.jpg,850,873,1,2,-0.1521,1.6629,6,70.0
circuit_1256.jpg,474,873,1,2,-0.1231,1.2362,4,71.0
circuit_1256.jpg,728,873,1,3,-0.187,1.6114,9,70.0
circuit_1256.jpg,764,878,1,2,-0.3517,0.9273,0,75.0
circuit_1258.jpg,644,333,1,2,-0.3869,1.2661,3,106.0
circuit_1258.jpg,530,342,1,2,-0.1784,0.9593,0,110.0
circuit_1258.jpg,542,341,1,2,-0.497,0.8616,0,113.0
circuit_1258.jpg,645,344,1,2,-0.1281,1.1814,6,102.0
circuit_1258.jpg,506,346,1,3,-0.2203,1.5461,8,102.0
circuit_1258.jpg,442,356,1,2,-0.2748,1.0198,2,110.0
circuit_1258.jpg,300,363,0,2,-0.2441,1.1064,2,109.0
circuit_1258.jpg,289,365,0,3,-0.2283,1.3997,6,107.0
circuit_1258.jpg,146,378,0,2,-0.2258,1.28,6,93.0
circuit_1258.jpg,515,454,0,1,-0.3883,0.9101,0,91.0
circuit_1258.jpg,519,492,0,2,-0.3275,1.1979,3,93.0
circuit_1258.jpg,318,494,0,1,-0.2573,1.1692,3,95.0
circuit_1258.jpg,522,510,0,2,-0.3235,1.3311,4,91.0
circuit_1258.jpg,320,512,0,2,-0.2959,1.3277,3,92.0
circuit_1258.jpg,152,513,0,1,-0.2209,1.3255,2,92.0
circuit_1258.jpg,610,519,1,3,-0.422,1.3354,2,91.0
circuit_1258.jpg,520,528,1,3,-0.0339,1.5375,5,90.0
circuit_1258.jpg,321,535,0,3,-0.2934,1.3487,10,91.0
circuit_1258.jpg,302,539,0,2,-0.4723,1.0245,1,99.0
circuit_1258.jpg,276,542,0,2,-0.4339,1.0413,1,99.0
circuit_1258.jpg,161,548,0,2,-0.1531,2.1554,8,90.0
circuit_1262.jpg,574,380,0,3,0.2346,1.8088,14,88.0
circuit_1262.jpg,866,383,1,2,0.3041,1.8561,20,94.0
circuit_1262.jpg,868,412,1,2,-0.1752,1.507,7,102.0
circuit_1262.jpg,579,434,0,2,-0.2763,1.8535,5,98.0
circuit_1262.jpg,580,444,0,2,0.0059,1.8116,13,99.0
circuit_1262.jpg,548,553,0,1,-0.3818,1.5352,6,85.0
circuit_1262.jpg,566,553,0,2,-0.2577,1.309,9,88.0
circuit_1262.jpg,589,555,0,2,-0.0253,1.7402,11,87.0
circuit_1262.jpg,594,588,0,2,-0.2376,1.8698,7,82.0
circuit_1262.jpg,597,602,0,2,-0.1416,1.1848,4,82.0
circuit_1262.jpg,602,655,1,2,-0.0651,1.7708,11,76.0
circuit_1262.jpg,882,652,1,3,0.0537,1.2356,9,72.0
circuit_1262.jpg,218,659,1,2,-0.1326,1.2855,6,80.0
circuit_1262.jpg,346,661,1,2,-0.2091,1.3933,6,90.0
circuit_1262.jpg,496,662,1,2,-0.1316,1.7535,8,86.0
circuit_1262.jpg,252,663,1,2,-0.2495,1.4856,6,94.0
circuit_1268.jpg,619,238,1,3,-0.1968,1.1392,1,84.0
circuit_1268.jpg,429,239,1,3,-0.0474,2.051,7,83.0
circuit_1268.jpg,806,243,1,3,-0.0122,1.4146,8,80.0
circuit_1268.jpg,246,245,0,3,-0.2274,1.1559,1,98.0
circuit_1268.jpg,38,256,0,2,-0.0431,1.2704,4,102.0
circuit_1268.jpg,940,255,1,2,-0.1611,1.5893,4,70.5
circuit_1268.jpg,245,292,0,2,-0.4071,0.8763,0,98.0
circuit_1268.jpg,428,292,0,2,-0.2721,1.0136,1,101.5
circuit_1268.jpg,641,358,0,2,0.2432,1.2868,8,75.0
circuit_1268.jpg,934,360,1,3,0.0009,1.8791,8,89.0
circuit_1268.jpg,818,366,0,1,0.0861,1.0504,1,81.0
circuit_1268.jpg,239,370,0,2,-0.6893,0.4217,0,97.0
circuit_1268.jpg,456,379,0,2,-0.1849,1.6298,6,82.0
circuit_1268.jpg,636,374,0,2,-0.3241,1.264,1,79.0
circuit_1268.jpg,404,377,0,2,-0.079,1.5461,8,86.0
circuit_1268.jpg,614,377,1,3,-0.1924,1.4895,8,81.0
circuit_1268.jpg,372,380,0,2,-0.1778,1.1774,7,92.0
circuit_1268.jpg,354,382,0,2,-0.2881,1.1921,4,91.5
circuit_1268.jpg,270,390,0,2,0.0037,1.6839,10,86.0
circuit_1268.jpg,196,395,0,2,-0.1908,1.4055,2,97.0
circuit_1268.jpg,168,399,0,2,-0.2735,1.4792,8,101.0
circuit_1268.jpg,239,402,0,3,-0.3431,1.1874,1,83.0
circuit_1268.jpg,122,406,0,2,-0.2247,0.9646,0,100.0
circuit_1268.jpg,36,417,0,3,0.1941,2.3372,19,104.0
circuit_1268.jpg,800,527,1,3,0.2461,0.9864,0,71.0
circuit_1268.jpg,640,529,0,2,0.0036,1.6739,7,82.0
circuit_1268.jpg,613,548,1,3,-0.2288,1.2846,4,79.0
circuit_1268.jpg,212,565,0,2,0.0252,1.7764,6,87.0
circuit_1268.jpg,314,563,0,2,-0.2543,1.0792,3,91.0
circuit_1268.jpg,880,570,1,1,-0.206,1.0273,1,84.0
circuit_1268.jpg,928,570,1,4,0.12,1.7804,12,74.0
circuit_1268.jpg,34,573,0,3,0.0549,1.6691,8,93.0
circuit_1268.jpg,29,672,0,2,-0.2289,0.8285,0,108.0
circuit_1268.jpg,613,711,1,3,-0.0272,1.3206,5,79.0
circuit_1268.jpg,922,712,1,3,-0.2,1.8124,7,81.0
circuit_1268.jpg,258,722,0,2,0.0631,1.6179,6,92.0
circuit_1268.jpg,421,714,0,3,0.1022,1.442,13,79.0
circuit_1268.jpg,210,722,0,2,0.1977,1.6214,12,89.0
circuit_1268.jpg,80,723,0,2,-0.1516,1.5501,9,104.0
circuit_1268.jpg,29,727,0,3,0.0004,1.8787,19,101.0
circuit_1268.jpg,916,896,1,2,-0.1204,2.2408,8,78.0
circuit_1268.jpg,224,906,0,3,0.2141,2.3662,21,90.0
circuit_1272.jpg,454,221,1,3,0.0607,1.6926,23,90.0
circuit_1272.jpg,198,228,1,2,-0.0596,1.2621,7,106.0
circuit_1272.jpg,284,228,1,3,0.1219,1.7004,24,96.0
circuit_1272.jpg,387,291,0,2,0.0689,2.3098,23,92.0
circuit_1272.jpg,291,333,0,1,0.1212,1.3579,5,74.0
circuit_1272.jpg,293,370,1,2,-0.3972,2.0441,8,89.0
circuit_1272.jpg,312,408,1,2,-0.4277,1.2723,1,80.0
circuit_1272.jpg,576,407,1,2,-0.2728,1.5979,2,92.0
circuit_1272.jpg,322,409,1,2,-0.223,1.4145,3,88.0
circuit_1272.jpg,458,412,1,4,0.1589,1.8027,33,85.0
circuit_1272.jpg,235,416,1,2,-0.1935,1.9525,8,90.0
circuit_1272.jpg,387,424,0,2,-0.6316,0.8937,0,83.0
circuit_1272.jpg,794,470,1,2,-0.2369,0.9664,0,87.0
circuit_1272.jpg,238,472,1,2,0.0166,1.6291,12,89.0
circuit_1272.jpg,708,489,0,2,0.0042,1.6032,11,78.0
circuit_1272.jpg,125,548,1,3,-0.0817,2.1369,6,72.0
circuit_1272.jpg,238,552,1,3,-0.1803,1.4761,7,81.0
circuit_1272.jpg,399,552,0,3,0.073,1.7287,12,84.0
circuit_1272.jpg,394,574,0,2,-0.2839,1.6508,4,83.0
circuit_1272.jpg,379,577,0,2,0.0795,1.459,13,78.0
circuit_1272.jpg,702,599,0,3,0.0844,1.6527,14,76.0
circuit_1272.jpg,634,601,0,2,-0.106,1.1934,1,94.0
circuit_1272.jpg,465,604,0,3,-0.1978,1.7123,14,80.0
circuit_1272.jpg,745,608,1,2,-0.2086,1.5288,6,84.0
circuit_1272.jpg,378,612,1,3,-0.1479,1.8351,6,73.0
circuit_1272.jpg,289,626,1,2,-0.4161,1.4485,6,83.0
circuit_1272.jpg,890,645,0,1,-0.521,1.4189,6,82.0
circuit_1272.jpg,376,691,1,2,-0.0271,1.8248,10,81.0
circuit_1272.jpg,129,694,1,2,0.0748,1.2909,8,73.5
circuit_1272.jpg,747,712,0,1,-0.2964,1.4422,6,75.0
circuit_1272.jpg,454,720,0,1,-0.2567,1.4894,3,75.0
circuit_1272.jpg,452,740,0,2,-0.2447,1.8649,7,82.0
circuit_1272.jpg,805,746,1,2,0.0044,1.9825,12,83.0
circuit_1272.jpg,286,760,1,3,-0.1714,1.2416,5,73.0
circuit_1272.jpg,132,762,1,2,-0.0431,1.4138,7,75.0
circuit_1272.jpg,246,761,1,2,-0.416,0.8816,0,79.0
circuit_1272.jpg,448,767,1,3,-0.3885,1.5877,5,77.0
circuit_1272.jpg,804,768,1,3,-0.1261,1.6018,18,76.0
circuit_1272.jpg,889,768,1,2,0.0059,1.6848,15,83.0
circuit_1272.jpg,702,770,1,4,-0.1663,2.4294,14,78.0
circuit_1272.jpg,738,770,1,2,-0.1377,1.0661,1,83.0
circuit_1272.jpg,490,771,1,3,0.1119,1.6116,16,75.0
circuit_136.jpg,603,358,0,3,-0.3828,1.1304,2,100.0
circuit_136.jpg,398,362,0,3,0.1019,1.3332,13,89.0
circuit_136.jpg,214,512,1,2,-0.4565,0.9873,0,87.0
circuit_136.jpg,613,541,1,3,-0.3363,1.59,6,94.0
circuit_136.jpg,506,542,1,3,-0.1417,1.5232,6,91.0
circuit_136.jpg,402,544,1,3,0.0124,1.6843,11,95.0
circuit_136.jpg,216,547,1,2,-0.2761,1.4009,3,94.5
circuit_138.jpg,772,316,0,2,-0.4467,1.2913,3,79.0
circuit_138.jpg,193,386,1,2,-0.0917,1.7925,4,79.0
circuit_138.jpg,774,428,0,2,-0.3286,0.9919,0,93.0
circuit_138.jpg,196,476,1,3,-0.074,1.1848,3,81.0
circuit_138.jpg,578,495,1,2,-0.2466,1.0167,1,86.0
circuit_138.jpg,774,506,1,3,-0.0898,1.4274,9,80.0
circuit_138.jpg,199,763,1,2,-0.045,2.7579,11,87.0
circuit_138.jpg,222,765,1,2,-0.5038,1.2253,3,90.0
circuit_138.jpg,234,766,1,2,-0.3982,0.9215,0,90.0
circuit_138.jpg,418,772,1,2,0.0728,1.9075,8,101.0
circuit_138.jpg,769,782,1,3,0.0975,1.6934,20,98.0
circuit_14.jpg,811,184,0,2,-0.1098,1.6462,14,103.0
circuit_14.jpg,380,186,0,2,0.21,2.0063,23,94.0
circuit_14.jpg,578,187,0,3,-0.028,1.7717,28,91.0
circuit_14.jpg,810,242,0,2,-0.074,2.1576,19,102.0
circuit_14.jpg,246,280,0,2,0.1389,2.285,24,92.0
circuit_14.jpg,377,284,0,3,0.0427,1.8843,23,88.0
circuit_14.jpg,747,314,0,2,-0.2446,1.4384,7,87.0
circuit_14.jpg,379,366,0,1,-0.0524,2.1303,17,89.5
circuit_14.jpg,378,410,0,3,0.0286,1.9667,14,77.5
circuit_14.jpg,500,410,0,3,-0.2512,1.6158,12,86.0
circuit_14.jpg,570,410,1,4,0.2603,2.1882,24,76.0
circuit_14.jpg,806,420,0,4,0.0705,1.7879,21,76.0
circuit_14.jpg,501,438,0,3,0.064,1.3869,8,89.0
circuit_14.jpg,939,465,0,2,-0.1762,2.2987,14,87.0
circuit_14.jpg,670,522,0,2,-0.0497,1.0357,1,97.0
circuit_14.jpg,678,524,0,2,-0.0893,1.8686,21,95.0
circuit_14.jpg,851,526,0,2,-0.017,1.9499,19,79.5
circuit_14.jpg,938,532,0,3,0.2217,1.6541,19,77.0
circuit_14.jpg,934,574,0,2,-0.0344,1.7587,12,85.0
circuit_14.jpg,145,580,0,3,0.1936,1.7862,20,76.0
circuit_14.jpg,765,603,0,3,-0.0212,1.8228,15,73.0
circuit_14.jpg,930,602,0,2,-0.0478,1.9983,19,87.0
circuit_14.jpg,761,664,0,2,0.0065,2.4622,21,88.0
circuit_14.jpg,567,681,1,3,0.1117,1.7014,12,69.0
circuit_14.jpg,626,683,1,2,-0.1254,1.9625,12,89.5
circuit_14.jpg,844,684,0,2,-0.1047,1.8284,19,85.0
circuit_14.jpg,842,702,0,2,-0.1714,2.033,18,86.0
circuit_14.jpg,759,711,0,1,0.0444,1.7107,17,75.0
circuit_14.jpg,789,718,0,1,-0.0848,1.945,14,84.0
circuit_14.jpg,688,741,0,2,0.0437,2.2263,17,88.0
circuit_14.jpg,422,747,0,1,-0.5388,0.5564,0,93.0
circuit_14.jpg,452,754,0,2,-0.5466,0.5803,0,94.0
circuit_14.jpg,624,762,1,2,-0.1336,2.0025,14,78.0
circuit_14.jpg,508,764,0,2,-0.3391,0.6897,0,88.5
circuit_14.jpg,518,766,0,1,-0.4104,0.8133,0,88.5
circuit_14.jpg,694,788,0,1,-0.2326,1.584,10,86.5
circuit_14.jpg,282,879,1,3,0.1238,1.9576,21,76.0
circuit_14.jpg,151,879,0,2,-0.1742,1.894,13,79.0
circuit_14.jpg,365,882,1,3,-0.0584,2.094,23,72.0
circuit_14.jpg,559,896,0,4,0.0258,1.4397,19,70.0
circuit_14.jpg,925,894,0,3,0.0493,2.3049,15,68.0
circuit_14.jpg,684,896,0,3,-0.1375,1.9271,15,80.5
circuit_14.jpg,789,898,0,3,0.1636,1.086,3,63.0
circuit_14.jpg,740,899,0,2,-0.0854,1.3499,5,78.0
circuit_153.jpg,96,270,1,2,-0.1316,1.9177,20,96.0
circuit_153.jpg,252,270,1,2,0.057,2.1665,24,83.0
circuit_153.jpg,264,269,1,3,0.1494,2.2248,42,82.0
circuit_153.jpg,428,271,1,3,0.0817,1.6624,32,71.5
circuit_153.jpg,570,269,1,3,-0.0785,2.2207,24,80.0
circuit_153.jpg,710,274,1,3,-0.0271,2.0406,32,78.0
circuit_153.jpg,100,412,1,3,0.222,1.7174,25,82.0
circuit_153.jpg,853,416,1,3,0.1981,2.0833,34,81.0
circuit_153.jpg,196,418,1,2,-0.1304,1.7606,16,93.0
circuit_153.jpg,326,419,1,2,-0.0769,2.1475,13,91.0
circuit_153.jpg,245,421,1,2,-0.099,1.7672,18,84.0
circuit_153.jpg,291,422,1,2,0.1216,2.0908,31,84.0
circuit_153.jpg,288,430,1,2,-0.0961,1.7381,25,82.0
circuit_153.jpg,572,432,1,3,-0.3465,1.2837,10,78.0
circuit_153.jpg,272,437,1,2,-0.0536,1.5651,13,84.0
circuit_153.jpg,575,498,1,2,-0.4176,1.4921,8,88.0
circuit_153.jpg,719,566,1,3,-0.0734,1.9304,14,72.0
circuit_153.jpg,587,568,1,2,-0.0316,1.7739,12,74.0
circuit_153.jpg,107,572,1,3,0.1026,1.9717,37,101.0
circuit_153.jpg,290,577,1,3,-0.124,1.8209,8,80.0
circuit_153.jpg,453,574,1,3,0.1077,1.8813,26,77.0
circuit_153.jpg,860,572,1,4,0.0967,1.882,26,74.0
circuit_153.jpg,132,573,1,2,-0.3181,1.8239,13,89.5
circuit_153.jpg,438,583,1,3,-0.2166,1.7298,8,70.0
circuit_153.jpg,274,587,1,1,-0.2838,1.5468,6,85.0
circuit_153.jpg,440,737,1,3,0.188,2.0343,29,73.0
circuit_153.jpg,109,740,1,3,-0.18,1.8006,25,98.0
circuit_153.jpg,484,740,1,1,-0.1991,1.5989,10,79.0
circuit_153.jpg,580,743,1,3,0.0715,1.6623,22,73.0
circuit_153.jpg,858,748,1,3,-0.1738,1.6212,14,70.0
circuit_153.jpg,280,895,1,3,0.1424,1.6859,20,77.0
circuit_153.jpg,222,896,1,2,0.0791,2.1835,18,86.0
circuit_153.jpg,432,904,1,2,-0.273,2.1163,17,79.0
circuit_153.jpg,580,906,1,2,-0.1282,1.5372,23,81.0
circuit_153.jpg,696,908,1,2,0.1113,2.114,33,74.0
circuit_153.jpg,855,914,1,2,-0.0707,1.5691,15,78.0
circuit_155.jpg,128,312,0,2,-0.055,2.0313,11,87.0
circuit_155.jpg,332,319,0,3,0.2463,2.394,25,91.0
circuit_155.jpg,410,322,0,2,0.0082,1.652,12,113.0
circuit_155.jpg,424,323,0,2,0.0505,1.5806,2,111.0
circuit_155.jpg,498,328,1,3,-0.0571,1.7923,19,95.0
circuit_155.jpg,685,333,0,3,0.316,1.9708,33,93.0
circuit_155.jpg,817,336,0,2,-0.0952,2.2228,23,101.0
circuit_155.jpg,121,475,1,4,0.3157,1.5597,21,75.0
circuit_155.jpg,330,484,1,4,0.2926,2.0693,53,81.0
circuit_155.jpg,946,487,0,2,-0.1252,1.8452,12,96.0
circuit_155.jpg,503,490,1,4,0.2405,1.8322,22,77.0
circuit_155.jpg,688,491,1,4,0.1171,1.8011,21,84.0
circuit_155.jpg,828,492,1,4,0.2083,1.4757,14,76.0
circuit_155.jpg,831,528,0,1,-0.1762,1.6101,12,85.0
circuit_155.jpg,837,664,1,2,-0.0246,1.5861,6,86.0
circuit_155.jpg,955,664,0,1,-0.1398,1.9964,14,87.0
circuit_155.jpg,694,670,1,3,0.1338,2.0361,19,84.0
circuit_155.jpg,134,676,1,2,0.1306,2.1061,25,79.0
circuit_155.jpg,340,678,1,3,0.1822,2.0227,22,79.0
circuit_155.jpg,506,678,1,3,-0.0166,1.8627,16,79.0
circuit_170.jpg,834,333,0,2,-0.1727,1.3472,3,81.5
circuit_170.jpg,808,336,0,1,-0.2208,1.3216,6,88.0
circuit_170.jpg,632,354,1,3,-0.0894,1.7019,7,74.0
circuit_170.jpg,404,371,0,3,-0.292,1.8321,8,78.0
circuit_170.jpg,238,382,1,2,-0.2614,1.0596,1,89.0
circuit_170.jpg,153,393,1,2,-0.1374,1.6039,7,79.0
circuit_170.jpg,638,503,0,2,-0.3609,1.7445,5,78.0
circuit_170.jpg,420,507,0,2,-0.05,2.3557,10,82.0
circuit_170.jpg,584,511,1,2,-0.283,1.0322,2,80.0
circuit_170.jpg,424,529,0,3,-0.0881,1.4666,6,68.0
circuit_170.jpg,358,537,0,2,-0.4006,0.7831,0,69.0
circuit_170.jpg,340,541,0,1,-0.3777,0.8521,0,70.5
circuit_178.jpg,325,332,0,2,-0.1456,1.5122,5,83.0
circuit_178.jpg,325,354,0,2,-0.0801,2.0653,2,71.0
circuit_178.jpg,570,409,1,4,0.1018,1.965,8,75.0
circuit_178.jpg,326,410,1,4,-0.1122,1.4137,3,72.0
circuit_178.jpg,760,412,1,2,-0.2286,1.0294,1,81.0
circuit_178.jpg,181,420,0,1,-0.2916,1.6045,2,84.0
circuit_178.jpg,186,581,0,3,-0.3857,1.4341,5,75.0
circuit_178.jpg,277,587,0,6,-0.2168,1.3532,3,82.0
circuit_178.jpg,200,582,0,3,0.0364,1.1621,1,87.5
circuit_178.jpg,247,588,0,2,0.0071,1.7284,9,93.0
circuit_178.jpg,297,594,0,5,-0.4164,1.1053,2,74.0
circuit_178.jpg,570,648,1,3,-0.2408,1.2853,3,81.0
circuit_178.jpg,765,648,1,2,-0.2029,1.6544,5,78.0
circuit_178.jpg,466,652,1,2,0.0376,1.5099,7,78.0
circuit_178.jpg,334,654,1,3,-0.1635,1.3548,7,83.0
circuit_178.jpg,174,657,0,2,0.0535,1.2442,7,88.5
circuit_184.jpg,520,280,1,3,0.2518,2.6652,44,98.0
circuit_184.jpg,694,281,1,2,0.0612,3.6904,38,110.0
circuit_184.jpg,92,294,0,2,-0.0095,2.2739,22,106.0
circuit_184.jpg,314,294,1,3,0.216,3.1914,53,101.0
circuit_184.jpg,191,296,0,3,0.1605,2.8115,55,99.0
circuit_184.jpg,842,397,1,2,0.0124,2.3545,31,105.0
circuit_184.jpg,556,402,0,1,0.108,3.3047,23,100.0
circuit_184.jpg,93,418,0,3,0.3484,3.3775,42,107.0
circuit_184.jpg,334,422,0,2,-0.2965,2.1303,9,101.0
circuit_184.jpg,313,430,0,2,0.2201,2.665,39,103.0
circuit_184.jpg,92,520,0,3,0.24,2.9553,45,107.0
circuit_184.jpg,552,523,1,2,0.0538,2.1875,17,113.0
circuit_184.jpg,697,532,1,4,0.5688,3.5836,95,105.0
circuit_184.jpg,830,532,1,2,-0.4403,1.5702,3,101.0
circuit_184.jpg,843,532,1,4,0.1108,3.5921,42,100.0
circuit_184.jpg,189,538,0,2,0.1618,3.3241,49,106.0
circuit_184.jpg,842,600,1,2,-0.2232,1.8792,8,96.0
circuit_184.jpg,692,642,1,3,0.2711,3.2481,53,100.0
circuit_184.jpg,88,644,0,3,0.1494,3.3831,46,100.0
circuit_184.jpg,146,643,0,2,0.1736,2.6407,32,103.0
circuit_184.jpg,314,644,0,3,0.128,3.5124,31,101.0
circuit_184.jpg,442,643,1,2,-0.0565,2.3477,35,94.0
circuit_184.jpg,730,644,1,2,-0.1056,1.8298,6,91.0
circuit_184.jpg,523,648,1,3,0.3599,3.5621,54,107.0
circuit_184.jpg,836,648,1,3,0.266,2.9433,48,94.0
circuit_184.jpg,85,738,0,2,0.2879,3.0837,44,104.0
circuit_184.jpg,184,742,0,3,0.4817,2.9302,77,97.0
circuit_184.jpg,631,752,1,2,0.2382,2.7878,46,97.5
circuit_185.jpg,692,378,1,2,-0.3227,0.9457,0,83.0
circuit_185.jpg,288,380,1,2,-0.3016,1.3449,1,92.5
circuit_185.jpg,220,386,1,2,-0.1485,1.0631,2,67.0
circuit_185.jpg,222,584,1,2,-0.2109,1.0269,1,80.0
circuit_185.jpg,702,592,1,2,-0.1727,1.2994,4,72.0
circuit_185.jpg,672,594,1,2,-0.589,0.824,0,86.0
circuit_185.jpg,470,598,1,3,-0.1141,1.2489,2,73.0
circuit_185.jpg,390,600,1,2,-0.3338,1.2031,4,86.5
circuit_185.jpg,223,610,1,2,-0.3422,1.2038,3,78.0
circuit_187.jpg,458,29,1,3,0.1187,2.0882,21,89.0
circuit_187.jpg,624,29,1,3,0.0193,1.9007,15,90.0
circuit_187.jpg,248,32,1,3,0.0617,1.4348,13,82.0
circuit_187.jpg,864,35,1,2,-0.289,1.5694,8,99.0
circuit_187.jpg,463,64,1,2,-0.2175,1.7325,3,91.5
circuit_187.jpg,466,110,1,2,-0.2087,1.8673,4,90.0
circuit_187.jpg,60,152,1,2,-0.2228,2.1436,9,96.0
circuit_187.jpg,259,172,1,3,-0.2379,1.2118,4,80.0
circuit_187.jpg,738,171,1,2,-0.0577,1.012,1,97.0
circuit_187.jpg,754,172,1,2,-0.3125,0.9443,0,97.0
circuit_187.jpg,784,175,1,2,-0.2322,1.1681,1,98.0
circuit_187.jpg,63,178,1,3,0.2757,1.7,19,75.0
circuit_187.jpg,808,178,1,2,-0.184,1.3829,3,95.0
circuit_187.jpg,842,180,1,2,-0.44,0.9003,0,90.0
circuit_187.jpg,867,181,1,3,0.1519,1.9039,25,79.0
circuit_187.jpg,72,268,1,1,-0.0926,1.6532,6,83.0
circuit_187.jpg,472,306,1,2,-0.0496,1.4585,9,89.0
circuit_187.jpg,474,324,1,2,-0.095,1.6825,5,92.0
circuit_187.jpg,272,367,1,3,-0.002,0.9321,0,64.0
circuit_187.jpg,694,370,1,2,-0.1193,1.895,7,80.0
circuit_187.jpg,272,382,1,2,-0.5066,1.2817,3,68.0
circuit_187.jpg,868,384,1,4,0.2696,1.55,14,70.0
circuit_187.jpg,99,400,1,2,-0.0333,1.6515,8,82.0
circuit_187.jpg,104,448,1,2,-0.3044,1.2949,5,81.0
circuit_187.jpg,284,564,1,3,0.1613,1.2299,3,59.0
circuit_187.jpg,870,576,1,3,0.1321,1.6293,21,72.0
circuit_187.jpg,110,616,1,2,-0.0425,1.4601,2,80.0
circuit_187.jpg,941,656,0,4,-0.3576,1.2856,4,56.0
circuit_187.jpg,959,662,0,3,-0.2795,1.5199,2,59.0
circuit_187.jpg,911,669,0,2,-0.1904,1.6983,1,57.0
circuit_187.jpg,950,664,0,3,-0.1354,1.1217,3,58.0
circuit_187.jpg,674,688,0,3,-0.2937,1.3395,3,70.0
circuit_187.jpg,699,695,0,4,-0.3232,1.4553,7,74.0
circuit_187.jpg,496,774,1,3,0.1752,1.4325,11,62.0
circuit_187.jpg,872,782,1,3,0.0512,1.8332,20,80.0
circuit_187.jpg,112,930,1,2,-0.117,1.7779,4,69.0
circuit_187.jpg,294,930,1,4,0.0175,1.8065,12,61.0
circuit_187.jpg,500,943,1,3,0.0063,1.7333,11,71.0
circuit_187.jpg,656,950,1,3,0.0597,2.0374,26,86.0
circuit_187.jpg,873,956,1,2,0.0061,2.2763,22,76.0
circuit_19.jpg,806,389,0,2,-0.1454,1.4965,5,78.0
circuit_19.jpg,540,396,0,2,-0.3145,0.9737,0,83.0
circuit_19.jpg,570,395,0,3,0.0525,1.8692,11,74.0
circuit_19.jpg,348,401,0,2,-0.0913,1.184,4,87.0
circuit_19.jpg,386,402,0,3,0.0577,1.6896,10,73.0
circuit_19.jpg,570,589,0,3,-0.1591,1.9364,7,79.0
circuit_19.jpg,720,591,0,3,-0.1943,2.1766,12,83.0
circuit_19.jpg,386,595,1,3,-0.107,1.3558,5,76.0
circuit_193.jpg,686,336,0,3,0.3043,2.1077,36,95.0
circuit_193.jpg,803,335,0,2,-0.1019,2.3442,13,98.0
circuit_193.jpg,531,338,1,3,0.1858,2.1753,30,98.0
circuit_193.jpg,361,343,1,3,-0.1475,1.6457,10,100.0
circuit_193.jpg,108,344,0,2,0.2022,1.771,35,94.0
circuit_193.jpg,358,364,0,2,-0.158,1.8715,11,110.0
circuit_193.jpg,514,430,0,1,-0.2963,1.62,5,92.0
circuit_193.jpg,668,438,0,2,0.0622,2.047,17,104.0
circuit_193.jpg,101,456,0,2,-0.293,2.2656,9,104.0
circuit_193.jpg,508,467,1,2,-0.4149,1.0465,1,92.5
circuit_193.jpg,337,474,0,2,-0.5821,1.7877,4,93.0
circuit_193.jpg,662,481,0,4,0.2664,1.5673,22,82.5
circuit_193.jpg,777,480,0,3,-0.177,1.441,3,78.0
circuit_193.jpg,502,485,1,4,-0.0161,1.2801,4,69.0
circuit_193.jpg,96,496,0,3,0.0009,1.5863,16,82.0
circuit_193.jpg,337,497,1,4,0.1026,1.5606,11,78.0
circuit_193.jpg,215,503,0,2,0.1168,1.0968,4,81.0
circuit_193.jpg,334,520,1,2,-0.205,1.5656,7,86.0
circuit_193.jpg,752,606,0,3,0.0433,2.177,13,83.5
circuit_193.jpg,480,618,0,2,-0.1462,1.6745,10,81.0
circuit_193.jpg,204,620,0,2,-0.1997,1.9774,7,93.0
circuit_193.jpg,748,622,0,2,-0.4298,1.1038,2,88.0
circuit_193.jpg,312,638,0,2,-0.2025,1.8796,7,90.0
circuit_193.jpg,478,642,0,2,-0.0677,1.6998,5,95.5
circuit_193.jpg,93,664,0,2,-0.2355,1.6717,6,89.0
circuit_193.jpg,738,668,0,2,-0.28,1.8882,7,78.5
circuit_193.jpg,473,670,0,2,-0.1319,1.6526,8,93.0
circuit_193.jpg,193,674,0,2,-0.1518,1.7283,7,89.0
circuit_193.jpg,472,685,0,4,-0.0847,1.3174,5,79.0
circuit_193.jpg,454,685,0,3,-0.5153,1.1626,3,77.0
circuit_193.jpg,628,684,0,3,-0.0079,1.5092,15,72.0
circuit_193.jpg,733,685,0,1,-0.1463,1.3457,4,74.0
circuit_193.jpg,308,686,0,3,-0.1408,1.2821,6,76.0
circuit_193.jpg,438,687,0,2,-0.4081,1.2048,2,84.0
circuit_193.jpg,90,689,0,2,-0.1483,1.8348,15,77.0
circuit_193.jpg,191,690,0,3,-0.1198,1.7761,9,86.0
circuit_198.jpg,392,322,1,3,-0.1523,1.99,7,90.0
circuit_198.jpg,552,324,1,3,-0.1664,1.3735,7,94.5
circuit_198.jpg,729,328,1,3,-0.1252,1.3267,15,94.0
circuit_198.jpg,398,438,0,1,-0.3068,1.6362,2,83.0
circuit_198.jpg,725,461,1,4,0.1123,1.6645,15,77.0
circuit_198.jpg,872,462,1,4,-0.0918,1.6341,9,78.0
circuit_198.jpg,555,467,1,4,0.0851,1.9238,30,80.0
circuit_198.jpg,953,465,1,2,-0.2135,1.5601,17,86.5
circuit_198.jpg,399,470,1,4,0.0839,1.931,15,78.0
circuit_198.jpg,136,476,1,4,0.0654,1.8764,12,77.0
circuit_198.jpg,136,500,1,2,-0.2602,1.4546,3,86.0
circuit_198.jpg,559,500,1,2,-0.1673,1.2083,2,85.0
circuit_198.jpg,413,596,1,2,-0.1505,1.5207,5,84.0
circuit_198.jpg,872,628,0,2,0.0304,1.3882,6,81.5
circuit_198.jpg,148,650,0,2,-0.1224,1.4993,13,84.0
circuit_198.jpg,560,650,1,3,-0.0134,1.5625,7,79.0
circuit_198.jpg,416,652,1,3,-0.0817,2.0381,18,80.0
circuit_198.jpg,870,653,0,2,-0.2165,1.5972,3,80.0
circuit_198.jpg,741,654,0,3,-0.1434,1.3872,3,76.0
circuit_205.jpg,134,212,1,2,0.0355,2.4446,25,89.0
circuit_205.jpg,268,219,1,3,-0.0561,1.5419,13,84.0
circuit_205.jpg,507,227,1,3,0.0267,1.4262,20,84.0
circuit_205.jpg,365,305,1,2,-0.1592,1.6535,15,79.0
circuit_205.jpg,510,349,1,4,0.0269,1.4435,18,62.0
circuit_205.jpg,208,473,1,4,0.0563,1.7023,14,76.0
circuit_205.jpg,300,474,1,2,-0.1333,1.437,5,79.0
circuit_205.jpg,228,475,1,3,-0.2579,1.0507,1,77.0
circuit_205.jpg,126,477,1,3,0.1539,1.7407,28,74.0
circuit_205.jpg,957,488,1,2,-0.3649,1.7396,9,90.0
circuit_205.jpg,370,504,1,2,0.0088,1.6164,21,78.0
circuit_205.jpg,367,532,1,3,-0.2111,1.6481,12,74.0
circuit_205.jpg,286,537,1,2,-0.2344,1.2425,2,68.0
circuit_205.jpg,681,556,0,3,0.0576,1.5926,4,61.0
circuit_205.jpg,514,558,0,3,0.0277,1.6138,25,71.0
circuit_205.jpg,824,560,0,2,-0.2012,1.695,10,74.0
circuit_205.jpg,992,584,0,1,-0.2763,1.5052,7,80.0
circuit_205.jpg,972,586,0,2,-0.2495,1.2589,5,71.0
circuit_205.jpg,953,587,0,2,-0.2114,1.5885,10,72.0
circuit_205.jpg,754,632,1,2,-0.3571,1.7124,8,77.5
circuit_205.jpg,751,645,1,2,-0.1213,1.4881,7,73.0
circuit_205.jpg,812,656,1,2,-0.2072,1.7964,14,75.0
circuit_205.jpg,946,662,1,2,-0.1817,1.7662,9,70.0
circuit_205.jpg,940,683,1,2,0.1252,1.2568,6,63.0
circuit_205.jpg,812,688,1,3,0.0148,1.2475,3,61.0
circuit_205.jpg,677,690,1,3,0.1252,1.7417,22,69.0
circuit_205.jpg,130,691,1,2,-0.1544,1.2205,10,68.0
circuit_205.jpg,272,696,1,3,-0.081,1.7244,11,71.0
circuit_205.jpg,470,694,1,2,-0.3527,1.2332,1,75.0
circuit_205.jpg,518,696,1,3,-0.0723,1.5782,13,70.0
circuit_205.jpg,580,698,1,3,-0.0849,1.7371,15,74.0
circuit_210.jpg,220,252,1,3,0.2545,2.3546,18,74.0
circuit_210.jpg,494,252,1,3,0.2366,1.6799,30,80.0
circuit_210.jpg,94,259,0,2,-0.3346,1.4281,1,88.5
circuit_210.jpg,64,262,0,2,-0.2031,1.5802,13,93.0
circuit_210.jpg,64,274,0,2,-0.2834,1.0997,2,94.5
circuit_210.jpg,66,308,0,1,-0.3398,2.4724,8,95.0
circuit_210.jpg,428,329,1,2,-0.3674,1.0511,1,89.0
circuit_210.jpg,391,331,1,2,-0.2595,1.5433,10,86.0
circuit_210.jpg,492,363,1,4,0.1918,2.06,21,69.0
circuit_210.jpg,342,365,1,2,-0.0653,1.6522,3,86.0
circuit_210.jpg,744,365,1,2,-0.1616,1.7152,12,81.0
circuit_210.jpg,176,462,1,3,0.0786,1.8517,21,69.0
circuit_210.jpg,66,464,1,3,0.1767,1.687,26,71.0
circuit_210.jpg,288,464,1,2,-0.2498,1.2826,1,76.0
circuit_210.jpg,416,473,1,2,-0.1898,1.6203,2,75.0
circuit_210.jpg,380,525,1,3,0.1761,1.6659,30,72.0
circuit_210.jpg,492,543,0,3,0.2742,1.9776,13,69.0
circuit_210.jpg,739,546,1,3,0.1108,1.2537,6,68.0
circuit_210.jpg,844,597,0,2,-0.07,1.5316,20,81.0
circuit_210.jpg,465,686,1,2,0.0886,2.1492,23,74.0
circuit_210.jpg,382,687,1,2,0.0323,1.8269,14,73.0
circuit_210.jpg,73,717,0,2,-0.3049,1.3122,5,72.0
circuit_210.jpg,416,715,0,2,-0.1882,1.1062,1,73.5
circuit_210.jpg,490,717,0,3,0.2077,1.3929,13,63.0
circuit_210.jpg,518,718,0,2,-0.5639,1.0513,1,71.0
circuit_210.jpg,241,719,0,3,-0.0354,1.4298,5,61.0
circuit_210.jpg,574,723,0,3,-0.0938,2.1902,20,78.0
circuit_210.jpg,691,728,0,2,-0.1434,2.0128,9,74.5
circuit_210.jpg,734,730,1,3,0.1287,1.5006,15,66.0
circuit_210.jpg,816,732,1,2,-0.3952,1.1606,2,80.0
circuit_210.jpg,844,733,1,3,0.1018,1.4051,13,67.0
circuit_210.jpg,912,733,1,2,-0.2582,1.5811,5,70.0
circuit_215.jpg,268,250,1,3,0.2575,1.7998,34,99.0
circuit_215.jpg,64,258,0,2,-0.1566,1.4333,13,96.0
circuit_215.jpg,486,257,1,3,0.0996,1.7163,19,92.0
circuit_215.jpg,320,319,0,2,0.115,1.3705,13,87.0
circuit_215.jpg,159,338,1,2,-0.0099,1.6733,10,93.0
circuit_215.jpg,273,374,0,2,-0.248,1.695,6,92.0
circuit_215.jpg,282,376,0,2,-0.2417,1.4773,8,92.0
circuit_215.jpg,428,385,0,2,-0.2626,1.0682,3,94.0
circuit_215.jpg,493,388,0,4,0.3283,1.5703,29,82.0
circuit_215.jpg,321,397,0,2,-0.3593,1.5408,2,93.0
circuit_215.jpg,737,394,0,2,-0.0217,1.8679,12,94.0
circuit_215.jpg,166,466,1,3,-0.0334,1.4658,7,84.0
circuit_215.jpg,68,472,1,3,0.2132,1.4861,15,80.0
circuit_215.jpg,814,473,1,2,-0.4228,1.3893,7,91.0
circuit_215.jpg,846,475,1,2,-0.332,0.9892,0,94.0
circuit_215.jpg,864,477,1,2,-0.2672,1.4925,3,95.0
circuit_215.jpg,978,478,1,2,0.068,1.9111,20,95.0
circuit_215.jpg,488,498,0,1,-0.1988,0.8802,0,84.0
circuit_215.jpg,316,540,1,3,-0.2273,1.3791,4,77.0
circuit_215.jpg,729,571,0,3,-0.0039,1.6386,15,80.0
circuit_215.jpg,492,572,0,3,-0.099,1.7785,14,80.0
circuit_215.jpg,658,574,0,2,-0.3592,1.2457,3,82.0
circuit_215.jpg,645,576,0,2,-0.2111,1.2866,1,85.0
circuit_215.jpg,631,590,0,3,0.0092,1.6336,14,84.0
circuit_215.jpg,490,588,0,2,-0.025,2.1749,5,88.0
circuit_215.jpg,607,589,0,3,-0.3725,1.1081,2,85.0
circuit_215.jpg,590,595,0,1,-0.3623,1.1762,6,82.0
circuit_215.jpg,917,598,0,1,-0.3046,1.3052,2,79.0
circuit_215.jpg,803,599,1,2,-0.0096,1.7732,16,84.0
circuit_215.jpg,861,601,1,2,-0.2198,1.3382,4,86.5
circuit_215.jpg,927,614,0,2,-0.1957,1.4678,10,79.0
circuit_215.jpg,803,610,1,2,-0.2614,1.5517,4,85.0
circuit_215.jpg,976,612,0,2,-0.5243,1.0762,1,78.0
circuit_215.jpg,800,684,1,2,-0.1269,1.7517,12,85.0
circuit_215.jpg,323,686,1,2,-0.2528,1.6436,3,83.0
circuit_215.jpg,493,720,0,2,-0.4046,1.3726,6,83.5
circuit_215.jpg,218,741,1,3,0.0337,1.8813,19,82.0
circuit_215.jpg,491,742,1,3,-0.0643,1.6251,14,83.0
circuit_215.jpg,725,742,1,3,-0.1795,1.3213,7,74.0
circuit_215.jpg,854,742,1,3,-0.1896,1.8906,7,77.0
circuit_215.jpg,554,743,1,3,0.2594,1.7865,37,81.0
circuit_215.jpg,940,743,1,2,-0.2483,1.2233,4,77.0
circuit_215.jpg,963,743,1,2,-0.0964,2.0775,18,83.0
circuit_226.jpg,268,160,0,2,-0.1848,1.6292,10,105.0
circuit_226.jpg,459,160,0,2,-0.0895,1.6684,12,104.0
circuit_226.jpg,804,180,0,2,-0.1625,1.5962,4,105.0
circuit_226.jpg,820,180,0,2,-0.277,1.9199,9,105.0
circuit_226.jpg,463,204,0,2,-0.1769,1.6952,6,101.0
circuit_226.jpg,263,209,1,3,-0.0945,2.4636,18,100.0
circuit_226.jpg,202,211,1,2,-0.1252,1.745,10,96.0
circuit_226.jpg,620,234,0,3,-0.3799,1.722,4,92.0
circuit_226.jpg,464,246,0,3,0.0672,1.3846,8,82.0
circuit_226.jpg,818,248,0,3,0.2213,1.5878,22,87.0
circuit_226.jpg,644,267,0,2,-0.2877,1.2799,1,100.0
circuit_226.jpg,636,365,0,2,0.1197,1.9102,19,94.0
circuit_226.jpg,422,371,0,2,-0.3219,1.6772,3,97.0
circuit_226.jpg,377,374,0,2,-0.0324,1.6857,18,87.0
circuit_226.jpg,381,466,0,2,-0.1723,1.6833,7,86.0
circuit_226.jpg,547,474,0,2,-0.1503,1.2567,4,97.0
circuit_226.jpg,150,523,0,2,-0.1794,1.7144,9,79.0
circuit_226.jpg,176,526,0,1,-0.2507,0.842,0,85.0
circuit_226.jpg,301,530,0,3,0.0013,1.8771,16,86.0
circuit_226.jpg,383,530,0,4,0.1663,1.3808,15,72.0
circuit_226.jpg,546,534,0,3,0.0343,1.7574,18,78.0
circuit_226.jpg,974,536,0,2,-0.3699,1.3766,4,88.0
circuit_226.jpg,707,552,0,3,0.0929,1.3858,6,73.0
circuit_226.jpg,968,557,0,3,0.2025,1.6054,19,77.0
circuit_226.jpg,384,602,0,2,-0.1095,1.7743,11,89.0
circuit_226.jpg,53,616,0,2,-0.245,1.4163,9,89.0
circuit_226.jpg,148,616,0,4,0.1644,1.3062,7,67.0
circuit_226.jpg,299,623,0,2,-0.1065,1.737,9,71.5
circuit_226.jpg,151,640,0,3,-0.187,1.5632,5,84.0
circuit_226.jpg,530,732,0,3,-0.2442,1.222,5,84.0
circuit_226.jpg,529,786,0,3,0.0204,1.4457,15,74.0
circuit_226.jpg,714,809,0,3,-0.0555,1.6692,14,71.0
circuit_226.jpg,959,809,0,2,-0.1216,1.8265,9,79.5
circuit_226.jpg,698,811,0,2,-0.2416,1.4344,2,71.0
circuit_226.jpg,738,811,0,2,-0.4672,1.2734,2,78.0
circuit_230.jpg,384,387,1,3,0.0539,1.6773,9,77.0
circuit_230.jpg,604,388,0,3,0.1893,1.7521,14,73.0
circuit_230.jpg,816,389,1,2,0.1113,1.7652,18,76.0
circuit_230.jpg,144,397,1,2,-0.1669,1.2824,2,75.0
circuit_230.jpg,162,558,1,2,-0.148,1.6719,9,71.5
circuit_230.jpg,398,580,1,2,-0.0979,1.8361,7,74.0
circuit_230.jpg,166,582,1,2,-0.1345,1.4324,4,77.0
circuit_230.jpg,172,602,1,2,-0.0784,1.2904,3,79.5
circuit_230.jpg,616,601,1,3,-0.0794,1.6383,4,74.0
circuit_230.jpg,399,600,1,3,0.0572,1.3246,12,71.0
circuit_230.jpg,518,603,1,2,0.0031,2.0504,12,87.0
circuit_236.jpg,319,356,0,1,-0.0927,1.4793,11,82.0
circuit_236.jpg,481,358,1,3,0.0868,1.6764,13,71.0
circuit_236.jpg,657,357,1,2,0.0177,1.7582,21,92.5
circuit_236.jpg,660,568,1,2,-0.0345,1.4284,7,85.0
circuit_236.jpg,482,572,1,2,0.0857,1.8677,22,73.0
circuit_236.jpg,479,688,0,2,0.0218,1.721,18,72.0
circuit_236.jpg,323,692,0,2,-0.0674,1.6563,8,66.0
circuit_238.jpg,718,262,1,3,-0.0222,1.5465,24,83.0
circuit_238.jpg,247,266,0,3,-0.1528,1.8311,20,91.0
circuit_238.jpg,566,265,1,3,0.019,1.7421,23,88.0
circuit_238.jpg,418,268,0,3,-0.0169,1.8317,18,89.0
circuit_238.jpg,943,274,1,2,-0.1586,2.1599,10,100.0
circuit_238.jpg,26,280,1,2,-0.0291,2.3359,23,107.0
circuit_238.jpg,715,336,1,2,-0.205,1.4082,6,85.0
circuit_238.jpg,946,392,1,3,-0.0154,1.7346,24,96.0
circuit_238.jpg,564,398,1,2,-0.1911,1.552,6,85.0
circuit_238.jpg,27,433,1,3,0.0053,2.1058,22,105.0
circuit_238.jpg,27,466,1,2,-0.1942,1.5354,14,108.0
circuit_238.jpg,714,482,1,2,-0.0493,1.3014,9,87.0
circuit_238.jpg,940,502,1,2,-0.268,2.3379,10,95.0
circuit_238.jpg,714,549,1,3,0.0155,1.6074,9,84.0
circuit_238.jpg,934,549,1,4,-0.0058,1.7249,29,96.0
circuit_238.jpg,32,554,1,2,-0.215,1.8443,12,105.5
circuit_238.jpg,448,553,1,1,-0.1357,1.7466,19,87.0
circuit_238.jpg,338,555,1,2,-0.1786,1.8461,15,97.0
circuit_238.jpg,316,558,1,2,-0.2436,2.0122,16,98.0
circuit_238.jpg,272,560,1,2,-0.111,1.5425,12,94.0
circuit_238.jpg,33,570,1,3,-0.1422,1.9132,28,103.0
circuit_238.jpg,414,584,0,2,-0.1033,1.4285,10,94.0
circuit_238.jpg,412,596,0,2,-0.1783,1.525,17,92.0
circuit_238.jpg,32,620,1,2,0.0275,1.4678,11,105.0
circuit_238.jpg,406,650,0,2,0.1254,2.1999,15,96.0
circuit_238.jpg,405,689,0,3,-0.0126,1.7462,17,88.0
circuit_238.jpg,926,692,1,3,-0.0599,2.3721,22,95.0
circuit_238.jpg,560,698,1,3,-0.0545,1.7964,13,86.0
circuit_238.jpg,134,700,1,2,0.0098,2.1757,26,105.0
circuit_238.jpg,116,702,1,2,-0.111,1.5722,11,101.5
circuit_238.jpg,35,704,1,3,-0.0264,2.1611,28,101.0
circuit_238.jpg,925,738,1,2,-0.139,1.6523,18,99.0
circuit_238.jpg,37,816,1,2,-0.1644,1.6503,14,98.0
circuit_238.jpg,124,823,1,1,-0.0362,2.0537,24,95.0
circuit_238.jpg,204,830,0,1,-0.1015,1.4903,9,90.0
circuit_238.jpg,236,832,0,2,-0.1434,1.4984,16,90.0
circuit_238.jpg,442,840,1,2,0.0227,1.5538,13,99.0
circuit_238.jpg,472,842,1,2,-0.273,1.9201,16,93.0
circuit_238.jpg,920,856,1,2,-0.0722,1.7756,9,94.0
circuit_238.jpg,670,862,1,2,-0.1308,1.4413,7,85.0
circuit_238.jpg,678,863,1,2,-0.1805,1.6054,12,84.0
circuit_260.jpg,208,355,1,2,-0.4797,0.8993,0,107.5
circuit_260.jpg,402,356,1,3,-0.1076,1.3865,10,98.0
circuit_260.jpg,414,357,1,2,-0.7651,0.5781,0,99.5
circuit_260.jpg,167,363,1,2,0.0103,1.3143,8,93.0
circuit_260.jpg,595,363,1,2,-0.1792,1.4135,6,108.0
circuit_260.jpg,164,414,1,2,-0.2282,0.6518,0,97.0
circuit_260.jpg,406,614,1,4,-0.1415,1.6313,9,89.5
circuit_260.jpg,602,616,1,2,-0.2748,1.4224,3,98.0
circuit_260.jpg,166,621,1,2,-0.2363,1.3504,6,92.0
circuit_263.jpg,742,374,1,2,0.2603,1.5034,22,96.0
circuit_263.jpg,148,378,1,2,-0.0408,1.5975,12,92.0
circuit_263.jpg,380,380,1,2,-0.6089,1.0581,1,97.0
circuit_263.jpg,396,380,1,2,0.0679,1.6294,10,89.0
circuit_263.jpg,400,392,1,2,-0.4284,2.0412,7,91.0
circuit_263.jpg,405,440,1,2,-0.2739,1.3112,3,95.0
circuit_263.jpg,749,442,1,2,-0.1505,1.1642,2,95.0
circuit_263.jpg,594,584,1,2,-0.3049,1.2152,2,86.0
circuit_263.jpg,765,592,1,2,-0.2937,1.2665,3,87.0
circuit_263.jpg,594,610,1,3,-0.0017,1.6995,14,78.0
circuit_263.jpg,416,612,1,3,-0.0235,1.7232,8,81.0
circuit_263.jpg,584,613,1,2,-0.1444,1.1537,6,79.0
circuit_263.jpg,274,614,1,2,-0.3455,1.1346,1,95.0
circuit_263.jpg,492,614,1,3,-0.0139,1.8644,14,90.0
circuit_263.jpg,765,616,1,2,-0.1165,1.5409,5,86.0
circuit_263.jpg,730,618,1,2,-0.4557,1.2835,5,90.0
circuit_263.jpg,186,619,1,2,-0.1139,1.8753,10,86.0
circuit_267.jpg,663,377,1,2,0.0991,2.244,21,77.0
circuit_267.jpg,196,381,1,2,0.0158,1.403,10,78.0
circuit_267.jpg,432,381,0,2,-0.0751,1.2553,3,77.0
circuit_267.jpg,410,383,0,3,0.1308,1.8738,18,76.0
circuit_267.jpg,413,408,0,2,-0.1694,1.1807,2,84.0
circuit_267.jpg,203,570,1,2,-0.0852,1.7896,10,82.0
circuit_267.jpg,434,594,1,2,-0.0529,1.8827,5,74.0
circuit_267.jpg,668,614,1,2,-0.1863,0.962,0,70.5
circuit_267.jpg,436,616,1,3,-0.1859,1.7862,11,74.0
circuit_267.jpg,462,618,1,2,-0.1484,1.9794,8,80.0
circuit_267.jpg,209,623,1,2,-0.1435,1.7293,6,70.0
circuit_294.jpg,548,251,1,3,0.159,2.3385,21,101.0
circuit_294.jpg,764,249,1,2,-0.1466,1.0457,3,112.5
circuit_294.jpg,838,249,1,2,-0.3091,1.389,8,104.0
circuit_294.jpg,856,252,1,2,-0.1931,2.361,4,101.0
circuit_294.jpg,240,348,1,3,0.2434,1.7524,23,91.0
circuit_294.jpg,757,356,0,2,-0.0991,1.7823,6,87.0
circuit_294.jpg,847,430,0,4,0.2536,1.5969,19,85.0
circuit_294.jpg,930,432,0,2,-0.2306,1.8803,6,102.5
circuit_294.jpg,466,444,1,4,0.2367,1.3779,22,85.0
circuit_294.jpg,241,452,1,3,0.2245,1.4663,8,78.0
circuit_294.jpg,847,502,0,2,-0.1358,1.5456,3,92.0
circuit_294.jpg,208,504,0,1,-0.3973,1.2758,2,97.0
circuit_294.jpg,890,511,0,1,-0.2541,1.3806,2,90.0
circuit_294.jpg,587,519,1,2,-0.4375,1.6193,5,91.0
circuit_294.jpg,590,538,1,2,-0.0659,1.7264,5,92.0
circuit_294.jpg,886,562,0,3,-0.022,1.645,14,81.0
circuit_294.jpg,592,574,1,3,0.1093,1.7673,9,77.5
circuit_294.jpg,93,578,0,2,0.1361,1.6001,13,76.0
circuit_294.jpg,654,588,0,2,-0.0232,1.0192,1,88.0
circuit_294.jpg,90,590,1,2,-0.7179,1.0909,3,76.0
circuit_294.jpg,668,589,0,1,0.0594,1.412,9,89.0
circuit_294.jpg,764,607,1,3,0.0651,1.155,6,75.0
circuit_294.jpg,87,620,1,2,-0.3413,1.4712,11,91.0
circuit_294.jpg,466,638,1,3,0.0835,1.6175,14,78.0
circuit_294.jpg,521,638,1,2,-0.0045,1.889,12,88.0
circuit_294.jpg,527,682,1,2,-0.0967,1.3939,9,90.0
circuit_294.jpg,558,695,1,2,-0.2207,0.818,0,92.0
circuit_294.jpg,825,708,0,2,0.1305,1.9991,18,92.5
circuit_294.jpg,162,769,1,3,0.1127,1.9001,13,83.0
circuit_294.jpg,232,768,1,3,0.0727,1.3583,10,75.0
circuit_294.jpg,89,770,1,2,0.1265,1.4732,6,85.0
circuit_294.jpg,580,770,1,3,-0.1911,2.254,7,99.0
circuit_294.jpg,760,772,1,3,0.1815,1.6327,17,82.0
circuit_294.jpg,464,774,1,3,0.1608,1.4798,20,92.0
circuit_294.jpg,876,776,1,3,0.0255,1.3226,7,75.0
circuit_297.jpg,543,185,0,3,-0.2772,1.5296,3,96.0
circuit_297.jpg,249,188,0,2,0.0399,1.5647,11,86.0
circuit_297.jpg,783,230,0,2,-0.2491,1.2563,2,98.0
circuit_297.jpg,242,318,0,3,0.0567,1.4499,11,89.0
circuit_297.jpg,152,326,0,2,-0.0927,1.3765,13,88.0
circuit_297.jpg,652,443,1,2,-0.1224,1.6473,15,82.0
circuit_297.jpg,243,466,0,3,0.0144,1.8124,8,75.0
circuit_297.jpg,794,464,0,4,0.1348,1.8199,13,76.0
circuit_297.jpg,774,466,0,2,-0.5518,0.7225,0,88.0
circuit_297.jpg,422,469,0,4,0.1659,1.434,4,69.0
circuit_297.jpg,664,471,0,4,-0.3266,1.1711,3,84.0
circuit_297.jpg,369,471,0,2,-0.2003,0.8782,0,86.0
circuit_297.jpg,387,470,0,3,-0.0967,0.6764,0,86.0
circuit_297.jpg,386,486,0,2,-0.6835,0.8594,0,90.0
circuit_297.jpg,655,486,1,2,-0.498,0.9749,0,83.0
circuit_297.jpg,366,488,0,3,-0.6472,1.1623,3,89.0
circuit_297.jpg,342,493,0,2,-0.1802,1.1254,1,86.0
circuit_297.jpg,332,498,0,3,-0.7911,1.073,1,85.0
circuit_297.jpg,314,501,0,2,-0.0038,1.3919,3,88.0
circuit_297.jpg,315,513,0,2,-0.5358,1.0645,1,87.0
circuit_297.jpg,792,524,0,2,0.0325,1.6953,8,70.0
circuit_297.jpg,144,596,0,2,-0.3022,1.2764,3,83.0
circuit_297.jpg,517,604,0,2,-0.2556,1.6805,9,87.5
circuit_297.jpg,802,612,0,3,0.06,1.6679,12,81.0
circuit_297.jpg,724,619,0,2,-0.1639,1.412,5,81.0
circuit_297.jpg,808,638,0,2,-0.0623,1.7234,11,77.0
circuit_297.jpg,52,657,0,3,-0.5742,1.3963,3,69.0
circuit_297.jpg,811,670,0,2,-0.3835,1.0451,3,83.5
circuit_297.jpg,523,672,0,1,-0.2792,1.0708,1,82.0
circuit_297.jpg,641,679,0,3,-0.0669,1.8666,7,72.0
circuit_297.jpg,412,686,0,2,-0.1367,1.5521,3,80.0
circuit_297.jpg,639,696,0,2,0.0828,1.5897,13,75.5
circuit_297.jpg,641,742,0,2,-0.2833,1.5005,6,80.0
circuit_297.jpg,643,760,0,2,-0.1973,1.5052,7,83.0
circuit_297.jpg,413,772,0,3,0.1013,1.4141,6,62.0
circuit_297.jpg,453,772,0,2,-0.1762,1.4897,6,80.0
circuit_297.jpg,646,776,0,2,-0.3414,1.6644,7,80.0
circuit_297.jpg,455,786,0,2,-0.2022,1.2072,3,82.0
circuit_297.jpg,137,814,0,2,-0.2227,1.1818,4,82.0
circuit_297.jpg,740,821,0,2,-0.1041,1.4317,4,79.0
circuit_297.jpg,352,824,0,2,-0.1923,0.8193,0,81.0
circuit_297.jpg,459,854,0,2,-0.0736,1.4397,7,77.0
circuit_297.jpg,512,857,0,2,-0.4494,0.6435,0,70.0
circuit_297.jpg,133,872,0,2,-0.1375,1.4598,6,82.0
circuit_297.jpg,830,888,0,3,-0.0511,1.2429,9,65.0
circuit_297.jpg,764,895,0,2,-0.2985,1.0711,1,84.0
circuit_297.jpg,714,902,0,2,-0.2947,1.0275,1,87.0
circuit_297.jpg,60,904,0,2,-0.1585,1.2363,6,77.0
circuit_297.jpg,697,904,0,2,-0.4116,1.1805,4,87.0
circuit_297.jpg,640,912,1,3,-0.104,1.5107,4,75.0
circuit_297.jpg,668,909,0,2,-0.3649,1.2617,3,91.0
circuit_297.jpg,624,913,1,2,-0.5689,0.6912,0,87.0
circuit_297.jpg,520,917,1,3,0.1951,1.4591,21,83.0
circuit_297.jpg,409,921,1,3,0.0898,1.9063,12,83.0
circuit_297.jpg,326,925,1,2,0.0832,1.9774,13,121.0
circuit_297.jpg,130,929,0,3,-0.3776,0.9655,0,76.0
circuit_297.jpg,223,929,1,3,0.1983,1.8074,30,92.5
circuit_297.jpg,63,929,0,2,-0.0848,1.6275,9,85.0
circuit_299.jpg,549,375,1,3,-0.0398,1.4611,9,79.5
circuit_299.jpg,116,378,1,2,-0.0018,1.7123,10,84.0
circuit_299.jpg,216,381,1,3,-0.216,1.4626,5,81.0
circuit_299.jpg,696,382,1,3,0.0804,1.358,13,79.0
circuit_299.jpg,823,389,1,2,-0.1693,1.5433,4,87.0
circuit_299.jpg,696,512,0,2,-0.1028,1.2574,2,82.0
circuit_299.jpg,695,526,0,2,-0.2364,1.3371,4,82.0
circuit_299.jpg,692,578,1,2,0.0348,1.5018,13,76.0
circuit_299.jpg,553,581,1,4,-0.0262,1.7061,7,73.0
circuit_299.jpg,500,585,1,2,-0.3019,1.0757,2,82.0
circuit_299.jpg,440,590,1,2,-0.2229,1.1982,2,80.0
circuit_299.jpg,117,596,0,2,-0.1629,1.7309,7,79.0
circuit_299.jpg,220,600,1,3,0.0931,1.6967,11,76.0
circuit_300.jpg,375,361,0,2,-0.1175,1.3901,12,77.0
circuit_300.jpg,373,410,0,2,-0.2743,0.945,0,85.0
circuit_300.jpg,171,468,0,4,0.029,1.933,10,80.0
circuit_300.jpg,365,467,0,3,0.0347,2.2176,23,83.0
circuit_300.jpg,494,474,0,2,-0.2352,1.653,9,94.0
circuit_300.jpg,895,484,0,2,-0.0045,1.0364,1,86.0
circuit_300.jpg,357,563,0,3,0.1037,2.264,14,80.0
circuit_300.jpg,504,563,0,3,0.4168,1.8636,36,83.0
circuit_300.jpg,764,616,0,2,-0.4181,0.8879,0,82.0
circuit_300.jpg,777,617,0,2,-0.0973,1.124,3,82.0
circuit_300.jpg,652,625,0,2,-0.4365,0.9705,0,82.0
circuit_300.jpg,511,630,0,2,0.1178,1.5828,17,77.0
circuit_300.jpg,779,630,0,2,-0.1878,1.5639,5,85.0
circuit_303.jpg,268,356,1,3,-0.0996,1.9499,14,100.0
circuit_303.jpg,90,357,0,2,-0.1485,1.5059,8,104.0
circuit_303.jpg,602,358,1,3,-0.2809,1.2238,6,100.5
circuit_303.jpg,432,360,1,3,-0.2435,1.3318,4,97.0
circuit_303.jpg,756,359,1,2,-0.4608,1.7276,2,97.5
circuit_303.jpg,90,374,0,2,-0.3621,1.3988,3,101.0
circuit_303.jpg,262,454,0,2,-0.1609,1.7293,8,97.0
circuit_303.jpg,600,489,1,4,-0.0909,1.494,12,91.0
circuit_303.jpg,766,489,1,4,-0.054,1.7757,8,90.0
circuit_303.jpg,884,492,0,2,-0.1836,1.4615,9,97.0
circuit_303.jpg,432,498,1,4,0.1364,1.9022,19,90.0
circuit_303.jpg,230,500,1,2,-0.1796,1.5846,8,93.5
circuit_303.jpg,259,501,1,4,0.0098,1.7047,14,90.0
circuit_303.jpg,91,506,1,4,-0.0187,1.5065,15,88.0
circuit_303.jpg,772,594,1,2,-0.3506,1.0476,1,87.0
circuit_303.jpg,604,600,1,2,-0.2243,1.0705,2,93.0
circuit_303.jpg,605,644,1,3,0.0468,2.1793,15,88.0
circuit_303.jpg,770,644,1,2,-0.2053,1.2292,2,88.0
circuit_303.jpg,434,653,1,3,-0.2199,1.209,5,89.0
circuit_303.jpg,81,658,0,2,-0.1571,1.3017,3,88.0
circuit_303.jpg,254,657,1,3,-0.1429,1.3891,9,88.0
circuit_303.jpg,232,661,0,2,-0.2363,0.9473,0,91.0
circuit_303.jpg,332,661,1,2,-0.2693,1.518,10,94.5
circuit_312.jpg,425,265,1,3,-0.2163,1.6053,8,86.0
circuit_312.jpg,179,265,1,2,0.184,1.6511,9,87.0
circuit_312.jpg,900,268,0,3,0.2535,1.5644,11,88.0
circuit_312.jpg,492,269,0,2,-0.2206,1.7153,9,88.0
circuit_312.jpg,889,501,0,2,-0.0896,1.6299,4,83.0
circuit_312.jpg,434,504,1,4,0.1255,1.8754,12,88.0
circuit_312.jpg,876,504,1,3,0.0358,1.3731,5,82.0
circuit_312.jpg,181,510,1,2,-0.195,1.772,5,90.5
circuit_312.jpg,436,720,0,3,0.058,1.5815,10,91.0
circuit_312.jpg,512,721,0,2,-0.1946,1.228,3,94.0
circuit_312.jpg,864,727,1,2,-0.3931,1.3767,4,88.0
circuit_318.jpg,416,341,0,2,-0.0719,1.1856,4,81.0
circuit_318.jpg,554,341,0,2,-0.1108,1.3846,7,103.0
circuit_318.jpg,573,341,0,2,-0.5472,0.5455,0,87.0
circuit_318.jpg,414,366,0,3,-0.3606,1.0364,1,84.0
circuit_318.jpg,576,368,0,3,-0.1383,1.565,5,86.5
circuit_318.jpg,704,374,0,1,-0.1789,1.5935,4,90.0
circuit_318.jpg,713,376,0,2,-0.389,1.1318,1,85.0
circuit_318.jpg,573,386,0,2,-0.2828,1.3659,9,83.0
circuit_318.jpg,418,401,0,2,-0.095,1.3298,3,86.0
circuit_318.jpg,715,619,0,2,-0.3628,1.0126,1,76.0
circuit_318.jpg,586,626,0,2,-0.2387,1.181,2,96.0
circuit_318.jpg,598,625,0,2,-0.2351,1.117,3,96.5
circuit_318.jpg,434,632,0,3,-0.0256,1.4002,10,81.5
circuit_324.jpg,128,296,0,2,0.1025,1.6889,21,88.0
circuit_324.jpg,324,315,1,3,0.0373,2.1472,28,95.0
circuit_324.jpg,496,316,1,3,-0.2776,1.4452,16,94.0
circuit_324.jpg,857,324,1,2,-0.0931,1.9229,26,102.0
circuit_324.jpg,692,327,1,3,0.0734,2.3328,26,100.0
circuit_324.jpg,324,416,1,2,-0.1633,1.7755,17,85.0
circuit_324.jpg,133,447,1,4,0.1413,1.4901,5,74.0
circuit_324.jpg,329,449,1,4,0.2996,2.1652,35,80.0
circuit_324.jpg,497,451,1,4,0.119,1.8351,19,75.0
circuit_324.jpg,440,454,0,5,-0.099,1.3365,4,86.0
circuit_324.jpg,689,459,1,4,0.1054,2.3626,24,82.0
circuit_324.jpg,714,463,0,2,-0.3109,1.1112,3,101.0
circuit_324.jpg,744,466,0,2,-0.1071,1.6163,14,116.0
circuit_324.jpg,440,472,0,4,-0.2808,1.035,1,86.0
circuit_324.jpg,826,481,0,2,0.0169,1.754,10,77.0
circuit_324.jpg,850,483,1,4,0.1484,2.0307,27,80.0
circuit_324.jpg,401,484,0,3,-0.5399,1.7911,6,82.0
circuit_324.jpg,436,486,0,3,0.0207,2.4198,7,85.0
circuit_324.jpg,929,487,1,2,-0.0834,1.7961,22,90.0
circuit_324.jpg,410,493,0,3,0.1576,1.7953,15,83.0
circuit_324.jpg,298,682,0,2,-0.2448,1.3444,8,81.0
circuit_324.jpg,340,682,1,3,0.0304,1.6576,16,82.0
circuit_324.jpg,274,685,0,1,-0.1248,1.2078,3,84.0
circuit_324.jpg,503,687,1,3,-0.0223,1.5645,17,76.0
circuit_324.jpg,702,692,1,3,0.0266,1.8564,15,84.0
circuit_324.jpg,849,693,1,4,-0.0877,2.0814,17,73.0
circuit_324.jpg,926,694,0,2,-0.0957,1.953,10,82.0
circuit_327.jpg,372,412,1,2,-0.1574,1.4923,8,95.0
circuit_327.jpg,841,370,1,2,-0.0036,1.8768,18,100.0
circuit_327.jpg,166,374,0,2,-0.1777,1.1632,4,100.0
circuit_327.jpg,703,373,1,3,-0.1513,1.8121,9,89.0
circuit_327.jpg,411,493,0,2,-0.1771,1.2703,8,102.0
circuit_327.jpg,511,543,1,2,-0.0359,1.6536,4,97.0
circuit_327.jpg,859,585,0,2,-0.3186,2.152,3,92.0
circuit_327.jpg,860,608,0,2,-0.3237,1.6161,3,86.5
circuit_327.jpg,654,612,1,2,-0.4089,1.3171,4,95.0
circuit_327.jpg,705,612,1,4,0.1064,1.9158,13,84.0
circuit_327.jpg,798,611,0,2,-0.323,1.5746,3,93.0
circuit_327.jpg,286,617,0,2,-0.3539,0.9095,0,96.0
circuit_327.jpg,163,621,0,2,-0.0228,1.5716,9,90.5
circuit_328.jpg,339,146,0,2,-0.0528,2.0099,15,109.0
circuit_328.jpg,625,153,0,2,-0.5984,1.2991,4,94.0
circuit_328.jpg,825,156,0,2,-0.118,2.2719,14,102.0
circuit_328.jpg,233,204,1,2,-0.0538,1.634,9,97.0
circuit_328.jpg,340,205,1,3,-0.0505,2.3402,21,109.0
circuit_328.jpg,381,207,0,5,0.1259,1.9363,20,113.0
circuit_328.jpg,496,215,0,3,0.0323,1.8351,9,92.0
circuit_328.jpg,622,216,0,3,-0.1973,1.3751,8,85.0
circuit_328.jpg,826,218,0,4,-0.1965,1.5159,16,94.0
circuit_328.jpg,381,225,0,5,-0.1063,1.5359,6,104.0
circuit_328.jpg,990,229,0,2,-0.1958,1.7469,10,100.0
circuit_328.jpg,525,311,1,2,0.1723,2.3195,30,103.0
circuit_328.jpg,803,410,0,2,-0.1384,1.8022,13,89.0
circuit_328.jpg,804,484,0,2,-0.3249,1.4478,2,97.0
circuit_328.jpg,655,502,0,3,-0.5258,1.0802,1,80.5
circuit_328.jpg,486,505,1,3,-0.004,1.639,8,89.0
circuit_328.jpg,526,506,1,4,-0.0331,1.4333,13,84.0
circuit_328.jpg,804,514,0,3,-0.1326,1.8537,9,81.0
circuit_328.jpg,978,522,0,3,0.0216,1.2938,11,87.0
circuit_328.jpg,199,558,1,2,0.1822,2.8064,19,90.0
circuit_328.jpg,350,560,1,3,-0.1187,1.4331,2,78.0
circuit_328.jpg,486,578,1,2,0.1838,1.8465,18,92.5
circuit_328.jpg,306,598,0,2,0.0854,1.5941,17,89.5
circuit_328.jpg,815,667,0,2,-0.0365,1.9541,21,81.5
circuit_328.jpg,820,740,0,3,-0.1635,1.5499,10,78.0
circuit_328.jpg,534,746,0,2,-0.1723,1.677,20,90.5
circuit_328.jpg,630,747,0,3,0.0532,1.7954,4,73.0
circuit_328.jpg,555,750,0,2,-0.2822,0.8552,0,73.0
circuit_328.jpg,971,752,0,2,-0.288,1.374,4,82.0
circuit_328.jpg,556,777,0,2,-0.1691,1.5617,8,80.0
circuit_333.jpg,310,374,0,1,-0.1273,1.2509,3,108.0
circuit_333.jpg,128,377,1,2,-0.4331,1.2838,6,107.0
circuit_333.jpg,457,377,0,2,-0.4367,1.3238,3,105.0
circuit_333.jpg,791,473,1,3,-0.1651,1.6744,9,95.0
circuit_333.jpg,464,479,0,3,-0.0679,1.849,15,94.0
circuit_333.jpg,908,479,1,2,-0.4004,1.6688,12,97.0
circuit_333.jpg,504,482,0,3,-0.0799,1.5782,12,96.0
circuit_333.jpg,295,485,0,2,-0.1788,1.6758,8,96.0
circuit_333.jpg,146,592,1,2,-0.0883,2.2034,7,94.0
circuit_333.jpg,301,606,1,2,-0.1923,1.7941,10,96.0
circuit_333.jpg,799,617,1,2,0.0246,1.8974,9,84.0
circuit_333.jpg,389,620,1,4,-0.0808,1.7038,10,85.0
circuit_333.jpg,354,623,1,2,-0.3576,1.5704,4,98.5
circuit_333.jpg,303,625,1,3,0.1237,1.7746,13,94.0
circuit_333.jpg,906,626,0,2,-0.1658,1.4242,6,85.0
circuit_333.jpg,148,628,1,2,-0.0699,1.3691,4,92.0
circuit_337.jpg,564,106,0,3,-0.2561,1.0294,1,107.0
circuit_337.jpg,646,108,0,2,-0.0292,1.4252,6,126.5
circuit_337.jpg,825,116,0,2,0.1136,2.3638,15,92.0
circuit_337.jpg,740,218,1,2,-0.1525,1.3168,2,109.0
circuit_337.jpg,318,232,0,3,0.1232,1.7786,13,81.0
circuit_337.jpg,811,302,1,2,-0.3054,1.6202,4,81.0
circuit_337.jpg,805,350,1,2,-0.1371,1.4617,5,81.0
circuit_337.jpg,500,374,1,4,-0.4421,1.2279,1,73.0
circuit_337.jpg,803,374,1,4,-0.0714,1.5601,7,89.0
circuit_337.jpg,456,377,1,2,0.1251,1.6468,3,85.0
circuit_337.jpg,687,380,1,1,0.036,1.3937,3,75.0
circuit_337.jpg,324,380,0,3,0.0531,1.3995,8,74.0
circuit_337.jpg,396,401,0,4,-0.4193,1.3972,1,77.0
circuit_337.jpg,450,397,0,4,-0.4322,0.8514,0,87.0
circuit_337.jpg,412,402,0,3,-0.2038,1.4084,5,79.0
circuit_337.jpg,856,461,1,2,-0.4905,0.8748,0,80.0
circuit_337.jpg,803,464,1,3,-0.1768,1.4015,2,82.0
circuit_337.jpg,859,494,1,2,-0.4019,0.4064,0,78.0
circuit_337.jpg,861,505,1,2,-0.316,1.6462,8,78.5
circuit_337.jpg,634,518,1,2,-0.1235,1.2437,5,78.0
circuit_337.jpg,570,522,1,2,-0.192,1.2391,5,82.0
circuit_337.jpg,688,560,1,3,0.0356,1.7624,11,70.0
circuit_337.jpg,69,566,0,3,-0.024,1.812,6,74.0
circuit_337.jpg,901,584,1,2,-0.0809,1.1529,2,85.5
circuit_337.jpg,682,678,1,2,-0.4972,1.1321,1,88.0
circuit_337.jpg,754,689,1,2,-0.2404,1.3174,2,82.0
circuit_337.jpg,496,699,1,2,-0.0283,1.1808,3,71.0
circuit_337.jpg,535,699,1,2,-0.2037,1.0988,1,78.0
circuit_337.jpg,636,766,0,3,-0.2514,0.9861,0,70.0
circuit_337.jpg,825,773,0,2,-0.2276,1.5727,4,73.0
circuit_337.jpg,537,787,1,2,-0.3662,1.2136,5,69.0
circuit_337.jpg,632,795,1,4,-0.4765,1.2672,1,73.0
circuit_337.jpg,71,840,0,2,-0.1941,1.2718,2,72.0
circuit_337.jpg,902,852,0,2,-0.2501,1.3172,4,66.0
circuit_337.jpg,773,855,0,3,-0.0319,1.5636,10,78.0
circuit_337.jpg,327,857,1,3,-0.1639,1.5206,11,73.5
circuit_337.jpg,874,855,0,3,0.1198,1.7995,15,73.0
circuit_337.jpg,630,857,1,3,-0.4107,1.1277,1,81.0
circuit_337.jpg,502,860,1,3,-0.0652,1.4314,9,83.0
circuit_337.jpg,204,864,0,3,-0.2782,1.4752,6,79.5
circuit_337.jpg,98,868,0,2,-0.4637,0.7497,0,75.0
circuit_344.jpg,564,258,1,3,-0.0868,1.7559,14,92.0
circuit_344.jpg,644,262,1,2,-0.0798,1.2421,6,93.5
circuit_344.jpg,328,266,1,3,0.0002,2.0181,24,94.0
circuit_344.jpg,774,265,1,2,-0.1144,1.4502,4,94.0
circuit_344.jpg,827,266,1,2,-0.246,1.5813,6,93.0
circuit_344.jpg,156,268,0,2,-0.0888,1.494,8,98.0
circuit_344.jpg,238,381,0,2,0.07,2.0562,23,85.0
circuit_344.jpg,440,417,0,2,-0.1987,1.35,9,87.0
circuit_344.jpg,571,418,1,3,-0.1406,1.6041,7,73.5
circuit_344.jpg,336,432,1,2,-0.0984,1.4896,9,79.5
circuit_344.jpg,572,437,1,2,-0.109,1.6727,12,72.0
circuit_344.jpg,437,450,0,1,-0.1825,1.4509,4,82.0
circuit_344.jpg,435,466,0,2,-0.1594,1.7136,11,91.5
circuit_344.jpg,76,496,0,3,0.0165,1.6607,12,75.0
circuit_344.jpg,222,497,0,3,-0.0193,1.7221,13,69.0
circuit_344.jpg,446,498,0,3,-0.0294,1.8458,15,83.0
circuit_344.jpg,874,501,0,2,-0.0725,2.1524,11,86.0
circuit_344.jpg,439,520,0,2,-0.2066,1.5884,3,85.0
circuit_344.jpg,213,573,0,2,-0.5214,1.5055,6,77.0
circuit_344.jpg,433,574,0,3,-0.0632,1.5957,14,74.0
circuit_344.jpg,726,583,0,3,0.0637,1.5124,11,70.0
circuit_344.jpg,612,586,0,3,-0.2,1.4034,11,79.0
circuit_344.jpg,806,605,0,1,-0.1999,1.6733,14,80.0
circuit_344.jpg,430,624,0,2,-0.1274,1.1795,2,77.0
circuit_344.jpg,550,652,0,2,-0.4258,1.5498,6,80.0
circuit_344.jpg,209,686,0,2,0.0688,1.8078,10,81.0
circuit_344.jpg,212,733,0,2,-0.4014,1.1612,1,74.0
circuit_344.jpg,911,728,0,2,0.0233,1.8268,6,74.0
circuit_344.jpg,514,732,0,3,-0.1752,1.6093,10,79.0
circuit_344.jpg,712,732,0,3,-0.0388,1.5877,9,66.0
circuit_344.jpg,810,732,0,3,-0.1152,1.5609,14,71.0
circuit_344.jpg,606,734,0,3,0.2061,2.2184,23,78.0
circuit_344.jpg,98,735,0,2,-0.2619,1.0666,1,73.0
circuit_35.jpg,718,364,0,2,-0.527,1.5996,3,84.0
circuit_35.jpg,358,391,0,2,-0.3777,0.9719,0,82.0
circuit_35.jpg,217,401,1,2,-0.1447,1.6779,11,76.0
circuit_35.jpg,219,448,1,2,-0.1272,1.714,8,74.0
circuit_35.jpg,728,458,0,3,-0.1972,1.5039,8,70.0
circuit_35.jpg,696,460,0,2,-0.3364,0.9244,0,87.0
circuit_35.jpg,628,468,0,2,-0.2508,1.307,6,88.0
circuit_35.jpg,280,508,0,2,-0.1231,1.1532,2,85.0
circuit_35.jpg,234,512,1,2,0.1281,1.798,19,76.0
circuit_35.jpg,739,526,0,2,-0.0737,1.6982,7,75.0
circuit_35.jpg,316,564,0,4,-0.1633,1.2634,4,76.0
circuit_35.jpg,745,565,0,2,-0.0382,1.5923,10,71.0
circuit_35.jpg,704,574,0,2,-0.0666,2.282,5,110.0
circuit_35.jpg,246,576,1,2,-0.1023,1.1496,4,74.0
circuit_35.jpg,690,576,0,2,0.0175,1.7302,13,107.0
circuit_35.jpg,678,578,0,2,-0.1676,1.3528,4,101.5
circuit_35.jpg,654,581,0,2,-0.2464,1.1608,3,79.0
circuit_35.jpg,254,633,1,3,-0.005,1.7325,11,69.0
circuit_35.jpg,758,651,0,1,-0.2198,1.2401,4,71.0
circuit_35.jpg,258,656,0,2,-0.1926,1.2201,1,70.0
circuit_35.jpg,654,665,0,2,-0.063,1.8571,11,81.0
circuit_35.jpg,260,670,0,2,-0.3389,1.3951,8,72.0
circuit_35.jpg,264,696,0,2,-0.0526,1.6411,13,71.0
circuit_350.jpg,606,281,0,2,-0.1253,1.2821,3,102.0
circuit_350.jpg,705,282,1,3,-0.0535,2.2164,11,97.0
circuit_350.jpg,512,284,1,3,0.0274,1.5343,17,93.0
circuit_350.jpg,63,286,0,2,0.0062,1.7855,13,94.0
circuit_350.jpg,264,286,0,2,-0.3817,1.0062,1,94.0
circuit_350.jpg,276,287,1,3,0.0846,1.7867,20,89.0
circuit_350.jpg,867,414,0,1,-0.513,2.0198,8,81.0
circuit_350.jpg,512,454,1,2,-0.2765,1.8174,11,93.0
circuit_350.jpg,862,505,1,4,0.3215,1.5955,12,72.0
circuit_350.jpg,510,506,1,4,0.2242,2.2012,24,79.5
circuit_350.jpg,704,506,1,4,0.2644,1.963,24,78.0
circuit_350.jpg,939,506,0,2,-0.205,2.1093,18,86.0
circuit_350.jpg,274,509,1,4,-0.1355,1.4408,10,84.0
circuit_350.jpg,836,509,1,2,-0.1743,1.8133,12,86.0
circuit_350.jpg,63,514,1,3,-0.1089,1.4774,8,77.0
circuit_350.jpg,853,694,1,2,0.1589,1.9581,12,75.0
circuit_350.jpg,851,710,1,2,-0.0519,1.7409,20,81.0
circuit_350.jpg,695,715,1,3,-0.0459,1.8643,9,78.0
circuit_350.jpg,269,724,1,3,0.0034,1.8321,10,72.0
circuit_350.jpg,546,721,0,2,-0.3523,2.0158,7,97.0
circuit_350.jpg,504,723,1,3,-0.0572,1.4935,8,78.0
circuit_350.jpg,66,737,1,2,0.0472,1.9205,15,84.0
circuit_355.jpg,589,364,0,3,0.1361,1.3632,13,91.0
circuit_355.jpg,396,365,0,3,0.1746,1.5568,14,91.0
circuit_355.jpg,194,434,0,1,-0.2172,1.2183,1,93.0
circuit_355.jpg,391,540,0,2,0.1861,2.8393,21,86.0
circuit_355.jpg,201,602,0,2,-0.2375,1.1718,5,85.0
circuit_355.jpg,919,602,0,2,0.0941,1.6673,11,99.5
circuit_355.jpg,388,603,0,3,0.0934,1.4818,5,80.0
circuit_355.jpg,596,603,0,3,0.1242,1.5486,12,84.0
circuit_356.jpg,368,382,1,3,-0.1261,1.3922,4,91.0
circuit_356.jpg,567,383,1,3,-0.2281,1.2834,5,100.5
circuit_356.jpg,232,387,0,2,-0.302,1.0049,1,83.0
circuit_356.jpg,368,580,1,3,-0.2562,1.4743,7,104.0
circuit_356.jpg,472,580,1,3,0.0079,1.3266,9,93.5
circuit_356.jpg,566,585,1,3,-0.245,1.1981,3,91.5
circuit_361.jpg,865,376,0,2,-0.1694,1.7966,13,81.0
circuit_361.jpg,680,382,0,3,-0.0207,1.5349,11,75.0
circuit_361.jpg,471,386,0,3,-0.1021,1.5263,7,75.0
circuit_361.jpg,473,504,0,2,-0.1787,2.049,9,79.0
circuit_361.jpg,857,564,0,2,-0.4096,0.9164,0,82.0
circuit_361.jpg,682,567,0,3,-0.0947,1.7088,5,69.0
circuit_361.jpg,475,570,0,4,0.0867,1.3973,16,74.0
circuit_372.jpg,798,360,1,2,-0.2737,1.314,1,103.0
circuit_372.jpg,173,365,1,2,0.2869,1.7623,23,113.0
circuit_372.jpg,526,362,0,3,-0.1265,1.3963,5,101.0
circuit_372.jpg,390,364,0,3,-0.0462,1.3408,13,110.0
circuit_372.jpg,387,400,0,2,-0.4657,0.8295,0,95.0
circuit_372.jpg,801,456,1,2,-0.1829,1.1445,2,95.0
circuit_372.jpg,379,540,0,1,-0.4163,1.174,2,91.0
circuit_372.jpg,156,590,1,2,-0.37,0.8727,0,88.5
circuit_372.jpg,528,632,1,4,0.0307,1.3969,5,82.0
circuit_372.jpg,799,630,1,2,-0.1766,1.3152,6,91.0
circuit_372.jpg,378,633,1,3,-0.2182,1.6259,8,97.5
circuit_372.jpg,386,633,1,2,-0.771,0.6949,0,98.0
circuit_374.jpg,208,360,0,2,0.034,2.2933,13,98.0
circuit_374.jpg,523,366,1,3,0.2089,2.0248,22,103.0
circuit_374.jpg,533,560,1,2,-0.1307,1.2783,10,99.0
circuit_374.jpg,498,577,0,2,-0.3583,1.3511,3,119.5
circuit_374.jpg,531,580,1,3,0.12,1.9548,20,96.0
circuit_383.jpg,797,391,0,2,-0.3893,1.9286,7,89.0
circuit_383.jpg,386,394,1,3,0.0721,1.4689,6,73.0
circuit_383.jpg,135,396,0,2,0.1793,1.9883,23,76.0
circuit_383.jpg,570,395,0,3,0.17,1.6949,23,78.0
circuit_383.jpg,807,600,0,2,0.0618,1.9797,18,95.0
circuit_383.jpg,579,614,1,3,-0.0018,1.2975,18,76.0
circuit_383.jpg,558,618,1,2,-0.0755,1.7477,11,114.0
circuit_383.jpg,526,622,1,3,0.3245,1.6178,21,90.0
circuit_383.jpg,390,629,1,2,-0.1069,1.8702,19,81.0
circuit_383.jpg,326,641,0,2,-0.2319,1.4254,2,88.0
circuit_383.jpg,308,644,0,2,-0.2179,1.4311,5,91.0
circuit_383.jpg,280,647,0,2,-0.1355,2.0352,13,106.0
circuit_383.jpg,242,651,0,2,-0.1298,1.5574,5,94.0
circuit_383.jpg,222,654,0,2,-0.1281,1.5132,9,103.0
circuit_383.jpg,149,661,0,2,0.1786,1.9826,23,85.0
circuit_384.jpg,302,361,0,2,-0.0102,1.5895,10,78.0
circuit_384.jpg,644,366,0,2,-0.4132,0.8673,0,81.5
circuit_384.jpg,680,460,0,2,-0.3539,1.2193,2,85.5
circuit_384.jpg,490,464,1,3,-0.1938,1.2125,6,80.0
circuit_384.jpg,297,468,0,3,-0.1025,1.3948,10,77.0
circuit_384.jpg,493,656,0,2,-0.1731,1.2273,6,73.0
circuit_384.jpg,468,659,0,2,-0.2473,0.9271,0,81.0
circuit_384.jpg,297,672,0,2,-0.0641,1.3675,6,74.0
circuit_386.jpg,795,360,0,2,-0.2184,1.9412,7,95.0
circuit_386.jpg,498,368,0,3,-0.5403,1.0359,1,98.0
circuit_386.jpg,162,368,0,3,-0.0919,1.5338,13,94.0
circuit_386.jpg,436,370,1,2,-0.1717,0.7955,0,101.0
circuit_386.jpg,476,373,1,3,-0.1256,1.3527,7,91.0
circuit_386.jpg,397,409,0,2,-0.4663,1.1713,2,114.0
circuit_386.jpg,558,417,0,2,-0.2289,1.3719,7,100.0
circuit_386.jpg,477,414,0,1,-0.216,1.4687,4,99.0
circuit_386.jpg,162,426,0,1,-0.165,1.2506,2,95.0
circuit_386.jpg,333,440,0,1,-0.1772,1.5804,7,98.0
circuit_386.jpg,624,454,0,1,-0.0165,1.5742,7,91.0
circuit_386.jpg,153,534,1,2,0.0882,1.5161,14,98.0
circuit_386.jpg,178,544,1,2,-0.1953,1.0095,1,102.0
circuit_386.jpg,197,552,1,2,-0.2934,0.9257,0,101.0
circuit_386.jpg,259,574,1,2,-0.2804,1.0808,3,97.5
circuit_386.jpg,640,574,0,3,-0.0404,2.1763,11,88.0
circuit_386.jpg,796,576,0,3,0.0451,1.4395,11,83.0
circuit_386.jpg,576,605,0,2,-0.2636,1.0642,1,94.0
circuit_386.jpg,332,597,1,3,0.0891,1.5218,9,84.0
circuit_386.jpg,360,611,1,2,-0.1484,1.3787,2,91.0
circuit_386.jpg,386,622,1,1,-0.2731,1.3842,2,89.0
circuit_386.jpg,406,630,1,2,-0.2391,1.1797,3,89.0
circuit_386.jpg,515,642,0,3,-1.1147,0.2744,0,94.0
circuit_386.jpg,414,649,0,3,-0.389,1.1913,1,97.0
circuit_386.jpg,152,647,0,2,-0.2828,1.4638,5,92.0
circuit_386.jpg,180,648,0,2,-0.2389,1.579,3,92.0
circuit_386.jpg,475,653,0,4,0.0754,1.2675,8,72.0
circuit_386.jpg,800,650,0,2,-0.2429,1.4647,7,93.0
circuit_386.jpg,660,697,0,4,-0.46,1.1112,1,91.0
circuit_386.jpg,679,701,0,4,-0.4112,0.3692,0,86.0
circuit_386.jpg,608,730,0,5,0.2847,2.7337,7,144.0
circuit_386.jpg,36,730,0,3,-0.1461,2.419,2,130.5
circuit_386.jpg,58,730,0,4,-0.3345,1.5505,3,132.0
circuit_386.jpg,101,728,0,3,-0.3855,1.582,2,138.0
circuit_386.jpg,124,730,0,4,1.1129,2.6917,8,136.0
circuit_386.jpg,155,727,0,3,-0.0897,1.3023,1,137.0
circuit_386.jpg,294,727,0,3,0.3606,1.7309,5,131.0
circuit_386.jpg,311,730,0,3,0.3404,2.7193,7,136.5
circuit_386.jpg,382,730,0,3,0.0883,2.2922,4,144.5
circuit_386.jpg,410,727,0,3,-0.807,0.0,0,140.0
circuit_386.jpg,428,730,0,3,0.0986,3.0704,7,142.5
circuit_386.jpg,470,727,0,3,-0.3599,0.8208,0,134.0
circuit_386.jpg,510,727,0,3,-0.1431,1.6167,1,146.0
circuit_386.jpg,562,726,0,4,0.1858,2.367,7,144.0
circuit_386.jpg,638,730,0,3,0.1002,2.3342,5,144.0
circuit_386.jpg,772,727,0,3,0.0718,2.24,2,142.0
circuit_386.jpg,789,730,0,4,0.239,3.0389,7,142.0
circuit_386.jpg,860,727,0,2,0.2911,2.4185,6,142.0
circuit_386.jpg,964,727,0,3,-0.2278,1.6865,2,133.0
circuit_386.jpg,1002,727,0,3,-0.6217,0.3309,0,134.0
circuit_386.jpg,76,733,0,2,-0.1218,1.8425,4,140.5
circuit_386.jpg,165,732,0,2,0.218,2.2967,8,135.0
circuit_386.jpg,210,732,0,4,0.1684,2.1759,11,138.0
circuit_386.jpg,452,732,0,2,0.2039,2.3073,7,141.0
circuit_386.jpg,480,731,0,3,-0.0185,3.3693,6,136.5
circuit_386.jpg,529,732,0,2,0.3031,2.3664,10,142.0
circuit_386.jpg,659,732,0,2,0.1572,2.4679,12,138.0
circuit_386.jpg,830,732,0,3,0.091,3.3547,9,138.0
circuit_386.jpg,873,732,0,2,-0.0708,1.9507,8,140.0
circuit_386.jpg,977,732,0,2,0.2228,2.3349,12,136.0
circuit_386.jpg,1012,731,0,2,0.2051,2.409,10,134.0
circuit_386.jpg,568,735,0,2,0.2042,3.1983,6,144.0
circuit_394.jpg,892,160,1,2,0.1335,2.5242,24,93.0
circuit_394.jpg,730,164,1,2,0.1178,1.3804,4,72.0
circuit_394.jpg,545,168,1,3,0.002,1.4923,7,73.0
circuit_394.jpg,194,174,0,3,0.0896,1.4904,8,78.0
circuit_394.jpg,342,173,1,2,-0.3102,2.0098,12,81.0
circuit_394.jpg,367,174,1,3,0.0342,1.2446,9,77.0
circuit_394.jpg,892,242,1,2,-0.213,1.6816,7,109.0
circuit_394.jpg,44,308,1,3,0.2474,2.8161,36,115.0
circuit_394.jpg,768,310,0,2,-0.2574,1.3939,3,80.5
circuit_394.jpg,890,310,1,3,0.1028,1.8405,27,95.0
circuit_394.jpg,210,312,1,1,0.1539,2.2408,16,96.0
circuit_394.jpg,294,313,1,2,-0.1545,1.2586,9,115.0
circuit_394.jpg,386,317,1,3,-0.183,1.242,6,87.0
circuit_394.jpg,410,316,1,2,-0.0017,1.8073,5,106.0
circuit_394.jpg,752,321,0,2,-0.2003,1.8467,7,82.0
circuit_394.jpg,561,325,1,2,-0.3141,1.223,6,90.0
circuit_394.jpg,731,324,1,3,-0.0501,2.1119,21,98.0
circuit_394.jpg,541,329,1,2,0.0407,1.8037,19,101.0
circuit_394.jpg,885,438,1,2,-0.2777,1.424,7,96.0
circuit_394.jpg,882,487,1,4,0.1617,1.4955,12,77.0
circuit_394.jpg,726,492,1,3,-0.1841,1.2813,5,74.0
circuit_394.jpg,41,495,1,3,0.2446,2.309,27,105.0
circuit_394.jpg,203,496,1,2,0.0957,1.6323,12,100.0
circuit_394.jpg,562,495,1,2,-0.2335,1.3975,7,79.0
circuit_394.jpg,554,500,1,1,-0.1344,1.516,2,89.0
circuit_394.jpg,542,504,1,3,0.0551,1.7141,6,92.0
circuit_394.jpg,538,632,1,2,-0.3769,0.8355,0,85.0
circuit_394.jpg,586,708,1,2,-0.2964,1.4527,5,85.0
circuit_394.jpg,542,710,1,3,-0.0358,1.5359,11,72.0
circuit_394.jpg,879,711,1,3,0.0673,1.5994,28,77.0
circuit_394.jpg,372,715,0,3,-0.0747,1.2587,9,79.0
circuit_394.jpg,205,722,1,2,-0.1398,1.3708,7,94.0
circuit_394.jpg,32,724,1,3,0.0805,2.013,21,102.0
circuit_394.jpg,879,910,1,2,-0.0643,1.4109,6,74.0
circuit_394.jpg,800,914,1,2,-0.1943,1.2183,2,78.0
circuit_394.jpg,750,918,1,2,-0.2284,1.7723,6,76.0
circuit_394.jpg,186,931,0,3,0.2477,1.5435,19,87.0
circuit_41.jpg,553,377,1,3,-0.079,1.3345,7,68.0
circuit_41.jpg,400,379,1,3,-0.0783,1.2664,5,74.0
circuit_41.jpg,556,561,1,3,-0.2301,2.0888,6,81.0
circuit_41.jpg,403,563,1,3,-0.1094,1.668,8,81.0
circuit_41.jpg,482,563,1,3,-0.0131,1.328,12,86.0
circuit_41.jpg,706,563,1,2,-0.0465,1.8866,10,106.0
circuit_41.jpg,748,566,1,2,-0.1143,1.343,4,75.0
circuit_415.jpg,145,194,0,2,-0.2738,1.2691,3,82.0
circuit_415.jpg,206,195,0,2,-0.4453,1.3086,2,87.0
circuit_415.jpg,303,203,0,2,-0.1108,1.7279,16,87.0
circuit_415.jpg,322,203,0,2,-0.256,1.5667,9,95.5
circuit_415.jpg,335,203,0,2,0.3635,1.5507,11,111.0
circuit_415.jpg,473,210,0,2,-0.2449,1.1138,4,87.0
circuit_415.jpg,498,212,0,3,-0.0826,1.9458,18,92.0
circuit_415.jpg,722,219,0,2,-0.2696,1.3319,8,97.0
circuit_415.jpg,758,219,0,2,-0.3438,1.4386,9,89.0
circuit_415.jpg,302,354,1,2,-0.3367,1.3483,3,75.0
circuit_415.jpg,302,366,1,2,-0.0827,1.8171,8,78.0
circuit_415.jpg,506,376,1,3,0.1117,1.6075,19,65.0
circuit_415.jpg,708,378,1,2,0.0739,1.4405,14,75.0
circuit_415.jpg,908,443,1,2,-0.0885,1.5569,4,80.0
circuit_415.jpg,142,470,1,3,0.1081,1.6008,28,72.0
circuit_415.jpg,245,477,1,3,0.0739,1.391,12,66.0
circuit_415.jpg,472,482,0,2,-0.2976,1.9595,7,80.5
circuit_415.jpg,511,486,0,2,0.0568,1.7373,20,73.0
circuit_415.jpg,677,520,0,3,0.071,1.8553,18,68.5
circuit_415.jpg,616,523,0,2,-0.1261,1.3982,6,73.0
circuit_415.jpg,405,530,0,2,-0.0163,2.1736,12,80.0
circuit_415.jpg,745,531,0,2,-0.2416,1.2843,5,82.0
circuit_415.jpg,781,534,0,2,-0.1426,1.4751,6,77.0
circuit_415.jpg,820,544,0,1,0.0767,1.9892,18,76.0
circuit_415.jpg,266,558,0,2,-0.0864,1.6439,14,81.0
circuit_415.jpg,405,562,0,3,0.1835,1.7354,19,71.0
circuit_415.jpg,514,594,0,2,-0.0014,1.793,21,75.0
circuit_415.jpg,607,593,0,2,-0.0482,1.9804,17,80.0
circuit_415.jpg,738,620,0,2,-0.0603,1.3484,6,75.0
circuit_415.jpg,898,631,0,2,-0.2932,1.1283,2,77.0
circuit_415.jpg,514,640,0,2,-0.2714,1.3126,3,78.0
circuit_415.jpg,139,642,0,2,-0.1284,1.3789,6,74.0
circuit_415.jpg,682,671,0,3,-0.1685,1.2251,5,62.0
circuit_415.jpg,782,675,0,3,-0.129,1.5825,10,68.0
circuit_415.jpg,270,682,0,2,-0.1294,2.0526,8,77.0
circuit_415.jpg,890,683,0,2,0.0148,1.6113,15,68.0
circuit_415.jpg,404,688,0,2,-0.4238,1.3624,8,76.0
circuit_415.jpg,404,699,0,2,-0.059,1.9225,9,76.0
circuit_415.jpg,270,750,0,3,-0.1001,1.6734,19,73.0
circuit_415.jpg,513,758,0,4,-0.3671,1.5053,12,71.0
circuit_415.jpg,681,780,0,2,-0.117,1.9377,16,76.0
circuit_417.jpg,255,391,0,1,0.084,1.5183,6,77.0
circuit_417.jpg,823,422,1,2,-0.1394,1.7345,3,88.0
circuit_417.jpg,834,619,0,2,-0.2413,1.2212,4,96.0
circuit_417.jpg,556,628,0,3,-0.1903,2.69,9,104.0
circuit_417.jpg,396,632,0,2,-0.2547,1.3814,3,109.0
circuit_427.jpg,481,325,0,3,-0.098,1.2334,6,88.0
circuit_427.jpg,566,325,0,2,-0.2263,0.9848,0,98.0
circuit_427.jpg,292,330,0,2,0.0273,1.9445,19,95.0
circuit_427.jpg,285,466,1,2,-0.0845,1.9029,14,85.0
circuit_427.jpg,650,478,0,3,0.0806,1.5138,12,82.0
circuit_427.jpg,480,487,0,4,-0.0452,1.5742,13,79.0
circuit_427.jpg,434,490,0,2,-0.168,1.0984,2,88.0
circuit_427.jpg,286,494,1,3,0.023,1.3935,8,81.0
circuit_427.jpg,285,512,1,1,-0.3792,1.4701,5,82.0
circuit_427.jpg,216,571,0,3,-0.198,1.4733,4,83.0
circuit_427.jpg,190,572,0,2,-0.1932,1.2266,2,79.0
circuit_427.jpg,655,686,1,1,-0.2087,1.6959,2,73.0
circuit_427.jpg,528,693,1,2,-0.1994,0.8868,0,78.0
circuit_427.jpg,284,702,1,2,-0.1113,1.331,6,82.0
circuit_427.jpg,336,705,1,2,-0.3534,0.8548,0,82.0
circuit_437.jpg,888,198,1,2,-0.2519,1.1524,2,96.0
circuit_437.jpg,395,203,1,3,-0.0847,1.6512,19,95.0
circuit_437.jpg,602,203,1,3,-0.3628,1.869,9,91.0
circuit_437.jpg,147,206,1,2,-0.0148,1.6509,7,91.0
circuit_437.jpg,306,205,1,2,-0.2469,1.5311,11,95.0
circuit_437.jpg,394,242,0,2,-0.1758,1.4849,12,97.0
circuit_437.jpg,314,329,1,2,-0.183,1.4798,8,91.0
circuit_437.jpg,672,403,0,2,-0.3276,1.5761,4,88.0
circuit_437.jpg,617,406,0,4,-0.0007,1.7977,15,85.0
circuit_437.jpg,399,409,0,2,-0.0509,1.6713,14,91.0
circuit_437.jpg,154,436,1,3,-0.2117,2.0735,15,93.0
circuit_437.jpg,312,438,1,3,-0.0043,2.2518,16,89.0
circuit_437.jpg,313,472,1,2,-0.0913,1.8521,6,90.0
circuit_437.jpg,280,493,1,2,-0.2559,1.8952,9,88.0
circuit_437.jpg,259,495,1,2,0.0624,1.9216,16,93.0
circuit_437.jpg,504,520,0,2,-0.2028,2.0564,9,87.0
circuit_437.jpg,260,522,1,2,-0.0609,1.4604,6,97.0
circuit_437.jpg,263,552,1,2,-0.0702,1.4984,13,86.0
circuit_437.jpg,312,556,1,2,-0.1444,1.5168,9,84.0
circuit_437.jpg,962,560,0,2,-0.0618,1.5528,8,88.0
circuit_437.jpg,422,567,1,2,-0.1067,1.5387,8,87.0
circuit_437.jpg,454,572,1,2,-0.176,2.1252,5,87.0
circuit_437.jpg,496,573,1,2,-0.1954,1.4641,9,81.0
circuit_437.jpg,962,629,0,2,0.0483,0.8723,0,92.0
circuit_437.jpg,834,648,0,2,-0.1544,1.5495,7,84.0
circuit_437.jpg,626,652,0,3,-0.0547,1.5916,14,84.0
circuit_437.jpg,482,653,1,2,-0.2631,1.2234,3,84.0
circuit_437.jpg,505,654,1,3,-0.169,2.0053,11,82.0
circuit_437.jpg,830,664,0,3,0.0132,1.5016,9,83.0
circuit_437.jpg,874,691,0,2,-0.0911,1.4909,5,82.0
circuit_437.jpg,904,695,0,1,-0.1945,1.0296,2,78.0
circuit_437.jpg,867,714,0,2,-0.1832,1.9997,7,84.0
circuit_437.jpg,931,754,0,2,-0.1581,1.4746,9,77.0
circuit_437.jpg,955,754,1,3,-0.0586,2.0209,20,99.0
circuit_437.jpg,903,757,0,2,-0.2054,1.488,3,78.0
circuit_437.jpg,914,757,0,3,-0.1178,1.5163,6,78.0
circuit_437.jpg,863,767,0,2,-0.0731,1.7207,7,82.0
circuit_437.jpg,906,783,0,4,-0.0995,1.5115,17,78.0
circuit_437.jpg,952,785,0,3,-0.2117,1.6605,17,89.0
circuit_437.jpg,622,811,1,3,-0.1929,2.0104,10,83.0
circuit_437.jpg,380,811,1,3,-0.1789,1.4814,15,85.0
circuit_437.jpg,183,814,1,2,0.0317,1.784,12,85.0
circuit_437.jpg,318,814,1,2,-0.0558,1.1506,5,83.0
circuit_437.jpg,328,813,1,2,-0.2805,1.4415,4,83.0
circuit_437.jpg,820,818,1,3,-0.1759,1.6157,15,85.0
circuit_437.jpg,868,823,1,2,-0.2567,1.5231,7,88.0
circuit_437.jpg,896,826,1,3,-0.0228,1.7771,13,83.0
circuit_437.jpg,930,830,0,2,-0.2674,1.2628,3,82.0
circuit_437.jpg,954,837,0,3,-0.0646,1.8326,20,87.0
circuit_438.jpg,726,266,1,2,-0.1388,1.4487,13,94.0
circuit_438.jpg,855,265,1,2,-0.1099,1.9957,14,110.0
circuit_438.jpg,705,270,1,3,-0.0615,1.3343,14,104.0
circuit_438.jpg,546,273,1,3,0.0088,1.7583,15,99.0
circuit_438.jpg,384,281,1,3,0.1023,1.9676,29,93.0
circuit_438.jpg,110,292,1,2,0.0282,1.5766,10,88.0
circuit_438.jpg,385,292,1,2,-0.5961,1.6744,2,96.0
circuit_438.jpg,862,422,1,2,-0.0851,2.4264,8,103.0
circuit_438.jpg,861,454,1,4,0.1642,1.8611,27,84.0
circuit_438.jpg,708,459,1,4,0.1384,1.7946,17,82.0
circuit_438.jpg,550,464,1,4,0.1873,1.8419,21,89.0
circuit_438.jpg,388,472,1,4,0.4037,1.6199,36,83.0
circuit_438.jpg,372,473,1,2,-0.4847,0.7543,0,89.0
circuit_438.jpg,114,481,1,4,0.2832,1.762,12,77.0
circuit_438.jpg,547,620,1,2,0.4299,2.2171,34,98.0
circuit_438.jpg,709,649,1,3,-0.0989,1.3827,10,77.0
circuit_438.jpg,546,649,1,3,0.1314,1.9522,19,87.5
circuit_438.jpg,386,653,1,3,0.1118,1.8942,20,82.0
circuit_438.jpg,852,654,1,2,-0.4009,1.2211,3,81.0
circuit_439.jpg,358,394,1,3,0.1275,1.7091,13,75.0
circuit_439.jpg,588,394,1,2,-0.3655,1.2774,4,94.0
circuit_439.jpg,189,396,1,2,-0.204,1.5473,6,74.0
circuit_439.jpg,560,396,1,3,0.1929,2.0136,15,78.5
circuit_439.jpg,727,396,1,2,-0.0328,2.0211,7,82.0
circuit_439.jpg,367,570,1,2,-0.2302,1.2275,1,85.0
circuit_439.jpg,729,616,1,2,0.0779,1.6874,12,84.0
circuit_439.jpg,373,616,1,3,0.075,1.4982,6,78.0
circuit_439.jpg,540,616,0,2,-0.3874,1.2231,1,88.0
circuit_439.jpg,564,618,1,3,0.0453,1.8496,17,81.0
circuit_439.jpg,293,626,1,2,-0.2971,1.1835,5,91.5
circuit_439.jpg,268,628,1,2,-0.2358,1.6055,5,91.0
circuit_439.jpg,216,629,1,2,-0.1558,1.5674,9,85.0
circuit_455.jpg,260,320,0,2,-0.197,1.4255,4,83.0
circuit_455.jpg,577,327,0,2,-0.3334,1.6339,7,84.0
circuit_455.jpg,258,407,0,4,-0.1126,1.245,7,71.0
circuit_455.jpg,576,408,1,4,0.1387,1.6752,11,76.0
circuit_455.jpg,680,412,1,3,0.1889,1.5851,9,79.0
circuit_455.jpg,812,412,1,2,-0.4245,0.7976,0,88.0
circuit_455.jpg,134,578,0,2,-0.0461,1.6995,6,78.0
circuit_455.jpg,814,602,1,2,-0.1408,1.8892,7,88.0
circuit_455.jpg,682,606,1,3,-0.0628,1.7821,15,81.0
circuit_455.jpg,133,610,0,2,0.0205,1.667,15,80.0
circuit_455.jpg,253,612,1,3,-0.0436,1.6823,18,87.0
circuit_455.jpg,566,612,1,4,-0.2052,1.5742,8,75.0
circuit_468.jpg,610,41,1,2,0.1778,1.324,19,92.5
circuit_468.jpg,466,48,1,2,-0.0658,1.4848,9,125.0
circuit_468.jpg,444,50,1,2,0.0238,1.6764,5,114.5
circuit_468.jpg,376,52,1,3,0.0825,1.9495,14,108.0
circuit_468.jpg,191,62,1,3,0.1947,2.0728,31,101.5
circuit_468.jpg,59,68,1,2,-0.1708,2.2138,16,106.0
circuit_468.jpg,605,96,1,2,-0.0839,1.9773,21,96.0
circuit_468.jpg,57,190,1,1,-0.17,1.3645,3,92.0
circuit_468.jpg,595,210,1,3,0.0244,1.8544,10,81.0
circuit_468.jpg,382,213,1,2,0.1198,1.7792,18,90.0
circuit_468.jpg,859,214,1,3,0.137,1.5214,25,89.0
circuit_468.jpg,756,216,1,2,-0.3727,1.2505,4,96.5
circuit_468.jpg,56,241,1,3,0.0878,1.6833,18,80.0
circuit_468.jpg,54,276,1,2,-0.3757,1.3724,2,87.0
circuit_468.jpg,378,318,1,2,0.175,1.4279,13,80.0
circuit_468.jpg,373,374,1,2,-0.1695,1.829,18,79.0
circuit_468.jpg,853,376,1,3,-0.1698,1.2919,8,75.0
circuit_468.jpg,188,408,0,3,0.1881,1.4851,18,78.0
circuit_468.jpg,850,533,1,3,0.0924,1.9282,29,89.0
circuit_468.jpg,600,550,1,3,-0.4746,1.4048,7,88.0
circuit_468.jpg,186,564,1,3,0.1074,1.7508,20,80.0
circuit_468.jpg,376,564,1,2,-0.5553,1.8106,3,76.0
circuit_468.jpg,280,565,1,2,-0.6259,1.7474,4,99.0
circuit_468.jpg,847,716,1,3,0.0555,1.6949,20,76.0
circuit_468.jpg,795,722,1,2,-0.1907,1.232,5,103.0
circuit_468.jpg,758,726,1,2,-0.2467,1.5328,6,103.5
circuit_468.jpg,532,742,1,2,-0.3487,0.834,0,97.0
circuit_468.jpg,485,747,1,2,-0.0112,1.9019,6,72.5
circuit_468.jpg,364,759,1,5,-0.3249,1.22,3,71.0
circuit_468.jpg,346,761,1,3,-0.2035,1.3708,1,72.0
circuit_468.jpg,187,766,1,3,-0.2455,1.9988,5,74.0
circuit_468.jpg,185,782,1,2,-0.1473,1.6264,7,74.0
circuit_468.jpg,836,852,1,2,-0.324,1.537,4,78.0
circuit_468.jpg,42,890,1,2,0.0983,1.4915,11,75.0
circuit_468.jpg,832,896,1,2,-0.288,1.8262,6,89.0
circuit_468.jpg,811,898,1,1,-0.4653,1.0429,2,90.0
circuit_468.jpg,672,914,1,2,0.1555,1.5742,12,115.0
circuit_468.jpg,636,919,1,2,-0.1671,1.397,8,118.0
circuit_468.jpg,588,927,1,3,0.1945,1.7092,35,83.0
circuit_468.jpg,482,930,1,2,0.1481,1.6474,18,97.0
circuit_468.jpg,367,940,1,4,-0.0812,1.873,13,78.0
circuit_468.jpg,282,946,1,2,0.0979,1.7787,14,89.0
circuit_468.jpg,190,952,1,4,-0.0184,1.3351,6,78.5
circuit_468.jpg,36,964,1,2,-0.0159,1.4584,9,82.0
circuit_469.jpg,666,358,1,2,-0.0797,1.4552,6,82.0
circuit_469.jpg,486,360,1,2,-0.2976,1.1347,5,82.5
circuit_469.jpg,706,360,1,2,-0.2883,0.7948,0,80.0
circuit_469.jpg,436,484,1,2,-0.0867,1.6079,7,80.0
circuit_469.jpg,486,484,1,3,-0.6461,0.8287,0,74.0
circuit_469.jpg,277,618,1,2,-0.3016,0.966,0,78.0
circuit_469.jpg,706,635,1,2,-0.2245,1.4228,2,77.0
circuit_469.jpg,489,640,1,3,-0.1806,1.3401,6,73.0
circuit_470.jpg,183,55,1,2,-0.196,1.7496,5,98.0
circuit_470.jpg,355,58,1,3,0.1256,1.3395,6,79.0
circuit_470.jpg,704,61,1,3,0.118,1.0135,1,73.0
circuit_470.jpg,534,61,1,3,0.1362,1.4344,9,78.0
circuit_470.jpg,738,168,1,2,-0.3909,1.0964,1,91.0
circuit_470.jpg,758,170,1,2,-0.1712,1.0652,2,92.0
circuit_470.jpg,180,181,1,3,0.1473,1.1969,8,70.0
circuit_470.jpg,854,184,1,3,0.1578,1.5136,9,68.0
circuit_470.jpg,349,200,1,3,-0.2709,1.2131,3,84.0
circuit_470.jpg,181,202,1,2,-0.041,1.6825,9,83.0
circuit_470.jpg,690,334,1,3,-0.1337,1.3491,9,75.0
circuit_470.jpg,846,351,1,3,0.1383,1.1183,6,67.0
circuit_470.jpg,690,352,1,4,-0.3227,1.0669,2,80.0
circuit_470.jpg,367,362,1,3,0.0643,1.2979,11,65.0
circuit_470.jpg,690,370,1,3,-0.0792,1.4677,6,72.5
circuit_470.jpg,695,490,1,3,-0.2791,1.7792,7,72.0
circuit_470.jpg,844,508,1,3,0.0764,1.2791,5,63.0
circuit_470.jpg,693,515,1,4,0.1172,1.6127,7,75.0
circuit_470.jpg,371,519,1,3,0.0973,2.0337,14,67.0
circuit_470.jpg,523,540,1,4,-0.0422,1.7345,6,74.0
circuit_470.jpg,523,566,1,2,-0.1979,1.4512,9,76.0
circuit_470.jpg,729,645,1,2,-0.5516,0.8571,0,68.0
circuit_470.jpg,740,646,1,1,-0.0261,2.1599,4,71.0
circuit_470.jpg,785,663,1,3,-0.1479,1.0602,2,71.0
circuit_470.jpg,751,667,1,2,-0.4062,1.4109,2,71.0
circuit_470.jpg,724,664,1,4,-0.2122,1.3629,4,67.0
circuit_470.jpg,700,668,1,3,-0.2344,1.3108,9,77.0
circuit_470.jpg,373,702,1,2,0.0364,1.9778,11,67.0
circuit_470.jpg,843,703,1,3,0.168,1.7192,19,65.0
circuit_470.jpg,524,708,1,3,-0.0059,1.4857,7,58.0
circuit_470.jpg,596,708,1,2,-0.112,1.3981,1,75.0
circuit_470.jpg,705,707,1,2,-0.3876,0.9877,0,68.0
circuit_470.jpg,845,720,1,2,-0.2595,1.4616,7,71.0
circuit_470.jpg,683,726,1,2,-0.1331,1.9477,14,71.5
circuit_470.jpg,704,728,1,3,-0.0574,1.3574,4,62.0
circuit_470.jpg,524,738,1,2,-0.2216,1.6929,4,73.0
circuit_470.jpg,169,883,1,2,-0.4361,1.6886,10,76.0
circuit_470.jpg,378,886,1,3,0.0883,1.5706,1,62.0
circuit_470.jpg,527,888,1,4,0.1503,1.3715,3,57.0
circuit_470.jpg,542,891,1,2,-0.6751,1.1319,1,64.0
circuit_470.jpg,848,894,1,2,-0.0765,2.4541,12,73.0
circuit_470.jpg,693,900,1,2,0.1911,1.2317,9,60.0
circuit_472.jpg,896,308,0,2,-0.0276,1.9312,10,109.0
circuit_472.jpg,500,325,1,3,0.0919,1.9722,30,107.0
circuit_472.jpg,384,327,1,3,-0.1029,1.594,16,99.0
circuit_472.jpg,183,330,1,2,-0.2847,1.2375,5,103.0
circuit_472.jpg,274,329,1,3,-0.0963,1.4917,10,99.0
circuit_472.jpg,628,406,1,2,-0.1747,1.9206,10,97.0
circuit_472.jpg,174,436,0,3,-0.1893,1.3937,8,94.0
circuit_472.jpg,55,438,0,2,-0.2213,1.5407,8,97.0
circuit_472.jpg,492,482,0,2,-0.193,1.8493,5,96.0
circuit_472.jpg,491,496,0,2,-0.2161,1.0854,1,95.0
circuit_472.jpg,490,520,0,3,-0.0127,2.5917,19,95.0
circuit_472.jpg,896,590,0,3,-0.0779,1.8939,10,96.0
circuit_472.jpg,258,594,1,3,-0.0843,1.9909,18,94.0
circuit_472.jpg,49,602,1,2,-0.2561,1.7527,10,92.0
circuit_472.jpg,72,601,1,2,-0.3239,1.2752,3,95.0
circuit_472.jpg,733,602,1,2,-0.4496,1.4828,5,98.0
circuit_472.jpg,171,690,1,2,-0.3442,1.6691,3,90.5
circuit_472.jpg,890,695,0,2,-0.2593,1.5825,3,90.0
circuit_472.jpg,626,706,0,3,-0.2027,1.2806,7,91.0
circuit_472.jpg,481,711,1,3,-0.1313,1.8921,8,92.0
circuit_472.jpg,372,714,1,3,-0.3265,1.6162,6,89.0
circuit_472.jpg,254,717,1,3,-0.2835,1.4979,5,91.0
circuit_472.jpg,172,719,1,2,-0.0457,2.1563,13,89.5
circuit_481.jpg,768,350,0,2,-0.2201,1.3686,7,84.5
circuit_481.jpg,528,354,0,2,-0.0706,1.5812,6,120.0
circuit_481.jpg,500,356,0,3,0.2022,2.0708,24,90.0
circuit_481.jpg,246,362,0,2,-0.0235,1.5179,10,79.5
circuit_481.jpg,769,512,0,3,-0.093,1.5859,7,73.0
circuit_481.jpg,508,516,0,4,-0.1994,1.1171,3,75.0
circuit_481.jpg,246,524,0,3,-0.0437,1.2966,4,70.0
circuit_481.jpg,517,678,0,3,-0.2245,1.3102,3,81.0
circuit_481.jpg,374,684,0,2,-0.2898,1.0813,2,105.0
circuit_481.jpg,256,691,0,2,-0.4113,1.4994,4,85.0
circuit_485.jpg,518,278,0,3,-0.1466,1.5015,7,108.0
circuit_485.jpg,803,282,1,2,0.0476,1.9114,10,103.0
circuit_485.jpg,806,314,1,2,-0.2135,0.9833,0,107.0
circuit_485.jpg,197,542,1,2,-0.1836,1.1732,3,99.5
circuit_485.jpg,811,572,1,2,-0.1945,1.322,7,103.0
circuit_485.jpg,202,599,1,2,-0.3611,1.4053,1,101.0
circuit_485.jpg,244,602,1,2,-0.3119,1.426,5,105.0
circuit_485.jpg,812,601,1,2,-0.2759,1.6679,8,103.0
circuit_485.jpg,294,603,1,2,-0.3167,1.2796,1,107.5
circuit_485.jpg,533,605,1,4,0.0992,1.5626,22,95.0
circuit_492.jpg,870,186,1,2,-0.2418,1.467,6,111.0
circuit_492.jpg,852,188,1,2,0.0848,1.5947,15,103.0
circuit_492.jpg,582,199,1,3,-0.007,2.2972,19,105.0
circuit_492.jpg,471,208,1,2,-0.2624,1.5536,7,103.0
circuit_492.jpg,818,306,0,2,-0.2208,1.4442,7,103.0
circuit_492.jpg,723,310,0,2,-0.1559,1.726,10,103.0
circuit_492.jpg,326,354,1,2,-0.3238,1.0084,1,89.0
circuit_492.jpg,326,364,1,3,0.2335,2.074,35,89.0
circuit_492.jpg,230,368,1,2,-0.2872,2.0418,12,97.0
circuit_492.jpg,552,412,1,2,-0.3778,1.1608,4,94.0
circuit_492.jpg,336,452,1,2,-0.0494,1.1797,3,85.0
circuit_492.jpg,902,453,1,4,-0.0296,1.5251,14,93.0
circuit_492.jpg,944,452,1,2,-0.3265,1.9383,6,97.0
circuit_492.jpg,550,454,1,4,0.0378,2.1387,18,94.0
circuit_492.jpg,728,468,1,2,-0.3802,0.9111,0,96.0
circuit_492.jpg,899,500,1,2,-0.0555,1.4623,13,91.0
circuit_492.jpg,135,554,1,3,0.0664,1.1471,9,76.0
circuit_492.jpg,895,569,1,3,0.2196,2.0794,22,75.0
circuit_492.jpg,841,569,1,2,-0.1811,1.3378,3,89.0
circuit_492.jpg,544,636,1,2,-0.2449,1.3038,1,86.0
circuit_492.jpg,717,647,1,3,0.0449,1.673,12,73.0
circuit_492.jpg,892,656,1,2,0.0164,2.1653,12,90.0
circuit_492.jpg,578,668,1,2,-0.2528,1.7499,10,94.0
circuit_492.jpg,546,670,0,3,0.1191,1.5069,11,74.0
circuit_492.jpg,649,698,0,3,0.0519,1.4673,11,91.5
circuit_492.jpg,713,697,1,3,-0.0571,1.4855,3,83.0
circuit_492.jpg,630,695,0,2,-0.0956,1.7444,9,90.0
circuit_492.jpg,682,697,1,3,-0.1643,1.607,10,84.0
circuit_492.jpg,578,700,1,2,-0.0954,1.7251,10,92.0
circuit_492.jpg,630,706,1,3,-0.0787,1.6725,10,89.0
circuit_492.jpg,628,728,1,2,-0.0794,1.9361,8,86.0
circuit_492.jpg,576,756,1,2,-0.1326,1.6912,9,91.0
circuit_492.jpg,628,776,1,4,-0.0421,1.6504,12,81.0
circuit_492.jpg,852,816,0,2,-0.2447,1.8458,7,97.5
circuit_492.jpg,883,816,0,3,-0.2246,1.5601,15,81.0
circuit_492.jpg,626,818,1,3,-0.1678,1.5293,9,96.0
circuit_492.jpg,708,818,0,3,-0.0955,1.4586,7,100.5
circuit_492.jpg,536,820,1,3,-0.3175,1.8632,9,96.0
circuit_492.jpg,320,824,1,3,0.0013,2.0031,15,88.5
circuit_492.jpg,212,827,1,3,-0.0716,1.8888,17,84.0
circuit_506.jpg,903,256,0,3,0.064,2.0327,16,124.0
circuit_506.jpg,526,257,1,3,0.1754,2.2701,23,130.0
circuit_506.jpg,414,260,1,2,-0.2894,1.5189,6,128.0
circuit_506.jpg,430,260,1,3,0.1962,2.1606,29,125.0
circuit_506.jpg,382,262,1,2,-0.1273,0.9087,0,124.0
circuit_506.jpg,307,272,1,3,-0.0369,1.8917,17,114.0
circuit_506.jpg,190,274,0,2,0.3357,1.3524,5,119.0
circuit_506.jpg,428,290,1,2,0.0063,1.4977,8,112.0
circuit_506.jpg,902,306,0,1,0.1037,1.3482,11,114.0
circuit_506.jpg,689,377,1,1,-0.2141,1.3386,5,111.0
circuit_506.jpg,687,392,1,2,0.0555,2.8673,14,130.0
circuit_506.jpg,188,440,0,3,0.2185,1.7479,28,107.0
circuit_506.jpg,75,449,0,2,-0.16,0.9355,0,100.0
circuit_506.jpg,519,472,1,2,-0.2654,1.4987,4,119.0
circuit_506.jpg,518,488,1,3,0.1686,2.4972,26,112.0
circuit_506.jpg,534,489,1,2,-0.2221,1.3535,3,101.0
circuit_506.jpg,890,590,1,2,0.1446,2.4777,12,122.0
circuit_506.jpg,171,594,0,1,-0.1577,2.1259,8,99.0
circuit_506.jpg,308,593,1,3,0.6931,2.7573,40,135.0
circuit_506.jpg,201,598,1,3,-0.372,0.7096,0,115.0
circuit_506.jpg,74,608,0,2,0.2808,1.4607,20,96.0
circuit_506.jpg,888,611,1,3,0.3426,2.494,30,120.0
circuit_506.jpg,676,634,1,2,0.0348,1.7612,19,111.0
circuit_506.jpg,509,650,1,2,-0.2626,1.255,5,102.0
circuit_506.jpg,637,751,1,3,0.1018,2.456,25,114.0
circuit_506.jpg,662,749,1,2,-0.0423,1.5946,8,90.0
circuit_506.jpg,612,754,1,2,-0.0781,2.116,12,121.0
circuit_506.jpg,578,756,1,2,-0.0497,1.448,9,115.0
circuit_506.jpg,500,760,1,4,0.1575,2.4339,27,120.0
circuit_506.jpg,532,759,1,2,0.0985,2.8616,11,120.0
circuit_506.jpg,411,764,1,3,0.4466,2.8339,28,125.0
circuit_506.jpg,202,766,1,2,-0.3283,0.7112,0,108.0
circuit_506.jpg,374,768,1,2,0.0338,1.9023,15,127.0
circuit_506.jpg,309,774,1,3,0.3386,2.4406,29,121.0
circuit_506.jpg,206,776,1,2,-0.0777,2.1114,13,100.0
circuit_522.jpg,594,177,1,3,0.3091,1.8644,25,87.0
circuit_522.jpg,851,192,1,2,-0.1057,1.4652,6,101.0
circuit_522.jpg,310,290,1,3,0.1213,1.383,4,73.0
circuit_522.jpg,224,293,1,1,0.1022,2.1175,21,91.5
circuit_522.jpg,924,373,0,2,0.0006,1.9228,14,96.0
circuit_522.jpg,838,378,0,4,0.2097,1.1508,5,68.0
circuit_522.jpg,479,391,1,4,0.1333,1.1984,6,71.0
circuit_522.jpg,312,396,1,3,0.161,1.6307,12,74.0
circuit_522.jpg,837,520,0,2,-1.0791,0.7252,0,66.0
circuit_522.jpg,833,533,0,3,0.1201,1.4143,4,62.5
circuit_522.jpg,793,539,0,2,-0.0993,1.6906,12,79.0
circuit_522.jpg,90,545,1,3,0.2357,1.7142,15,75.0
circuit_522.jpg,516,554,1,1,-0.3449,1.4179,5,84.0
circuit_522.jpg,732,597,0,2,0.1382,1.7465,3,68.0
circuit_522.jpg,578,730,0,1,-0.1076,1.549,6,91.0
circuit_522.jpg,786,733,0,2,0.1344,2.2405,18,87.0
circuit_522.jpg,466,743,1,3,0.1641,1.1791,4,68.0
circuit_522.jpg,341,783,0,2,-0.1502,1.7345,11,89.0
circuit_522.jpg,503,782,0,2,-0.2394,1.5167,3,90.0
circuit_522.jpg,366,798,0,2,-0.0327,1.7027,10,86.0
circuit_522.jpg,502,800,0,2,-0.1461,1.9641,15,82.0
circuit_522.jpg,390,807,0,2,-0.0986,1.9007,8,83.0
circuit_522.jpg,412,814,0,3,-0.182,1.8601,9,81.0
circuit_522.jpg,94,822,1,2,-0.2283,1.1442,1,83.0
circuit_522.jpg,865,824,1,2,-0.0757,1.9302,10,91.0
circuit_522.jpg,295,888,1,2,-0.0617,1.3872,12,76.0
circuit_522.jpg,860,899,1,3,0.1668,1.3331,4,66.0
circuit_522.jpg,764,900,1,2,-0.3692,1.378,4,84.0
circuit_522.jpg,456,902,1,3,-0.0039,1.4621,5,66.0
circuit_522.jpg,564,903,1,3,0.1216,1.146,2,63.0
circuit_522.jpg,297,907,1,3,0.0296,1.3414,3,66.0
circuit_522.jpg,208,913,1,3,-0.0431,2.0422,6,85.0
circuit_522.jpg,94,922,1,2,-0.1838,1.3385,4,76.0
circuit_524.jpg,835,260,0,2,-0.128,1.2815,4,80.5
circuit_524.jpg,428,268,0,2,-0.0986,1.423,4,81.0
circuit_524.jpg,423,358,1,3,-0.3338,1.3325,3,78.0
circuit_524.jpg,457,361,1,2,-0.2378,1.6599,5,80.0
circuit_524.jpg,206,365,0,2,-0.0824,1.4073,5,85.0
circuit_524.jpg,458,397,1,3,-0.0684,1.2467,5,82.0
circuit_524.jpg,457,626,1,3,-0.191,2.1109,8,86.0
circuit_524.jpg,494,629,0,2,-0.1797,1.0826,2,88.0
circuit_524.jpg,548,632,0,2,-0.2013,0.7745,0,93.0
circuit_524.jpg,601,632,0,2,-0.204,1.5743,9,90.0
circuit_524.jpg,829,674,1,2,-0.4119,0.8358,0,85.0
circuit_524.jpg,526,717,1,2,-0.2222,1.0109,1,89.0
circuit_524.jpg,453,721,1,4,0.0189,1.7557,9,86.0
circuit_525.jpg,808,108,0,2,-0.4359,1.3177,1,101.0
circuit_525.jpg,464,118,0,2,-0.2443,1.8116,15,109.0
circuit_525.jpg,662,128,0,2,-0.1201,1.9367,12,108.5
circuit_525.jpg,837,190,0,3,0.0365,1.4358,9,92.0
circuit_525.jpg,667,194,0,2,0.0623,1.4843,16,93.0
circuit_525.jpg,463,214,0,3,0.2551,2.359,24,96.0
circuit_525.jpg,200,219,0,3,-0.2782,1.5491,8,97.0
circuit_525.jpg,130,224,0,2,-0.4044,1.3973,3,100.0
circuit_525.jpg,667,286,0,2,-0.0854,1.4323,6,97.0
circuit_525.jpg,590,294,0,2,-0.2554,0.8835,0,98.0
circuit_525.jpg,563,297,0,2,-0.3455,1.3026,5,98.0
circuit_525.jpg,562,342,0,2,0.0016,1.7295,7,94.0
circuit_525.jpg,83,388,0,2,-0.0854,1.5013,6,101.0
circuit_525.jpg,867,415,0,2,-0.2432,2.1787,12,97.0
circuit_525.jpg,360,475,0,2,-0.332,1.9341,5,93.0
circuit_525.jpg,180,478,0,2,-0.1036,1.5627,6,92.5
circuit_525.jpg,985,488,0,3,0.0085,1.5272,18,82.0
circuit_525.jpg,708,495,0,3,-0.2336,1.6871,5,85.0
circuit_525.jpg,672,497,0,1,-0.2448,1.4616,7,80.0
circuit_525.jpg,988,506,0,2,0.099,2.8726,20,81.0
circuit_525.jpg,554,514,0,4,0.3135,1.717,19,75.0
circuit_525.jpg,523,518,0,2,-0.2448,1.1387,1,87.0
circuit_525.jpg,521,549,0,2,-0.1871,1.4108,4,86.0
circuit_525.jpg,180,551,1,3,-0.1321,1.804,8,79.0
circuit_525.jpg,363,554,0,3,-0.003,1.5735,16,83.0
circuit_525.jpg,338,557,0,2,-0.1937,2.0084,5,90.0
circuit_525.jpg,824,727,0,2,-0.1807,1.6381,11,90.0
circuit_525.jpg,968,767,0,2,-0.2874,1.554,3,87.0
circuit_525.jpg,997,768,0,2,-0.04,1.6387,10,78.0
circuit_525.jpg,828,774,0,3,-0.1322,1.683,3,84.0
circuit_525.jpg,673,802,0,3,-0.2389,1.5942,8,77.0
circuit_525.jpg,826,803,0,2,-0.2539,1.3963,2,76.0
circuit_525.jpg,552,807,0,2,-0.1001,1.9118,7,80.0
circuit_537.jpg,237,368,1,2,-0.1473,1.0263,1,74.0
circuit_537.jpg,538,368,1,3,-0.1751,1.5855,3,74.0
circuit_537.jpg,684,372,1,3,-0.0072,1.4578,11,76.0
circuit_537.jpg,880,376,1,2,-0.0399,1.3058,4,76.0
circuit_537.jpg,887,428,1,2,-0.3731,1.3733,2,81.0
circuit_537.jpg,238,613,1,2,-0.3258,1.6678,10,83.0
circuit_537.jpg,494,618,1,2,-0.2896,0.9823,0,91.0
circuit_537.jpg,551,621,1,3,-0.1735,1.6276,8,83.0
circuit_537.jpg,905,628,1,2,-0.3499,1.5942,7,85.0
circuit_537.jpg,662,630,1,3,-0.3852,1.4237,12,88.0
circuit_537.jpg,706,630,1,3,0.2339,1.406,24,82.5
circuit_538.jpg,292,136,0,2,0.0829,1.7297,5,86.0
circuit_538.jpg,593,141,0,3,-0.1262,1.9688,10,101.0
circuit_538.jpg,746,146,0,2,-0.2509,1.2261,2,103.0
circuit_538.jpg,705,261,1,4,-0.0548,2.148,8,89.5
circuit_538.jpg,716,262,1,3,-0.6438,1.3222,2,90.0
circuit_538.jpg,296,268,0,3,-0.043,1.5827,13,88.0
circuit_538.jpg,221,270,0,2,0.0256,1.6468,14,95.0
circuit_538.jpg,865,408,0,4,0.0273,1.4006,13,76.0
circuit_538.jpg,502,409,1,4,0.1798,1.9433,11,73.0
circuit_538.jpg,923,406,0,2,-0.2338,1.1295,3,92.0
circuit_538.jpg,307,415,0,3,-0.1468,1.1435,2,76.0
circuit_538.jpg,709,428,1,2,-0.2267,1.4994,3,82.0
circuit_538.jpg,643,490,0,2,0.0401,1.3003,6,86.0
circuit_538.jpg,505,546,1,2,-0.272,1.3895,2,90.0
circuit_538.jpg,128,570,0,3,0.0936,1.8579,11,84.0
circuit_538.jpg,873,598,0,3,-0.1475,1.8251,18,80.0
circuit_538.jpg,513,648,1,2,-0.1395,1.4304,3,85.5
circuit_538.jpg,514,664,1,2,-0.2853,1.2773,5,86.0
circuit_538.jpg,515,673,1,2,-0.2262,1.4495,6,84.0
circuit_538.jpg,578,675,0,3,0.2432,1.1037,2,65.0
circuit_538.jpg,713,693,1,2,0.1814,1.4225,10,71.0
circuit_538.jpg,675,738,0,2,-0.0535,1.2899,3,80.0
circuit_538.jpg,716,743,1,3,0.0159,1.3905,13,80.0
circuit_538.jpg,656,800,0,2,-0.2498,1.7813,7,75.0
circuit_538.jpg,207,830,1,2,-0.1247,1.6251,7,83.0
circuit_538.jpg,651,834,0,1,0.0523,1.8909,7,74.0
circuit_538.jpg,874,915,0,3,0.0663,1.518,10,72.0
circuit_538.jpg,716,920,0,3,-0.2573,1.2632,4,99.0
circuit_538.jpg,649,923,0,3,-0.0276,2.1373,11,89.0
circuit_538.jpg,212,926,1,3,0.0837,1.7067,12,81.0
circuit_538.jpg,326,926,0,4,-0.1621,1.1813,9,102.5
circuit_538.jpg,362,926,0,2,0.0045,2.1963,13,106.0
circuit_538.jpg,452,926,0,2,-0.1257,1.8497,15,118.0
circuit_538.jpg,507,926,0,2,0.2811,2.0525,20,122.0
circuit_538.jpg,574,925,0,3,0.1715,2.4879,32,96.0
circuit_538.jpg,128,928,0,3,-0.0606,1.5039,7,79.5
circuit_538.jpg,278,927,1,3,0.0458,1.3376,6,69.0
circuit_538.jpg,306,927,0,2,-0.1617,1.5733,8,93.0
circuit_555.jpg,468,354,1,3,-0.1538,1.7494,6,110.0
circuit_555.jpg,648,355,1,2,0.0509,1.7639,15,108.0
circuit_555.jpg,269,358,0,2,-0.4808,1.3425,3,96.0
circuit_555.jpg,270,390,0,2,-0.102,1.357,4,108.0
circuit_555.jpg,275,566,1,2,-0.2327,1.5246,6,98.0
circuit_555.jpg,655,568,1,2,-0.4298,1.41,5,88.0
circuit_555.jpg,480,570,1,4,-0.0379,1.3725,10,98.0
circuit_560.jpg,918,262,1,2,-0.1297,1.9159,15,111.0
circuit_560.jpg,730,262,1,3,0.0033,2.1684,24,99.0
circuit_560.jpg,555,267,1,3,-0.1064,1.6311,17,92.0
circuit_560.jpg,339,270,0,4,-0.12,1.4129,10,102.5
circuit_560.jpg,338,280,0,3,-0.2406,1.5718,7,104.0
circuit_560.jpg,120,284,1,2,0.0022,1.5344,16,98.0
circuit_560.jpg,727,300,1,2,-0.2124,1.8887,12,106.0
circuit_560.jpg,117,302,1,2,-0.2451,1.3012,7,103.0
circuit_560.jpg,908,460,1,3,-0.1294,1.4908,11,88.5
circuit_560.jpg,901,463,1,3,0.0636,1.6037,21,89.0
circuit_560.jpg,973,464,1,2,-0.0619,1.6179,6,106.0
circuit_560.jpg,711,466,1,4,0.0797,1.867,22,85.0
circuit_560.jpg,318,472,1,4,0.011,2.0882,20,86.0
circuit_560.jpg,308,472,1,2,-0.3413,1.4952,5,86.0
circuit_560.jpg,551,472,1,4,0.0933,1.7184,21,93.0
circuit_560.jpg,116,480,1,4,0.2367,1.4815,23,88.0
circuit_560.jpg,899,486,1,2,-0.2437,1.5402,8,108.0
circuit_560.jpg,970,500,1,2,-0.0157,1.4763,13,104.0
circuit_560.jpg,317,502,1,2,-0.0743,1.6461,6,100.0
circuit_560.jpg,113,522,1,2,-0.2752,1.2545,3,92.0
circuit_560.jpg,962,578,1,2,-0.0647,1.8163,14,86.0
circuit_560.jpg,869,646,1,2,-0.1895,1.8167,6,92.0
circuit_560.jpg,698,694,1,2,-0.1869,1.7032,9,85.0
circuit_560.jpg,860,694,1,2,-0.1256,1.856,12,87.0
circuit_560.jpg,695,717,1,3,0.0637,1.8422,17,81.0
circuit_560.jpg,854,715,1,2,-0.3515,1.5466,7,87.0
circuit_560.jpg,306,716,1,3,-0.2802,1.3652,5,83.0
circuit_560.jpg,524,719,0,3,-0.0401,1.7597,11,81.0
circuit_560.jpg,270,720,1,1,-0.3738,1.276,3,93.0
circuit_560.jpg,109,725,0,2,-0.0263,1.8029,10,85.0
circuit_563.jpg,612,250,0,2,-0.045,1.7244,13,98.0
circuit_563.jpg,188,253,1,3,0.0468,1.3156,6,81.0
circuit_563.jpg,453,254,1,3,0.2365,1.6952,35,92.0
circuit_563.jpg,57,257,0,2,-0.0309,1.8619,12,84.0
circuit_563.jpg,455,268,0,1,-0.2905,1.3701,5,90.0
circuit_563.jpg,460,381,1,3,-0.1935,1.7476,18,79.0
circuit_563.jpg,198,392,1,2,-0.0859,2.4068,19,91.0
circuit_563.jpg,58,436,1,2,-0.213,1.4899,5,86.0
circuit_563.jpg,936,449,1,2,-0.2866,1.3007,5,83.0
circuit_563.jpg,132,463,1,3,-0.1198,1.3818,4,81.0
circuit_563.jpg,58,466,1,3,0.0525,1.7947,14,82.0
circuit_563.jpg,429,469,1,1,-0.4279,0.7711,0,84.0
circuit_563.jpg,369,480,1,3,-0.2125,1.5081,3,76.0
circuit_563.jpg,370,516,1,2,0.163,1.8177,19,80.0
circuit_563.jpg,648,520,0,2,-0.1915,1.2577,7,80.0
circuit_563.jpg,647,530,0,2,-0.0056,1.5979,15,81.0
circuit_563.jpg,489,538,0,3,0.0188,1.5075,16,75.0
circuit_563.jpg,753,550,1,2,-0.2409,1.404,8,80.0
circuit_563.jpg,367,576,1,3,-0.1699,1.4852,9,78.0
circuit_563.jpg,223,578,1,2,-0.1584,1.3435,7,80.0
circuit_563.jpg,714,592,1,2,0.0027,1.9295,15,80.0
circuit_563.jpg,365,612,1,2,-0.1391,1.634,7,81.0
circuit_563.jpg,654,612,1,2,0.091,1.6403,17,75.0
circuit_563.jpg,923,652,1,2,-0.2409,1.3915,8,79.0
circuit_563.jpg,655,654,1,2,0.042,1.8201,16,72.0
circuit_563.jpg,922,662,1,2,-0.1013,1.5759,11,81.0
circuit_563.jpg,922,686,1,2,-0.0914,1.5851,19,79.0
circuit_563.jpg,363,692,1,2,-0.1533,1.7614,7,81.0
circuit_563.jpg,372,694,1,2,-0.1424,1.7582,9,80.0
circuit_563.jpg,921,712,1,2,-0.0428,1.4642,11,72.0
circuit_563.jpg,758,718,1,3,-0.1648,1.0738,2,78.0
circuit_563.jpg,657,723,1,3,-0.112,1.8226,19,77.0
circuit_563.jpg,640,727,1,2,-0.3324,1.3382,3,79.0
circuit_563.jpg,86,740,1,2,-0.2012,1.7612,7,80.0
circuit_563.jpg,495,741,1,3,0.0744,1.8296,14,72.0
circuit_563.jpg,530,741,1,3,-0.0192,1.7466,14,80.0
circuit_563.jpg,364,748,1,2,-0.4833,1.4031,2,93.0
circuit_563.jpg,346,750,1,2,-0.0934,0.9802,0,99.0
circuit_563.jpg,354,749,1,2,-0.093,1.1584,5,96.5
circuit_563.jpg,222,753,1,3,-0.2149,1.4864,10,80.0
circuit_563.jpg,306,754,1,2,-0.0641,1.5865,8,73.0
circuit_575.jpg,794,360,1,2,-0.3094,1.3161,1,99.0
circuit_575.jpg,569,368,1,3,0.1304,1.3556,6,89.0
circuit_575.jpg,138,394,0,2,-0.314,2.0183,4,93.0
circuit_575.jpg,813,486,1,2,-0.2927,1.0361,2,95.0
circuit_575.jpg,610,494,1,1,-0.2568,1.5256,7,94.0
circuit_575.jpg,818,497,1,2,-0.3149,1.2106,2,95.0
circuit_575.jpg,814,509,1,3,-0.6115,0.6879,0,94.0
circuit_575.jpg,756,514,1,2,-0.202,1.3467,6,93.0
circuit_575.jpg,616,533,1,4,0.1772,1.5222,10,85.5
circuit_575.jpg,160,558,0,2,-0.2126,1.6814,5,92.0
circuit_576.jpg,536,159,0,2,-0.3656,1.2723,6,103.0
circuit_576.jpg,475,161,0,3,0.1275,1.997,21,90.5
circuit_576.jpg,248,166,0,3,0.0148,1.6289,9,80.0
circuit_576.jpg,87,169,0,2,-0.1658,1.4655,6,88.0
circuit_576.jpg,464,354,1,4,0.08,1.8807,20,85.0
circuit_576.jpg,334,356,1,4,0.0767,1.9852,17,86.0
circuit_576.jpg,336,433,1,1,0.151,2.0119,21,81.0
circuit_576.jpg,848,434,0,2,0.2129,1.9658,10,87.0
circuit_576.jpg,203,456,1,3,-0.1045,1.6954,10,80.0
circuit_576.jpg,382,456,1,2,-0.2534,1.4133,4,84.5
circuit_576.jpg,72,458,1,3,-0.1076,1.6635,16,76.0
circuit_576.jpg,322,501,1,3,0.1456,1.7157,16,75.0
circuit_576.jpg,68,542,1,2,-0.1161,1.8541,10,83.0
circuit_576.jpg,659,552,0,2,0.2241,1.774,15,74.0
circuit_576.jpg,801,576,1,2,-0.0894,1.6279,16,84.0
circuit_576.jpg,736,578,1,2,-0.1717,1.2352,2,88.0
circuit_576.jpg,722,580,1,2,-0.174,2.3506,12,86.0
circuit_576.jpg,464,582,0,3,0.1739,1.5462,13,76.0
circuit_576.jpg,657,584,0,3,0.0867,1.8718,20,79.0
circuit_576.jpg,318,628,1,3,-0.1004,1.6415,10,78.0
circuit_576.jpg,837,694,0,5,-0.208,1.429,6,77.0
circuit_576.jpg,321,696,1,2,-0.0748,1.8262,10,83.0
circuit_576.jpg,842,714,0,4,-0.0314,2.1565,16,78.0
circuit_576.jpg,798,719,0,4,-0.0093,1.4445,8,82.0
circuit_576.jpg,875,714,0,3,-0.1725,1.6622,9,77.0
circuit_576.jpg,820,721,0,4,-0.0859,1.5353,5,77.0
circuit_576.jpg,62,726,0,2,0.066,1.4789,12,74.0
circuit_576.jpg,650,788,1,3,0.2387,1.4382,12,78.0
circuit_576.jpg,877,787,0,2,-0.0931,1.767,15,79.0
circuit_576.jpg,464,791,0,3,-0.0216,1.5501,9,79.0
circuit_576.jpg,794,789,1,3,-0.1081,1.635,12,79.0
circuit_576.jpg,210,793,0,3,0.1588,1.9027,13,80.0
circuit_576.jpg,366,794,0,2,-0.2549,1.5643,7,105.0
circuit_576.jpg,248,795,0,2,-0.3624,1.2463,4,83.0
circuit_588.jpg,660,131,0,2,-0.8687,0.8698,0,86.0
circuit_588.jpg,660,164,0,3,-0.4232,1.0849,1,74.0
circuit_588.jpg,675,174,0,2,-0.2986,1.4783,4,72.0
circuit_588.jpg,580,210,1,3,0.2751,2.1921,40,117.0
circuit_588.jpg,776,218,1,3,0.0424,2.2815,33,110.0
circuit_588.jpg,201,226,1,3,0.417,1.6687,9,98.5
circuit_588.jpg,401,227,1,3,-0.0523,2.416,21,117.5
circuit_588.jpg,979,230,1,2,-0.1918,1.5774,9,106.0
circuit_588.jpg,400,240,1,2,-0.2839,1.6476,4,112.0
circuit_588.jpg,995,241,1,2,-0.2593,1.3894,3,100.0
circuit_588.jpg,442,388,1,2,-0.2709,1.1202,1,123.0
circuit_588.jpg,600,392,1,3,-0.1335,1.5217,6,94.0
circuit_588.jpg,577,394,1,3,-0.0466,1.6441,7,98.0
circuit_588.jpg,314,392,1,2,0.0343,1.2573,6,122.0
circuit_588.jpg,994,392,1,3,0.2214,1.8843,12,136.0
circuit_588.jpg,208,398,1,3,-0.7975,0.6525,0,118.0
circuit_588.jpg,30,396,1,3,0.3351,2.1934,24,135.0
circuit_588.jpg,588,399,1,4,-0.2552,1.501,4,101.0
circuit_588.jpg,785,570,1,4,0.1122,1.3818,8,90.0
circuit_588.jpg,989,572,1,3,-0.5522,1.9429,10,103.0
circuit_588.jpg,31,582,1,3,0.3492,1.7218,28,135.0
circuit_588.jpg,50,585,1,2,-0.4324,1.3873,5,118.0
circuit_588.jpg,777,732,1,2,0.157,2.8035,7,160.0
circuit_588.jpg,404,760,1,3,0.0458,1.9409,31,107.0
circuit_588.jpg,588,762,1,4,0.3508,1.7415,29,110.0
circuit_588.jpg,776,762,1,4,0.2458,1.4037,17,104.0
circuit_588.jpg,948,764,1,3,-0.0934,1.774,9,112.0
circuit_588.jpg,971,765,1,3,0.128,1.9278,14,138.0
circuit_588.jpg,982,766,1,4,0.0655,2.337,16,138.0
circuit_588.jpg,30,766,1,3,0.5871,2.3463,38,143.0
circuit_588.jpg,961,766,1,3,-0.2229,1.7194,8,128.0
circuit_588.jpg,28,813,1,2,-0.1317,1.5481,5,107.0
circuit_588.jpg,771,826,1,2,-0.1801,1.5189,12,98.0
circuit_588.jpg,979,850,1,2,-0.1052,1.7856,7,136.0
circuit_588.jpg,976,904,1,2,-0.5017,1.1804,3,105.0
circuit_588.jpg,144,912,1,1,-0.3597,1.3952,6,116.0
circuit_588.jpg,204,912,1,3,-0.2085,2.3385,12,112.0
circuit_588.jpg,438,916,1,2,0.1079,2.3272,17,124.0
circuit_588.jpg,922,918,1,2,0.1263,2.4141,23,126.0
circuit_588.jpg,588,920,1,3,0.19,2.9819,17,132.0
circuit_588.jpg,767,920,1,3,-0.1578,1.302,3,94.0
circuit_588.jpg,975,920,1,3,0.2887,2.2609,20,119.0
circuit_591.jpg,708,402,1,3,-0.1806,1.5254,3,94.0
circuit_591.jpg,580,404,1,3,0.0294,1.23,4,84.0
circuit_591.jpg,214,416,1,1,-0.1509,1.6008,5,82.0
circuit_591.jpg,210,432,1,2,-0.0541,1.4405,9,92.0
circuit_591.jpg,483,544,0,1,0.029,1.5879,11,91.0
circuit_591.jpg,756,551,0,3,-0.0713,1.5207,9,92.0
circuit_591.jpg,527,561,0,3,0.0224,1.6352,10,96.5
circuit_591.jpg,498,559,0,2,-0.2723,1.3971,4,95.0
circuit_591.jpg,558,559,0,4,0.1666,1.6882,23,100.0
circuit_591.jpg,480,560,0,2,-0.1527,1.7569,11,95.0
circuit_591.jpg,582,564,0,3,-0.233,1.5712,6,89.5
circuit_591.jpg,555,580,0,3,-0.2097,1.3868,7,89.0
circuit_591.jpg,580,582,0,4,-0.3112,1.7359,1,86.0
circuit_591.jpg,201,632,1,2,-0.0984,1.5448,8,100.0
circuit_591.jpg,700,632,1,3,0.0171,1.9842,7,101.0
circuit_591.jpg,580,634,1,3,0.1468,1.6153,23,94.0
circuit_595.jpg,256,36,1,3,0.4576,2.2309,43,94.5
circuit_595.jpg,456,42,1,3,0.6257,1.561,48,92.0
circuit_595.jpg,522,45,1,2,-0.1116,1.8352,7,110.0
circuit_595.jpg,258,52,1,2,-0.5009,1.6994,5,105.0
circuit_595.jpg,652,56,1,3,0.0691,1.742,25,97.0
circuit_595.jpg,481,208,1,2,-0.1478,2.0761,9,89.0
circuit_595.jpg,766,208,1,3,0.2169,1.0402,1,67.0
circuit_595.jpg,726,207,1,2,-0.1302,1.1331,2,97.0
circuit_595.jpg,736,208,1,2,-0.0615,1.1609,4,96.0
circuit_595.jpg,81,216,1,3,0.3659,1.4321,3,70.0
circuit_595.jpg,654,220,1,2,0.1534,1.4907,9,86.0
circuit_595.jpg,764,220,1,2,-0.7416,1.3603,2,68.0
circuit_595.jpg,474,223,1,2,-0.0445,1.5113,7,90.0
circuit_595.jpg,768,234,1,2,-0.1352,1.9559,14,85.0
circuit_595.jpg,262,237,1,2,0.158,1.4706,16,85.0
circuit_595.jpg,466,242,1,2,-0.2188,1.6457,8,94.0
circuit_595.jpg,79,286,1,2,-0.1558,2.0026,9,94.0
circuit_595.jpg,653,330,1,2,-0.022,1.6926,11,93.5
circuit_595.jpg,472,356,1,2,-0.2955,1.7983,10,92.0
circuit_595.jpg,776,378,1,3,0.1034,1.8213,12,66.0
circuit_595.jpg,678,381,1,3,0.0279,1.9862,17,88.0
circuit_595.jpg,580,389,1,2,-0.0987,1.7264,5,93.5
circuit_595.jpg,673,403,1,1,-0.5232,1.1821,1,78.0
circuit_595.jpg,264,403,1,3,0.1619,1.7381,7,67.0
circuit_595.jpg,544,518,0,2,-0.3347,1.5983,3,82.0
circuit_595.jpg,530,523,0,2,-2.198,-1.3411,0,83.0
circuit_595.jpg,520,526,0,1,-0.0765,1.6287,2,88.0
circuit_595.jpg,663,552,1,2,-0.403,1.6472,5,88.0
circuit_595.jpg,506,612,1,3,0.075,2.0545,10,79.0
circuit_595.jpg,686,613,1,2,-0.1489,1.588,8,76.0
circuit_595.jpg,274,618,1,3,0.1623,1.0714,3,65.0
circuit_595.jpg,778,620,1,3,-0.053,1.2993,4,65.0
circuit_595.jpg,481,637,1,2,-0.0047,1.8361,15,80.0
circuit_595.jpg,480,670,1,3,0.2266,1.5769,16,85.0
circuit_595.jpg,460,678,1,3,-0.3779,1.3093,4,76.0
circuit_595.jpg,632,674,0,3,-0.2083,1.5954,6,79.0
circuit_595.jpg,479,681,1,2,-0.2935,1.7125,13,82.0
circuit_595.jpg,442,695,1,2,-0.1834,1.5443,9,77.0
circuit_595.jpg,422,710,1,2,-0.271,1.2137,3,80.0
circuit_595.jpg,487,768,1,3,0.0348,1.3522,2,67.0
circuit_595.jpg,768,778,1,3,0.0739,1.2469,5,65.0
circuit_595.jpg,264,928,1,3,0.1299,1.0168,1,59.0
circuit_595.jpg,484,936,1,4,0.1487,1.3724,8,62.0
circuit_595.jpg,650,938,1,3,0.1133,1.9249,13,81.0
circuit_595.jpg,781,940,1,3,-0.0541,2.205,16,82.0
circuit_6.jpg,891,374,1,2,-0.1938,1.4141,2,81.0
circuit_6.jpg,586,375,1,2,-0.1284,2.1617,13,106.0
circuit_6.jpg,890,394,1,2,-0.2858,1.3815,3,80.0
circuit_6.jpg,584,400,1,2,-0.1171,1.5732,9,116.0
circuit_6.jpg,452,422,0,2,-0.0804,1.362,10,83.0
circuit_6.jpg,734,424,0,3,-0.3545,1.4916,4,85.5
circuit_6.jpg,358,427,0,3,-0.0733,1.6857,15,89.0
circuit_6.jpg,550,425,0,2,-0.3429,1.2216,1,95.0
circuit_6.jpg,581,426,1,4,0.1149,1.6727,24,87.0
circuit_6.jpg,139,434,0,2,0.0473,1.6707,7,84.0
circuit_6.jpg,580,504,1,2,-0.173,1.4953,3,85.0
circuit_6.jpg,360,510,0,2,-0.1821,1.6251,6,82.0
circuit_6.jpg,744,616,0,2,-0.0569,1.5324,4,106.0
circuit_6.jpg,735,658,0,4,-0.053,1.8092,9,87.0
circuit_6.jpg,863,658,0,2,0.0175,1.7927,7,89.0
circuit_6.jpg,136,666,0,3,-0.2008,1.6913,9,87.0
circuit_606.jpg,370,100,0,2,-0.3619,1.0603,1,90.0
circuit_606.jpg,496,99,0,2,-0.1667,1.885,11,93.0
circuit_606.jpg,293,101,0,2,-0.0312,1.8057,16,87.0
circuit_606.jpg,282,230,0,3,-0.1514,1.4206,11,76.0
circuit_606.jpg,270,231,0,2,-0.209,1.0825,3,75.0
circuit_606.jpg,197,235,0,2,-0.1393,1.4974,10,77.0
circuit_606.jpg,737,301,0,1,-0.1131,1.6425,15,76.0
circuit_606.jpg,287,344,0,2,-0.2276,1.8503,8,79.0
circuit_606.jpg,837,350,0,1,-0.2938,1.3293,2,78.0
circuit_606.jpg,481,375,1,4,0.2439,1.1593,4,62.0
circuit_606.jpg,714,373,0,2,-0.3766,1.1887,5,78.0
circuit_606.jpg,836,375,0,4,0.111,1.4602,4,68.0
circuit_606.jpg,289,382,0,3,0.1237,1.5981,15,64.0
circuit_606.jpg,833,444,0,3,-0.377,1.7483,11,77.0
circuit_606.jpg,476,460,0,1,-0.1327,2.3463,17,86.0
circuit_606.jpg,834,476,0,3,0.087,1.5184,13,67.0
circuit_606.jpg,903,476,0,2,-0.2035,2.0151,9,85.0
circuit_606.jpg,55,487,0,3,0.1386,1.839,12,67.0
circuit_606.jpg,68,488,0,3,-0.0948,1.6375,10,67.5
circuit_606.jpg,54,496,0,3,-0.5909,1.027,1,67.0
circuit_606.jpg,66,496,0,2,-0.4921,1.4289,5,67.0
circuit_606.jpg,722,518,0,2,-0.173,1.8407,17,87.0
circuit_606.jpg,725,604,0,3,0.0452,1.6699,22,70.0
circuit_606.jpg,726,652,0,2,-0.1578,2.2016,14,80.0
circuit_606.jpg,129,660,0,2,-0.0587,1.7876,10,76.0
circuit_606.jpg,161,660,1,3,-0.0181,1.9863,15,79.0
circuit_606.jpg,98,664,0,3,0.0283,1.5779,12,82.0
circuit_606.jpg,76,670,0,2,-0.1432,1.4845,5,74.0
circuit_606.jpg,108,665,0,3,-0.1085,1.5641,18,80.0
circuit_606.jpg,498,699,1,2,-0.0009,1.8596,21,76.0
circuit_606.jpg,470,700,1,3,-0.0241,1.2921,5,62.0
circuit_606.jpg,728,722,0,2,-0.2227,1.9181,9,79.0
circuit_606.jpg,583,726,0,2,-0.4345,1.5101,10,74.0
circuit_606.jpg,161,742,1,2,-0.0983,1.946,13,81.0
circuit_606.jpg,828,794,0,2,0.064,1.7421,14,69.0
circuit_606.jpg,162,812,1,2,-0.043,1.8032,14,83.0
circuit_606.jpg,492,823,0,2,-0.212,1.977,17,73.0
circuit_606.jpg,506,824,0,2,-0.1488,1.163,4,71.0
circuit_606.jpg,582,838,0,1,-0.2568,1.2287,8,75.0
circuit_606.jpg,897,858,0,2,-0.157,1.7167,10,71.0
circuit_606.jpg,578,860,0,2,-0.1972,1.7846,11,80.0
circuit_606.jpg,58,868,0,2,-0.4472,1.1661,1,77.0
circuit_606.jpg,166,869,1,3,-0.0002,1.6203,13,72.0
circuit_606.jpg,235,877,1,2,-0.4012,1.2127,4,75.0
circuit_606.jpg,264,881,1,3,0.0769,1.4127,3,64.0
circuit_606.jpg,896,880,0,3,0.0206,2.4937,26,72.0
circuit_606.jpg,722,886,0,3,0.1406,1.3571,7,67.0
circuit_606.jpg,352,888,0,2,-0.2375,1.6626,9,89.0
circuit_606.jpg,368,890,0,2,-0.2665,1.1907,3,86.0
circuit_606.jpg,458,892,0,3,0.0784,1.881,6,70.0
circuit_606.jpg,382,891,0,2,-0.3432,1.2535,10,84.0
circuit_606.jpg,482,891,0,2,-0.2289,1.2048,3,80.0
circuit_606.jpg,574,895,0,3,0.0893,1.6207,23,75.0
circuit_607.jpg,661,356,0,2,-0.0497,1.7443,16,76.0
circuit_607.jpg,256,360,0,2,0.0395,1.7557,20,77.0
circuit_607.jpg,256,389,0,3,-0.0305,1.492,15,80.0
circuit_607.jpg,336,390,0,2,-0.3246,1.7733,10,73.0
circuit_607.jpg,167,391,0,2,0.0638,1.8818,15,77.0
circuit_607.jpg,661,396,0,3,0.1429,1.692,11,83.5
circuit_607.jpg,589,405,0,2,-0.1245,1.5227,11,70.0
circuit_607.jpg,340,548,0,2,0.198,1.6179,18,84.0
circuit_607.jpg,166,553,0,2,-0.067,1.9128,6,75.5
circuit_607.jpg,214,554,0,3,-0.0242,1.5054,17,84.0
circuit_607.jpg,690,560,0,3,0.0271,1.7447,11,71.0
circuit_607.jpg,598,563,0,2,-0.0793,1.5612,12,71.0
circuit_607.jpg,218,640,0,2,0.0772,1.9092,11,69.0
circuit_61.jpg,123,376,0,2,0.1552,2.189,24,108.0
circuit_61.jpg,330,377,1,3,0.0035,1.455,15,107.0
circuit_61.jpg,414,382,1,2,-0.2719,1.0446,1,112.0
circuit_61.jpg,466,387,1,3,-0.1713,1.3559,7,106.0
circuit_61.jpg,814,392,1,2,-0.0898,1.3673,8,110.0
circuit_61.jpg,660,394,0,3,0.2111,1.6867,32,106.0
circuit_61.jpg,474,496,1,3,-0.1059,1.8611,11,102.0
circuit_61.jpg,428,497,1,2,-0.1798,1.783,21,101.0
circuit_61.jpg,540,500,1,2,0.0095,1.5045,9,102.0
circuit_61.jpg,121,603,1,2,-0.0207,1.7873,18,99.0
circuit_61.jpg,130,606,1,2,-0.3142,1.0605,1,98.0
circuit_61.jpg,304,609,1,2,-0.009,1.5668,8,103.0
circuit_61.jpg,540,606,1,3,0.1269,1.9502,21,94.0
circuit_61.jpg,140,608,1,2,-0.0496,1.3671,6,98.0
circuit_61.jpg,428,608,1,3,-0.1862,1.7902,15,96.0
circuit_61.jpg,666,609,1,4,0.0882,1.384,18,92.0
circuit_61.jpg,818,609,1,2,-0.1944,1.8461,6,96.0
circuit_61.jpg,329,610,1,3,-0.1487,1.6191,9,90.5
circuit_61.jpg,404,609,1,2,-0.3787,1.293,1,99.0
circuit_611.jpg,398,350,1,3,0.1873,1.4365,5,78.5
circuit_611.jpg,652,351,1,2,0.0374,1.6774,3,99.0
circuit_611.jpg,718,355,1,3,0.2679,1.6002,21,86.0
circuit_611.jpg,866,356,0,2,-0.294,1.242,3,94.0
circuit_611.jpg,720,400,1,2,-0.1986,1.4969,9,90.0
circuit_611.jpg,400,550,1,3,0.1921,2.1134,22,89.0
circuit_611.jpg,626,551,0,2,0.0375,1.2998,5,92.0
circuit_611.jpg,714,554,1,3,-0.1411,2.0657,15,89.0
circuit_611.jpg,711,634,1,2,-0.0801,1.5078,2,91.0
circuit_611.jpg,251,689,1,2,-0.0257,1.4823,6,87.0
circuit_611.jpg,710,695,1,4,-0.1991,1.6802,13,86.0
circuit_611.jpg,394,693,1,3,0.1002,2.0483,11,89.0
circuit_611.jpg,436,692,1,2,-0.4015,0.8572,0,95.0
circuit_611.jpg,772,692,1,2,-0.2226,1.3531,4,123.0
circuit_611.jpg,878,692,1,2,-0.1773,1.3023,1,84.0
circuit_613.jpg,403,195,0,2,-0.0172,2.0862,9,107.5
circuit_613.jpg,144,242,0,2,-0.5474,0.6487,0,97.0
circuit_613.jpg,178,244,0,3,0.0165,1.4803,6,95.0
circuit_613.jpg,610,248,0,2,-0.1865,1.6435,8,102.0
circuit_613.jpg,400,278,0,3,0.2407,2.1067,16,91.0
circuit_613.jpg,546,280,0,2,-0.3112,0.758,0,96.0
circuit_613.jpg,568,283,0,2,-0.4433,0.9539,0,96.0
circuit_613.jpg,580,284,0,2,-0.1887,0.8804,0,99.0
circuit_613.jpg,612,286,0,3,0.0446,2.0094,10,96.0
circuit_613.jpg,220,300,0,3,0.2049,1.6276,10,95.0
circuit_613.jpg,816,321,0,3,0.0272,1.5021,5,91.0
circuit_613.jpg,984,328,0,2,-0.047,2.0125,5,102.0
circuit_613.jpg,612,340,0,2,-0.4176,0.895,0,91.0
circuit_613.jpg,485,344,0,2,0.2137,2.3962,16,96.0
circuit_613.jpg,484,452,0,2,-0.2746,1.3922,6,95.0
circuit_613.jpg,687,467,0,2,-0.3691,1.1376,2,97.0
circuit_613.jpg,836,474,0,2,-0.2508,1.4475,9,94.0
circuit_613.jpg,485,502,0,2,-0.2008,1.754,4,89.0
circuit_613.jpg,256,523,0,1,-0.2456,1.4388,3,90.0
circuit_613.jpg,448,524,0,3,0.114,1.7846,10,84.0
circuit_613.jpg,687,526,0,3,-0.0958,1.4748,7,84.0
circuit_613.jpg,490,526,0,4,0.1828,1.8848,12,71.0
circuit_613.jpg,836,564,0,3,-0.041,1.3887,3,80.0
circuit_613.jpg,930,567,0,2,-0.0549,1.7346,4,80.0
circuit_613.jpg,985,568,0,3,0.0781,1.2688,1,78.0
circuit_613.jpg,498,592,0,2,-0.4485,1.2785,3,92.5
circuit_613.jpg,228,610,1,3,0.1129,1.8132,8,79.5
circuit_613.jpg,456,644,0,2,-0.182,1.5447,9,94.5
circuit_613.jpg,661,711,0,2,-0.2238,1.5468,2,88.0
circuit_613.jpg,810,714,0,2,-0.3868,1.0477,1,88.0
circuit_613.jpg,509,734,0,2,-0.2409,1.3841,6,89.0
circuit_613.jpg,514,771,0,2,-0.1238,1.5951,8,84.0
circuit_613.jpg,660,776,0,3,-0.2199,1.7724,4,79.0
circuit_613.jpg,988,800,0,2,-0.0759,1.4566,3,86.0
circuit_613.jpg,814,803,0,3,0.0964,1.8436,7,86.0
circuit_613.jpg,669,819,0,2,0.0505,1.699,10,78.5
circuit_614.jpg,461,399,1,3,0.2099,1.68,7,78.0
circuit_614.jpg,518,400,1,2,-0.1963,0.9776,0,89.0
circuit_614.jpg,836,574,1,1,-0.3559,1.007,1,83.0
circuit_614.jpg,188,607,1,2,-0.0838,1.7803,6,85.0
circuit_614.jpg,342,615,1,2,-0.3872,0.8381,0,96.0
circuit_614.jpg,356,616,1,2,-0.1839,1.1771,3,98.0
circuit_614.jpg,386,619,1,2,-0.1478,0.9723,0,95.0
circuit_614.jpg,465,624,1,3,0.2504,2.3789,22,85.5
circuit_614.jpg,840,624,1,2,-0.1029,1.2161,6,86.0
circuit_618.jpg,262,379,1,2,-0.0923,1.933,17,82.0
circuit_618.jpg,677,381,0,2,-0.0483,1.5368,9,81.0
circuit_618.jpg,266,450,1,2,-0.2557,1.0479,1,86.0
circuit_618.jpg,684,489,1,3,0.1478,1.691,12,81.0
circuit_618.jpg,268,492,1,3,0.1142,1.5002,14,78.0
circuit_618.jpg,488,492,1,3,-0.0548,1.768,14,83.0
circuit_618.jpg,269,544,1,2,-0.1486,1.1034,3,82.0
circuit_618.jpg,644,662,1,2,-0.3438,1.4639,4,81.0
circuit_618.jpg,500,670,1,3,0.057,1.7595,17,73.0
circuit_618.jpg,460,672,1,2,-0.4296,0.9061,0,79.0
circuit_618.jpg,297,684,1,2,0.0516,1.7117,8,73.0
circuit_623.jpg,392,336,1,3,0.088,1.8494,26,64.0
circuit_623.jpg,230,338,1,2,-0.0154,1.6959,6,69.0
circuit_623.jpg,736,346,1,2,-0.274,1.4446,15,77.0
circuit_623.jpg,732,477,1,2,-0.4397,1.3443,5,67.0
circuit_623.jpg,384,484,0,3,0.0375,1.6943,20,74.0
circuit_623.jpg,214,532,1,2,-0.2205,1.267,2,76.0
circuit_623.jpg,211,612,1,2,0.0689,2.2651,19,81.0
circuit_623.jpg,282,616,1,2,-0.0115,1.6101,11,80.5
circuit_623.jpg,380,619,1,2,-0.0268,1.587,15,82.0
circuit_645.jpg,287,323,1,2,0.1811,2.2252,29,98.0
circuit_645.jpg,632,326,1,2,0.0687,1.4384,16,92.0
circuit_645.jpg,634,360,1,2,-0.1443,1.7539,11,101.0
circuit_645.jpg,289,366,1,2,0.1304,1.7715,13,91.0
circuit_645.jpg,294,451,1,4,0.1555,1.8269,18,82.0
circuit_645.jpg,456,451,1,2,0.0036,1.7047,7,84.0
circuit_645.jpg,482,453,1,3,0.2197,2.0389,16,88.0
circuit_645.jpg,182,455,1,2,0.0483,1.7429,16,88.0
circuit_645.jpg,643,456,1,3,0.1959,1.3641,12,81.0
circuit_645.jpg,645,490,1,2,-0.1386,1.4413,7,99.0
circuit_645.jpg,496,617,1,2,0.2063,1.8806,20,79.0
circuit_645.jpg,192,648,1,2,-0.305,1.1719,2,78.0
circuit_645.jpg,316,661,1,3,-0.0703,1.5416,7,74.0
circuit_645.jpg,444,662,1,2,-0.0338,1.4513,10,78.0
circuit_645.jpg,500,662,1,3,0.1954,2.0946,24,77.0
circuit_649.jpg,229,374,1,2,0.0806,1.6449,16,85.0
circuit_649.jpg,491,379,1,3,0.077,1.6911,29,84.0
circuit_649.jpg,854,400,1,2,0.0529,2.2896,14,88.5
circuit_649.jpg,493,406,1,2,-0.2077,1.254,5,90.0
circuit_649.jpg,238,586,1,2,-0.0346,1.8327,9,83.0
circuit_649.jpg,497,596,1,3,0.1295,1.6616,17,79.0
circuit_649.jpg,860,599,1,2,0.2851,2.0575,22,88.0
circuit_658.jpg,470,374,0,3,0.0896,1.5268,14,76.0
circuit_658.jpg,817,414,1,2,-0.2612,1.2956,6,80.0
circuit_658.jpg,700,498,0,2,0.0325,1.6706,11,77.0
circuit_658.jpg,212,664,1,2,-0.0936,2.0638,10,77.0
circuit_658.jpg,701,670,1,3,-0.0214,2.5282,21,82.0
circuit_658.jpg,818,670,1,2,0.2518,2.423,12,84.0
circuit_665.jpg,251,379,1,2,-0.0149,1.4802,6,80.0
circuit_665.jpg,418,380,1,3,0.1394,1.6825,17,82.5
circuit_665.jpg,893,386,0,2,0.109,2.0472,13,89.0
circuit_665.jpg,734,518,0,2,-0.1198,1.6992,7,81.0
circuit_665.jpg,868,516,0,2,-0.0809,1.928,11,116.5
circuit_665.jpg,421,609,1,3,0.0698,1.8792,15,92.0
circuit_665.jpg,440,610,1,2,-0.2313,1.3942,2,112.0
circuit_665.jpg,540,612,1,2,-0.1608,1.5951,5,87.0
circuit_665.jpg,250,614,1,2,0.0023,1.8251,10,93.0
circuit_678.jpg,130,330,0,2,-0.2223,1.0211,2,109.0
circuit_678.jpg,770,346,1,3,-0.0202,2.2424,14,107.0
circuit_678.jpg,408,350,1,3,-0.2455,1.5808,8,102.0
circuit_678.jpg,586,348,1,3,-0.054,1.2585,4,101.0
circuit_678.jpg,908,349,1,2,-0.3019,1.4926,5,106.0
circuit_678.jpg,594,488,1,2,-0.4231,1.5687,3,102.5
circuit_678.jpg,124,494,1,2,-0.2341,1.0924,4,103.0
circuit_678.jpg,597,513,1,4,0.1238,1.526,19,93.0
circuit_678.jpg,410,515,1,4,0.0527,1.4711,18,87.0
circuit_678.jpg,374,516,1,2,-0.3534,1.4073,2,114.0
circuit_678.jpg,276,518,1,2,-0.3396,0.649,0,108.0
circuit_678.jpg,766,518,1,4,-0.2478,1.6567,15,93.0
circuit_678.jpg,170,519,1,2,-0.4661,0.7684,0,92.0
circuit_678.jpg,916,521,1,4,0.204,1.2019,7,86.0
circuit_678.jpg,129,522,1,4,-0.1131,1.5861,14,89.5
circuit_678.jpg,942,523,1,2,-0.5197,0.6724,0,129.0
circuit_678.jpg,414,542,1,2,-0.2861,1.2024,3,91.0
circuit_678.jpg,418,652,1,3,-0.3672,1.754,7,88.5
circuit_678.jpg,594,656,1,3,0.2244,1.9163,36,100.0
circuit_678.jpg,264,663,1,2,0.1074,1.9367,11,135.0
circuit_678.jpg,231,665,1,2,0.1221,2.1725,25,126.5
circuit_678.jpg,766,666,1,3,0.1432,1.9033,14,95.0
circuit_678.jpg,816,670,1,2,0.0135,1.1571,1,112.5
circuit_689.jpg,553,266,1,3,0.1241,2.2077,12,79.0
circuit_689.jpg,436,271,1,2,-0.3955,1.4007,4,99.0
circuit_689.jpg,380,275,1,2,-0.4695,0.8357,0,92.0
circuit_689.jpg,318,279,1,3,0.129,1.8391,11,82.0
circuit_689.jpg,148,286,0,2,-0.0131,2.1193,15,92.0
circuit_689.jpg,482,369,1,2,-0.2333,1.4917,4,89.0
circuit_689.jpg,772,419,1,1,-0.0181,1.6505,16,76.0
circuit_689.jpg,554,433,1,4,0.1791,1.621,1,64.5
circuit_689.jpg,316,440,1,2,-0.2721,2.0861,12,76.0
circuit_689.jpg,408,439,1,2,-0.098,1.6679,9,76.0
circuit_689.jpg,419,458,1,3,-0.0916,1.633,9,74.0
circuit_689.jpg,424,497,1,3,-0.0563,1.2923,12,69.0
circuit_689.jpg,520,512,0,1,-0.2943,1.4494,10,76.0
circuit_689.jpg,443,516,1,3,0.0797,1.38,9,77.0
circuit_689.jpg,410,519,1,2,-0.4726,1.2705,2,74.0
circuit_689.jpg,384,522,1,2,-0.2554,1.2584,4,90.0
circuit_689.jpg,368,524,1,2,-0.2743,1.1325,3,89.0
circuit_689.jpg,421,526,1,4,0.0895,1.4328,7,73.5
circuit_689.jpg,767,524,0,2,-0.1681,1.5314,15,74.0
circuit_689.jpg,354,526,1,2,-0.1769,1.378,6,87.0
circuit_689.jpg,266,530,1,3,0.0448,2.0239,6,66.0
circuit_689.jpg,138,532,1,3,0.0861,1.686,8,65.0
circuit_689.jpg,417,568,1,3,-0.0655,1.5019,6,62.0
circuit_689.jpg,850,574,0,2,-0.0439,1.8761,23,83.0
circuit_689.jpg,672,582,0,3,0.048,1.4586,10,63.0
circuit_689.jpg,771,582,0,2,-0.1226,1.5995,10,77.0
circuit_689.jpg,550,584,0,3,0.0192,1.7362,4,59.0
circuit_689.jpg,423,646,1,2,-0.1357,1.4162,2,75.0
circuit_689.jpg,866,714,0,2,-0.0966,2.0857,14,76.0
circuit_689.jpg,550,745,0,3,-0.3707,1.2723,3,59.0
circuit_689.jpg,572,746,0,2,-0.0678,1.4078,5,73.0
circuit_689.jpg,673,746,0,3,0.0867,1.5138,5,58.0
circuit_689.jpg,612,748,0,3,-0.2154,1.2438,8,71.0
circuit_689.jpg,272,750,0,3,-0.4143,1.489,4,78.0
circuit_689.jpg,522,750,0,2,-0.3074,1.8583,2,84.0
circuit_689.jpg,869,752,0,3,-0.0611,1.19,4,64.0
circuit_689.jpg,970,752,0,2,0.1268,1.8582,18,66.0
circuit_690.jpg,238,354,1,2,-0.11,1.4995,13,74.0
circuit_690.jpg,456,353,1,3,-0.024,2.0224,15,73.0
circuit_690.jpg,464,353,1,2,-0.2348,1.3818,3,71.0
circuit_690.jpg,635,356,1,2,0.1216,1.6531,13,73.0
circuit_690.jpg,242,388,1,2,-0.328,1.4872,8,73.0
circuit_690.jpg,260,482,1,2,0.0188,1.4467,6,70.0
circuit_690.jpg,484,510,1,3,0.1503,1.6478,11,70.0
circuit_690.jpg,270,517,1,3,-0.0868,1.4655,14,71.0
circuit_690.jpg,488,525,0,2,-0.3581,1.0725,2,79.5
circuit_690.jpg,271,528,1,2,-0.3121,1.4087,4,73.0
circuit_690.jpg,658,649,1,2,0.0064,1.5223,11,77.0
circuit_690.jpg,499,652,1,3,0.3836,2.0938,36,78.0
circuit_707.jpg,736,355,0,2,0.0049,1.4995,11,83.0
circuit_707.jpg,544,368,0,3,-0.2862,1.3019,4,75.0
circuit_707.jpg,507,372,0,1,-1.1734,0.8818,0,84.0
circuit_707.jpg,321,371,1,2,0.0554,1.7502,14,72.0
circuit_707.jpg,743,527,0,3,0.1514,1.7282,12,69.0
circuit_707.jpg,546,531,1,3,-0.2,1.5077,6,63.0
circuit_707.jpg,326,536,1,4,0.0484,1.7674,14,68.0
circuit_707.jpg,745,625,0,2,-0.4567,1.4497,7,69.5
circuit_707.jpg,326,627,0,2,-0.0071,1.6947,8,71.5
circuit_709.jpg,640,29,1,3,0.0914,2.2861,19,116.0
circuit_709.jpg,228,34,0,2,0.0979,1.56,13,105.0
circuit_709.jpg,400,33,1,3,-0.1114,1.3924,5,101.0
circuit_709.jpg,63,37,0,2,-0.1361,1.5734,9,101.0
circuit_709.jpg,206,37,0,2,0.2675,1.877,7,129.0
circuit_709.jpg,884,38,0,2,-0.0699,1.5917,10,114.0
circuit_709.jpg,642,144,1,3,0.0089,1.5108,11,98.0
circuit_709.jpg,879,154,1,3,-0.0521,1.94,14,96.0
circuit_709.jpg,707,160,1,2,-0.0071,1.3042,5,112.0
circuit_709.jpg,738,160,1,2,-0.2411,1.3514,6,117.0
circuit_709.jpg,782,159,1,2,-0.3308,0.9598,0,118.5
circuit_709.jpg,642,163,1,5,-0.7284,1.0175,1,105.0
circuit_709.jpg,506,173,0,2,-0.1761,1.4044,12,94.0
circuit_709.jpg,69,187,0,3,-0.052,1.9957,21,95.0
circuit_709.jpg,400,214,1,2,-0.3176,1.1681,4,97.0
circuit_709.jpg,637,298,1,2,0.2402,2.1583,32,97.0
circuit_709.jpg,80,308,1,2,-0.333,1.449,1,97.0
circuit_709.jpg,388,340,1,2,-0.1265,1.5213,4,86.0
circuit_709.jpg,636,343,1,2,-0.1403,1.7623,8,84.0
circuit_709.jpg,622,348,1,2,-0.3355,1.4201,3,85.0
circuit_709.jpg,814,352,0,2,-0.4225,0.9351,0,108.0
circuit_709.jpg,840,352,0,2,-0.3664,1.419,3,93.0
circuit_709.jpg,872,352,0,3,-0.0717,1.8248,10,86.0
circuit_709.jpg,619,360,1,3,-0.2776,1.1638,2,96.0
circuit_709.jpg,225,363,0,3,0.1176,1.8028,15,73.0
circuit_709.jpg,622,371,1,2,-0.0718,1.6961,8,95.0
circuit_709.jpg,390,501,1,3,-0.1356,1.7942,13,91.0
circuit_709.jpg,392,511,1,3,-0.267,1.8917,15,88.0
circuit_709.jpg,233,528,1,3,0.1226,1.9128,17,83.0
circuit_709.jpg,748,538,1,2,0.0752,2.0284,18,93.0
circuit_709.jpg,890,541,1,3,-0.0331,1.6609,12,87.0
circuit_709.jpg,231,548,1,2,0.0137,1.7875,4,84.0
circuit_709.jpg,226,614,1,2,-0.1207,2.187,13,97.0
circuit_709.jpg,393,700,1,2,-0.2548,2.2361,13,93.0
circuit_709.jpg,838,706,1,3,-0.3549,1.1755,6,90.0
circuit_709.jpg,810,707,1,2,-0.262,1.2222,2,94.0
circuit_709.jpg,880,709,1,3,-0.1385,1.8254,7,77.0
circuit_709.jpg,391,726,1,2,0.136,1.6021,13,66.0
circuit_709.jpg,394,764,1,2,0.0281,1.8094,15,76.0
circuit_709.jpg,221,866,1,2,-0.167,1.538,8,103.0
circuit_709.jpg,96,906,1,2,-0.1947,1.0777,2,88.0
circuit_709.jpg,644,906,1,3,-0.3017,1.8229,8,92.0
circuit_709.jpg,166,907,1,2,-0.1557,1.1462,3,85.5
circuit_709.jpg,220,907,1,3,-0.203,2.0389,8,76.0
circuit_709.jpg,572,907,1,2,-0.3444,1.0905,2,88.5
circuit_709.jpg,748,907,1,2,-0.5556,1.1466,1,82.0
circuit_709.jpg,788,910,1,2,-0.1038,0.9658,0,84.5
circuit_709.jpg,393,914,1,4,0.0281,1.5996,12,73.0
circuit_720.jpg,122,305,1,2,-0.0351,2.0509,24,97.0
circuit_720.jpg,268,308,0,2,-0.2125,1.2528,1,95.0
circuit_720.jpg,320,312,0,3,-0.1593,1.6881,11,95.0
circuit_720.jpg,632,311,0,3,0.1181,2.2168,19,93.0
circuit_720.jpg,474,314,0,3,0.2085,2.7373,23,93.0
circuit_720.jpg,478,414,1,2,-0.0263,1.782,7,94.0
circuit_720.jpg,118,476,1,4,0.1041,1.2826,15,80.0
circuit_720.jpg,108,476,0,2,-0.1646,1.9591,7,84.0
circuit_720.jpg,311,481,1,4,0.2559,1.9604,19,83.0
circuit_720.jpg,476,484,1,4,0.1308,1.8758,20,81.0
circuit_720.jpg,631,484,1,4,0.168,1.5519,25,81.0
circuit_720.jpg,901,483,0,2,0.0589,1.9743,14,92.0
circuit_720.jpg,794,486,0,4,0.126,1.6791,21,83.0
circuit_720.jpg,900,504,0,2,-0.2953,1.9462,10,95.0
circuit_720.jpg,788,637,1,2,-0.2945,1.553,9,91.0
circuit_720.jpg,628,642,1,2,-0.19,2.0656,8,88.0
circuit_720.jpg,472,655,1,2,-0.4884,1.7041,6,91.0
circuit_720.jpg,302,662,1,3,0.09,2.0145,20,83.0
circuit_720.jpg,234,664,0,2,-0.2883,0.9376,0,86.5
circuit_720.jpg,118,665,1,2,0.0211,1.6539,13,83.5
circuit_726.jpg,334,375,1,3,0.1138,1.5684,10,100.0
circuit_726.jpg,448,378,1,3,0.1388,2.0582,19,104.0
circuit_726.jpg,576,379,1,3,-0.1396,1.6882,9,98.0
circuit_726.jpg,712,383,1,2,-0.5018,1.2054,2,101.0
circuit_726.jpg,335,386,1,2,-0.2886,1.1767,2,100.0
circuit_726.jpg,188,442,1,2,-0.465,0.8944,0,92.0
circuit_726.jpg,520,450,0,3,-0.2258,1.103,1,107.0
circuit_726.jpg,539,451,0,3,-0.1401,1.3303,1,105.5
circuit_726.jpg,425,521,0,3,-0.101,1.2327,3,96.0
circuit_726.jpg,394,522,0,1,-0.1052,1.6699,10,103.0
circuit_726.jpg,447,521,0,2,-0.1077,1.0724,2,95.0
circuit_726.jpg,338,617,1,3,-0.3116,1.1212,3,88.0
circuit_726.jpg,186,620,0,2,-0.1038,1.3979,7,91.0
circuit_726.jpg,450,623,1,4,-0.0527,1.4825,6,83.0
circuit_726.jpg,572,629,1,3,-0.1906,1.4694,6,95.0
circuit_726.jpg,705,632,0,2,-0.5505,0.7666,0,73.0
circuit_730.jpg,454,456,0,3,-0.3033,1.2836,6,84.5
circuit_730.jpg,233,458,0,2,-0.5866,0.9685,0,69.0
circuit_730.jpg,227,658,0,2,-0.3828,1.1607,2,72.0
circuit_730.jpg,460,672,1,3,-0.3959,1.177,2,77.0
circuit_730.jpg,772,672,1,2,-0.0135,1.558,16,76.5
circuit_730.jpg,600,675,1,2,0.0434,1.2806,4,90.5
circuit_730.jpg,342,677,0,2,-0.5011,0.932,0,80.0
circuit_730.jpg,754,677,1,2,-0.2742,1.6483,5,93.0
circuit_730.jpg,227,680,0,2,-0.1862,0.8953,0,80.5
circuit_733.jpg,174,378,0,2,-0.2267,1.1441,4,89.5
circuit_733.jpg,303,380,0,3,-0.1672,1.5773,10,83.0
circuit_733.jpg,156,380,0,2,-0.1964,1.4696,3,88.5
circuit_733.jpg,797,381,0,2,-0.1597,2.053,11,94.0
circuit_733.jpg,121,384,0,2,-0.2024,1.8217,8,92.0
circuit_733.jpg,530,384,0,3,0.0501,1.8627,18,82.0
circuit_733.jpg,123,418,0,2,-0.4434,1.4923,4,92.0
circuit_733.jpg,799,434,0,1,-0.099,2.0169,8,98.5
circuit_733.jpg,126,668,1,2,0.0238,1.7101,20,92.0
circuit_733.jpg,793,682,0,2,0.0349,1.8661,17,93.0
circuit_733.jpg,540,688,1,3,-0.1005,1.7804,13,89.0
circuit_733.jpg,127,691,1,2,-0.1609,1.3677,6,93.0
circuit_733.jpg,527,692,1,2,-0.0651,1.2993,9,88.0
circuit_733.jpg,306,696,1,4,0.1675,1.4803,13,81.0
circuit_743.jpg,165,393,1,2,-0.1312,1.7498,19,83.0
circuit_743.jpg,402,394,0,2,-0.4008,1.0501,1,88.5
circuit_743.jpg,424,394,0,3,-0.0372,1.6113,13,75.5
circuit_743.jpg,429,607,1,3,0.0026,1.3145,5,70.0
circuit_743.jpg,647,610,1,3,-0.1372,1.6676,14,80.0
circuit_743.jpg,158,614,1,2,-0.1823,1.367,11,78.0
circuit_743.jpg,304,614,1,3,0.0298,2.0627,15,77.0
circuit_748.jpg,282,356,1,3,0.1603,1.5629,16,88.0
circuit_748.jpg,424,361,1,3,0.0816,1.6703,17,91.0
circuit_748.jpg,48,364,0,2,0.0201,1.5839,8,93.0
circuit_748.jpg,662,365,1,2,-0.2758,1.3841,2,93.0
circuit_748.jpg,652,368,1,3,0.2006,1.8738,41,94.0
circuit_748.jpg,836,367,1,2,-0.1297,1.88,10,113.0
circuit_748.jpg,278,474,0,4,0.1775,1.1818,6,74.0
circuit_748.jpg,240,478,1,2,-0.2176,1.3459,4,104.0
circuit_748.jpg,431,489,1,4,0.165,1.5137,3,73.0
circuit_748.jpg,152,490,1,2,-0.2126,1.0845,1,102.5
circuit_748.jpg,120,494,1,2,-0.3541,0.9301,0,101.0
circuit_748.jpg,110,495,1,2,-0.3357,0.9378,0,100.0
circuit_748.jpg,76,498,1,2,-0.3971,1.0192,1,99.0
circuit_748.jpg,90,497,1,2,-0.2096,1.0946,2,99.0
circuit_748.jpg,834,498,1,2,-0.0271,2.1938,13,111.0
circuit_748.jpg,42,503,1,3,0.0284,1.3386,13,79.0
circuit_748.jpg,646,514,1,4,0.2481,1.2813,19,71.0
circuit_748.jpg,836,528,1,4,0.293,1.5605,14,77.0
circuit_748.jpg,927,533,0,2,-0.3437,1.4196,3,96.0
circuit_748.jpg,648,536,1,2,-0.4979,0.819,0,88.0
circuit_748.jpg,298,618,0,2,-0.2953,1.6425,5,95.0
circuit_748.jpg,655,618,1,2,-0.1966,1.1345,3,88.5
circuit_748.jpg,656,632,1,2,-0.1432,1.3674,4,87.5
circuit_748.jpg,304,653,0,3,-0.2576,1.614,6,79.0
circuit_748.jpg,434,653,0,3,-0.0136,1.4735,10,77.0
circuit_748.jpg,50,657,1,1,0.0815,2.3941,16,100.0
circuit_748.jpg,656,658,1,3,0.0633,1.9034,21,83.0
circuit_748.jpg,837,677,1,2,0.1211,1.7058,18,100.0
circuit_750.jpg,356,300,0,3,0.0351,1.717,33,110.0
circuit_750.jpg,486,302,0,3,0.336,1.9181,39,110.0
circuit_750.jpg,532,301,0,2,-0.1389,1.684,7,135.0
circuit_750.jpg,666,304,0,3,0.2727,1.9387,30,98.0
circuit_750.jpg,814,306,0,2,0.0198,2.7081,23,104.0
circuit_750.jpg,95,340,0,2,0.0843,1.7566,15,97.0
circuit_750.jpg,659,414,0,2,-0.1099,1.4011,6,96.0
circuit_750.jpg,488,444,0,2,0.0457,1.4894,7,76.0
circuit_750.jpg,815,448,1,2,-0.3129,1.2287,3,96.0
circuit_750.jpg,346,508,1,4,0.2251,1.7009,25,81.0
circuit_750.jpg,488,508,1,4,0.4441,1.7872,55,90.0
circuit_750.jpg,817,509,1,4,0.2386,1.7416,42,87.5
circuit_750.jpg,655,510,1,4,0.0284,1.7513,35,98.0
circuit_750.jpg,912,513,0,1,-0.2974,1.1814,2,98.0
circuit_750.jpg,94,516,1,4,0.1987,1.7641,14,77.0
circuit_750.jpg,652,610,1,2,-0.3091,1.5031,6,87.0
circuit_750.jpg,910,632,0,2,-0.2459,1.399,4,85.0
circuit_750.jpg,811,652,0,2,-0.1378,1.4609,9,88.0
circuit_750.jpg,646,660,1,2,-0.1298,1.6734,10,85.0
circuit_750.jpg,642,692,1,3,0.135,1.5357,25,84.0
circuit_750.jpg,357,696,0,3,-0.1802,1.6535,9,84.5
circuit_750.jpg,485,696,0,3,-0.1698,1.6351,6,86.0
circuit_750.jpg,97,705,1,2,0.0065,1.9654,17,90.0
circuit_755.jpg,862,303,0,2,0.2478,1.866,28,104.0
circuit_755.jpg,846,305,0,2,-0.275,0.8086,0,112.0
circuit_755.jpg,776,309,0,2,-0.2798,1.1949,2,116.0
circuit_755.jpg,746,312,0,3,-0.0823,1.9746,13,98.0
circuit_755.jpg,672,314,0,2,-0.134,2.3185,5,129.0
circuit_755.jpg,524,320,1,3,0.2995,2.9256,45,111.0
circuit_755.jpg,324,329,1,3,0.1304,1.8464,32,96.5
circuit_755.jpg,523,344,1,2,-0.2173,1.5134,7,94.0
circuit_755.jpg,882,440,1,2,-0.1124,2.0871,6,96.0
circuit_755.jpg,878,466,1,4,0.1216,1.8999,32,91.0
circuit_755.jpg,860,470,0,2,-0.2571,1.053,1,91.0
circuit_755.jpg,736,478,1,4,-0.1013,1.7289,13,93.0
circuit_755.jpg,662,484,1,2,0.2774,1.811,19,125.5
circuit_755.jpg,122,488,0,1,-0.2844,1.3895,3,86.0
circuit_755.jpg,520,495,1,4,0.1525,1.9315,39,98.0
circuit_755.jpg,938,494,0,2,-0.0236,1.7049,16,89.0
circuit_755.jpg,326,515,1,4,0.091,1.8796,28,94.0
circuit_755.jpg,198,531,1,2,0.0706,2.1341,16,135.0
circuit_755.jpg,178,534,1,2,-0.0893,1.9114,13,132.0
circuit_755.jpg,129,541,1,4,0.0714,2.2366,31,87.5
circuit_755.jpg,727,542,1,2,-0.164,1.3948,7,84.0
circuit_755.jpg,714,682,1,3,-0.1608,1.6808,15,94.0
circuit_755.jpg,853,681,1,2,-0.2511,1.559,8,87.0
circuit_755.jpg,506,689,0,3,-0.0447,2.1099,18,115.0
circuit_755.jpg,446,695,0,2,0.1142,2.1791,10,148.5
circuit_755.jpg,330,699,0,3,-0.0139,2.6086,23,107.0
circuit_755.jpg,374,697,0,2,-0.214,1.1363,2,106.0
circuit_760.jpg,359,385,0,3,0.0089,1.4929,9,104.0
circuit_760.jpg,195,388,0,2,-0.3087,1.2084,4,117.0
circuit_760.jpg,514,387,0,3,-0.3189,1.1726,2,108.0
circuit_760.jpg,514,414,0,2,-0.349,1.3511,3,99.0
circuit_760.jpg,184,574,1,2,-0.2562,1.0728,1,94.0
circuit_760.jpg,516,598,0,2,-0.2567,0.93,0,90.0
circuit_760.jpg,513,645,0,3,-0.064,2.1345,13,111.5
circuit_760.jpg,353,649,1,4,0.0105,1.4158,5,83.0
circuit_760.jpg,620,647,0,2,-0.2296,1.4269,7,131.0
circuit_760.jpg,634,648,0,2,-0.1663,1.1989,3,136.0
circuit_760.jpg,646,648,0,2,-0.0528,1.4486,6,145.0
circuit_760.jpg,189,650,1,3,-0.194,2.3074,4,86.0
circuit_760.jpg,209,651,1,3,-0.275,1.792,15,110.0
circuit_760.jpg,260,650,1,2,-0.2203,1.2425,2,127.0
circuit_760.jpg,688,650,0,2,-0.1575,1.2557,3,101.5
circuit_769.jpg,416,353,1,3,-0.2666,1.8416,10,94.0
circuit_769.jpg,678,354,1,3,-0.2618,1.7086,9,99.0
circuit_769.jpg,884,355,1,2,0.0191,1.7623,16,96.0
circuit_769.jpg,413,658,1,3,-0.1062,1.2757,5,80.0
circuit_769.jpg,558,664,1,3,0.167,2.431,25,81.5
circuit_769.jpg,682,662,1,3,0.1354,1.9331,25,87.0
circuit_775.jpg,202,241,0,2,0.1109,2.0885,20,92.0
circuit_775.jpg,421,258,0,2,-0.0005,2.0129,10,104.0
circuit_775.jpg,616,260,0,2,0.0964,1.9003,21,96.0
circuit_775.jpg,813,268,0,2,0.0309,1.8624,15,95.0
circuit_775.jpg,130,299,0,2,-0.3085,1.5482,3,92.0
circuit_775.jpg,202,301,0,3,0.0067,1.6186,11,91.0
circuit_775.jpg,70,314,0,2,-0.0604,1.7224,11,82.0
circuit_775.jpg,420,316,0,3,0.1891,1.5614,20,80.0
circuit_775.jpg,616,320,0,3,0.0972,1.7858,20,83.0
circuit_775.jpg,672,323,0,2,-0.2464,1.0397,1,95.0
circuit_775.jpg,220,337,0,2,-0.1397,1.7842,9,83.0
circuit_775.jpg,810,341,0,3,0.0854,1.6579,17,87.0
circuit_775.jpg,944,345,0,2,-0.1018,0.8413,0,89.0
circuit_775.jpg,984,347,0,2,-0.1867,1.4538,6,91.0
circuit_775.jpg,650,409,0,2,-0.3235,2.2902,18,88.0
circuit_775.jpg,863,458,0,2,-0.298,1.7951,1,86.5
circuit_775.jpg,558,516,0,4,0.0825,1.5506,18,74.0
circuit_775.jpg,270,517,0,1,-0.3585,1.3878,4,69.0
circuit_775.jpg,443,519,0,3,0.0697,1.7873,13,70.0
circuit_775.jpg,708,524,0,3,-0.1121,1.8669,6,77.0
circuit_775.jpg,984,542,0,3,-0.043,1.2536,5,74.0
circuit_775.jpg,864,544,0,3,0.0962,1.9984,19,82.0
circuit_775.jpg,898,579,0,1,-0.1302,1.9916,2,74.0
circuit_775.jpg,922,576,0,2,-0.0285,1.4636,5,79.0
circuit_775.jpg,984,580,0,4,-0.1078,1.3641,6,79.0
circuit_775.jpg,956,579,0,2,-0.0954,1.3936,7,83.0
circuit_775.jpg,227,583,1,3,0.0952,1.8823,6,70.0
circuit_775.jpg,443,600,0,2,-0.155,1.8309,8,75.0
circuit_775.jpg,246,614,0,2,-0.0655,1.5785,10,75.0
circuit_775.jpg,558,652,0,2,-0.332,1.3173,6,81.0
circuit_775.jpg,677,655,0,2,0.0042,1.7398,17,76.0
circuit_775.jpg,868,658,0,2,-0.2549,1.6438,10,79.5
circuit_775.jpg,981,705,0,2,0.1642,2.0143,23,77.0
circuit_775.jpg,560,714,0,3,-0.1494,1.7101,5,66.0
circuit_775.jpg,676,715,0,3,0.0252,1.9064,8,75.0
circuit_775.jpg,868,733,0,3,0.044,1.5269,10,74.0
circuit_775.jpg,988,737,0,2,-0.0586,1.2705,6,77.0
circuit_775.jpg,599,742,0,2,0.0359,1.3465,5,73.0
circuit_775.jpg,577,744,0,3,0.0023,1.3462,1,73.0
circuit_775.jpg,686,756,0,2,-0.224,1.4302,5,71.0
circuit_784.jpg,716,365,0,3,0.013,1.1289,6,72.0
circuit_784.jpg,537,378,0,3,-0.3112,1.0819,1,72.0
circuit_784.jpg,348,385,1,3,-0.252,1.2089,3,75.0
circuit_784.jpg,153,392,1,2,-0.1955,1.8127,6,76.0
circuit_784.jpg,727,416,0,2,-0.3523,1.6519,9,72.0
circuit_784.jpg,816,491,1,2,-0.0847,1.7028,9,83.0
circuit_784.jpg,681,501,0,2,-0.1779,1.3036,11,76.0
circuit_784.jpg,822,510,1,2,-0.3021,1.7544,5,86.0
circuit_784.jpg,820,530,1,2,-0.2572,1.6207,4,86.0
circuit_784.jpg,786,533,1,2,-0.2822,1.1092,3,82.0
circuit_784.jpg,745,541,1,3,-0.2918,0.9395,0,67.0
circuit_784.jpg,700,548,1,3,-0.0391,1.6035,11,69.0
circuit_784.jpg,171,552,1,1,-0.3655,0.8274,0,71.0
circuit_784.jpg,383,553,1,3,-0.1581,1.2858,7,71.0
circuit_784.jpg,640,551,1,3,-0.2362,1.3369,4,74.0
circuit_784.jpg,174,561,1,2,-0.2417,1.0879,1,72.0
circuit_795.jpg,884,363,0,2,-0.2992,1.2237,2,98.0
circuit_795.jpg,913,363,0,2,-0.0165,1.6191,21,90.0
circuit_795.jpg,724,366,1,2,-0.3266,1.2298,2,97.0
circuit_795.jpg,860,366,0,2,-0.3283,1.3259,1,96.0
circuit_795.jpg,706,369,1,3,0.208,1.8092,19,91.0
circuit_795.jpg,674,372,0,2,-0.2643,1.5055,4,103.0
circuit_795.jpg,559,386,0,3,-0.18,1.4731,15,91.0
circuit_795.jpg,432,391,0,2,-0.3229,0.8831,0,93.0
circuit_795.jpg,410,395,0,3,0.0445,1.5789,10,89.0
circuit_795.jpg,346,398,0,2,-0.1539,1.4081,11,91.0
circuit_795.jpg,272,411,0,2,-0.5553,1.1682,3,83.0
circuit_795.jpg,562,420,0,2,-0.3933,1.4778,8,91.0
circuit_795.jpg,920,498,0,1,-0.1338,1.5151,5,86.0
circuit_795.jpg,926,573,0,2,-0.2809,1.462,4,84.0
circuit_795.jpg,896,578,0,2,-0.3029,0.9406,0,82.0
circuit_795.jpg,727,600,1,3,0.1076,1.4502,3,77.0
circuit_795.jpg,640,608,1,3,-0.0116,1.6397,10,79.0
circuit_795.jpg,565,614,1,3,-0.1742,1.4306,7,83.0
circuit_795.jpg,524,620,1,2,-0.1962,1.1886,5,87.0
circuit_795.jpg,482,625,1,2,-0.2765,1.7858,5,83.0
circuit_795.jpg,408,630,1,3,-0.2367,1.2571,2,77.5
circuit_808.jpg,226,126,1,2,0.1349,1.7859,13,98.0
circuit_808.jpg,425,127,0,2,-0.3329,1.63,4,107.0
circuit_808.jpg,226,192,1,3,0.166,2.259,20,104.0
circuit_808.jpg,154,194,1,2,0.1759,1.8496,23,97.0
circuit_808.jpg,659,206,0,2,-0.4323,1.3889,3,99.0
circuit_808.jpg,849,222,0,2,0.1678,1.8395,16,116.0
circuit_808.jpg,430,265,1,3,0.0603,2.3005,18,102.0
circuit_808.jpg,634,267,0,2,-0.2073,1.7178,1,105.0
circuit_808.jpg,662,269,0,3,-0.0738,2.3078,9,102.0
circuit_808.jpg,986,284,0,2,0.03,2.0423,21,103.0
circuit_808.jpg,849,292,0,3,-0.0978,2.0654,9,103.0
circuit_808.jpg,888,291,0,1,0.2164,1.589,23,103.0
circuit_808.jpg,671,318,0,2,0.077,2.7872,19,104.0
circuit_808.jpg,660,370,0,1,-0.1888,2.0696,5,98.0
circuit_808.jpg,539,375,0,2,-0.0517,1.4042,16,91.0
circuit_808.jpg,986,418,0,2,-0.0962,1.7539,16,94.0
circuit_808.jpg,541,476,0,2,0.0326,2.257,22,96.0
circuit_808.jpg,672,510,0,2,-0.384,1.7011,8,82.0
circuit_808.jpg,670,573,0,3,0.2342,1.5149,18,76.5
circuit_808.jpg,540,574,0,4,0.1943,1.5891,1,67.0
circuit_808.jpg,388,576,0,3,-0.2323,1.7474,11,90.5
circuit_808.jpg,998,586,0,3,0.2486,1.8491,20,81.0
circuit_808.jpg,784,591,0,3,0.044,1.7248,21,93.0
circuit_808.jpg,109,617,0,3,0.2467,1.417,7,79.0
circuit_808.jpg,390,618,0,2,-0.3048,1.5799,3,93.5
circuit_808.jpg,996,640,0,2,-0.0226,1.725,11,91.0
circuit_808.jpg,155,663,1,2,0.0324,1.9224,8,90.0
circuit_808.jpg,226,664,1,3,0.247,1.455,15,81.0
circuit_808.jpg,543,720,0,2,-0.0064,1.8729,19,97.0
circuit_808.jpg,845,740,0,2,-0.0959,2.0186,11,90.0
circuit_808.jpg,644,750,0,2,-0.0168,1.2867,4,74.0
circuit_808.jpg,982,778,0,2,-0.2163,1.3362,10,84.0
circuit_808.jpg,545,782,0,2,-0.1202,2.0982,19,91.0
circuit_808.jpg,547,808,0,2,-0.1672,1.97,20,88.0
circuit_808.jpg,645,828,0,3,-0.5062,1.6152,9,81.0
circuit_808.jpg,548,830,0,2,0.0963,1.4563,14,79.0
circuit_808.jpg,844,830,0,3,0.0135,1.7437,15,88.0
circuit_816.jpg,820,347,0,3,-0.2841,1.3249,4,86.0
circuit_816.jpg,774,350,0,1,-0.1286,1.4333,10,99.5
circuit_816.jpg,818,371,0,4,-0.3637,1.2326,3,98.5
circuit_816.jpg,442,380,1,3,0.0699,1.6974,20,92.0
circuit_816.jpg,604,380,1,3,-0.1305,2.5573,17,101.0
circuit_816.jpg,243,386,0,2,0.0959,1.284,3,75.0
circuit_816.jpg,245,626,0,2,-0.0938,1.4215,9,97.0
circuit_816.jpg,452,649,1,4,-0.2353,1.1487,3,87.0
circuit_816.jpg,622,649,1,3,-0.3098,1.8087,6,86.0
circuit_820.jpg,470,99,0,2,-0.006,1.52,9,97.0
circuit_820.jpg,745,111,0,4,-0.5246,0.8894,0,86.0
circuit_820.jpg,767,114,0,4,-0.2991,1.2172,4,90.0
circuit_820.jpg,619,134,0,2,-0.0067,1.5736,14,87.0
circuit_820.jpg,780,139,0,3,-0.0799,1.3744,1,97.0
circuit_820.jpg,842,142,0,2,0.0036,1.7067,11,89.0
circuit_820.jpg,257,183,0,3,0.0411,1.7495,17,91.0
circuit_820.jpg,162,183,0,2,-0.0225,1.4699,9,83.0
circuit_820.jpg,278,184,0,2,-0.1911,1.9974,14,94.0
circuit_820.jpg,614,208,0,4,0.1973,1.8314,21,84.5
circuit_820.jpg,466,209,0,3,0.165,1.5522,20,96.0
circuit_820.jpg,504,209,0,1,-0.1556,1.4436,6,104.0
circuit_820.jpg,982,218,0,2,-0.0122,1.5457,10,100.0
circuit_820.jpg,840,220,0,3,-0.1214,1.803,14,90.0
circuit_820.jpg,992,218,0,2,-0.4173,1.2947,4,95.0
circuit_820.jpg,892,221,0,2,0.0655,1.6523,5,98.0
circuit_820.jpg,628,241,0,2,-0.0864,1.5323,5,90.0
circuit_820.jpg,630,313,0,2,0.0734,1.7715,13,85.0
circuit_820.jpg,530,326,0,2,0.0936,2.066,16,87.0
circuit_820.jpg,981,364,0,2,-0.2316,1.4489,7,89.0
circuit_820.jpg,681,458,0,2,0.0137,1.5033,8,75.0
circuit_820.jpg,853,459,0,2,0.0119,1.4665,8,79.0
circuit_820.jpg,441,459,0,2,0.0992,1.8582,9,76.0
circuit_820.jpg,271,466,0,2,0.0669,1.6045,11,78.0
circuit_820.jpg,296,465,0,2,-0.2687,1.4978,3,90.0
circuit_820.jpg,180,528,1,2,-0.0403,1.3867,12,78.0
circuit_820.jpg,264,528,1,3,-0.153,1.149,3,88.0
circuit_820.jpg,654,538,0,2,-0.0701,1.0567,1,79.0
circuit_820.jpg,678,538,0,2,-0.2086,1.4471,4,73.0
circuit_820.jpg,522,541,0,4,0.0556,1.2598,1,72.0
circuit_820.jpg,846,540,0,2,-0.1117,1.5417,7,84.0
circuit_820.jpg,442,542,0,3,-0.0399,1.7307,9,77.0
circuit_820.jpg,979,551,0,5,-0.0104,1.7936,10,79.0
circuit_820.jpg,962,550,0,3,-0.3851,1.3855,8,88.0
circuit_820.jpg,846,556,0,2,-0.042,1.3581,2,78.0
circuit_820.jpg,284,562,0,1,-0.06,1.4567,9,78.0
circuit_820.jpg,523,578,0,2,-0.2093,1.4095,6,81.0
circuit_820.jpg,680,741,0,2,-0.2136,0.9851,0,91.0
circuit_820.jpg,640,810,0,3,-0.3044,1.3389,3,74.0
circuit_820.jpg,530,817,0,2,-0.0293,1.2171,5,75.0
circuit_820.jpg,977,820,0,3,-0.2018,1.4669,7,85.0
circuit_820.jpg,926,825,0,2,-0.2783,1.3821,3,88.0
circuit_820.jpg,965,824,0,3,-0.2679,1.0356,1,85.0
circuit_820.jpg,787,824,0,3,-0.1136,1.5857,6,75.0
circuit_823.jpg,817,389,0,2,-0.2074,1.5851,6,89.0
circuit_823.jpg,622,392,0,2,-0.1527,1.0416,1,88.5
circuit_823.jpg,638,393,0,2,-0.4604,1.347,4,91.0
circuit_823.jpg,153,400,1,2,-0.1557,1.5697,8,87.0
circuit_823.jpg,322,405,0,2,-0.2722,1.4216,7,85.0
circuit_823.jpg,426,478,0,4,0.2028,1.795,23,89.0
circuit_823.jpg,324,480,0,2,-0.1665,1.8053,11,93.0
circuit_823.jpg,604,481,0,3,-0.0742,1.4906,8,90.0
circuit_823.jpg,724,482,0,2,-0.1309,1.4,6,98.0
circuit_823.jpg,807,664,0,3,-0.1212,1.6007,9,93.0
circuit_823.jpg,616,666,1,4,-0.1343,1.3421,5,86.5
circuit_823.jpg,718,665,1,3,0.1108,2.3468,20,92.0
circuit_823.jpg,425,668,1,4,-0.0962,1.5428,9,86.0
circuit_823.jpg,388,670,1,2,-0.2527,1.3022,3,101.0
circuit_823.jpg,288,672,1,2,-0.1802,1.3861,3,108.0
circuit_823.jpg,155,676,1,2,-0.1678,1.7474,8,94.0
circuit_832.jpg,184,358,1,2,-0.3815,1.1137,1,100.0
circuit_832.jpg,378,358,1,3,0.1187,1.4981,15,96.0
circuit_832.jpg,418,359,1,2,-0.0158,1.7494,9,128.5
circuit_832.jpg,428,360,1,2,0.2326,1.731,11,129.5
circuit_832.jpg,374,466,1,2,-0.1918,0.7966,0,90.0
circuit_832.jpg,373,606,1,4,-0.075,1.194,10,83.0
circuit_833.jpg,424,405,0,3,0.0447,1.6132,8,78.0
circuit_833.jpg,695,406,0,2,-0.3162,1.1678,2,72.0
circuit_833.jpg,208,413,0,2,-0.1696,1.3078,11,74.0
circuit_833.jpg,696,418,0,2,-0.2597,0.8462,0,73.0
circuit_833.jpg,208,422,0,2,-0.2357,0.8378,0,75.0
circuit_833.jpg,437,540,0,2,-0.0015,2.0929,11,83.0
circuit_833.jpg,694,583,0,2,-0.1308,1.1413,3,96.0
circuit_833.jpg,658,586,0,2,-0.1752,1.7994,4,105.0
circuit_833.jpg,576,591,0,2,-0.1669,1.1025,2,97.0
circuit_833.jpg,485,604,0,4,-0.4041,1.6216,3,85.0
circuit_833.jpg,436,602,0,3,-0.1155,1.4553,14,91.0
circuit_833.jpg,208,608,0,2,-0.1849,2.1503,6,88.0
circuit_835.jpg,364,146,0,2,-0.356,1.0328,1,101.0
circuit_835.jpg,553,154,0,2,0.1165,1.8235,15,113.5
circuit_835.jpg,703,165,0,2,0.0358,1.6538,18,98.0
circuit_835.jpg,881,170,0,2,-0.2845,1.5531,8,102.0
circuit_835.jpg,553,176,0,2,-0.2629,1.4171,3,109.0
circuit_835.jpg,260,196,1,2,-0.1994,1.4515,4,102.0
circuit_835.jpg,143,197,1,2,-0.0941,2.037,12,86.0
circuit_835.jpg,315,202,1,3,0.0917,1.4913,22,87.0
circuit_835.jpg,340,205,1,2,-0.2768,0.7883,0,91.0
circuit_835.jpg,705,214,0,2,-0.2307,1.089,4,103.0
circuit_835.jpg,549,238,0,3,0.2212,1.6581,12,85.0
circuit_835.jpg,706,239,0,3,0.0087,1.4083,12,80.0
circuit_835.jpg,876,242,0,2,-0.2546,1.2528,2,93.0
circuit_835.jpg,326,263,0,2,-0.4933,1.0304,1,92.0
circuit_835.jpg,872,264,0,3,-0.1886,1.1342,3,83.0
circuit_835.jpg,972,270,0,2,-0.0571,1.7631,15,89.0
circuit_835.jpg,738,287,0,2,-0.5302,1.3031,3,92.0
circuit_835.jpg,909,292,0,3,-0.6399,1.2836,3,82.0
circuit_835.jpg,972,294,0,3,-0.2064,1.8258,5,95.0
circuit_835.jpg,730,342,0,2,0.134,2.0343,13,87.0
circuit_835.jpg,145,354,0,4,-0.3735,1.2164,2,89.0
circuit_835.jpg,639,348,0,1,-0.2286,1.3898,3,101.5
circuit_835.jpg,124,358,0,3,-0.4163,1.0928,1,86.0
circuit_835.jpg,719,428,0,2,0.0458,1.6306,14,87.0
circuit_835.jpg,804,462,0,2,0.0393,1.7391,13,81.0
circuit_835.jpg,302,480,0,2,-0.0249,1.3852,5,87.0
circuit_835.jpg,358,480,0,2,-0.282,1.0983,1,93.5
circuit_835.jpg,498,483,0,2,-0.7282,0.9953,0,79.0
circuit_835.jpg,508,487,0,3,0.0584,1.9594,14,80.0
circuit_835.jpg,582,488,0,2,-0.1858,1.007,1,88.0
circuit_835.jpg,725,491,0,3,0.1112,1.3508,13,72.0
circuit_835.jpg,642,494,0,3,-0.1266,1.5773,7,62.5
circuit_835.jpg,976,522,0,3,0.0863,1.3775,16,74.0
circuit_835.jpg,890,527,0,3,-0.0176,1.9504,17,71.0
circuit_835.jpg,302,540,0,3,0.0558,1.4472,6,73.0
circuit_835.jpg,236,542,0,2,-0.131,1.0476,1,94.0
circuit_835.jpg,219,543,0,2,-0.3681,1.5896,9,89.0
circuit_835.jpg,907,551,0,2,-0.3933,1.8182,3,72.0
circuit_835.jpg,326,592,0,2,0.0298,1.2751,4,95.0
circuit_835.jpg,632,644,0,2,-0.3231,1.2311,3,80.0
circuit_835.jpg,982,658,0,2,0.0102,1.5081,4,78.0
circuit_835.jpg,738,703,0,2,-0.0551,1.586,7,77.5
circuit_835.jpg,876,706,0,2,-0.0226,1.9937,12,84.0
circuit_835.jpg,737,714,0,2,-0.5795,0.9101,0,80.0
circuit_835.jpg,626,764,0,2,0.2483,1.9246,17,78.0
circuit_835.jpg,738,767,0,3,-0.1206,1.6695,9,70.5
circuit_835.jpg,881,809,0,3,0.0243,1.665,13,72.0
circuit_835.jpg,984,808,0,2,-0.0509,2.0022,16,75.5
circuit_836.jpg,178,172,1,2,-0.0688,1.9099,15,123.0
circuit_836.jpg,220,173,1,3,0.4779,2.6386,50,125.0
circuit_836.jpg,394,186,0,3,0.0953,2.2286,28,109.0
circuit_836.jpg,570,196,1,3,-0.0989,1.6999,18,97.0
circuit_836.jpg,760,209,1,3,0.1737,1.1419,3,72.0
circuit_836.jpg,887,211,1,2,-0.2071,2.153,8,117.0
circuit_836.jpg,823,263,0,2,0.1465,1.325,5,85.0
circuit_836.jpg,890,272,1,2,-0.0357,2.2721,7,119.0
circuit_836.jpg,392,282,0,2,0.0963,1.305,4,134.0
circuit_836.jpg,892,282,1,2,-0.1403,1.8751,10,117.5
circuit_836.jpg,34,315,1,3,0.1295,1.563,11,97.0
circuit_836.jpg,820,317,0,1,-0.1095,1.1519,1,93.0
circuit_836.jpg,246,324,1,1,0.4948,2.0853,27,111.0
circuit_836.jpg,294,327,1,2,0.0197,1.8204,11,125.0
circuit_836.jpg,306,328,1,2,-0.2174,2.3622,7,125.0
circuit_836.jpg,402,335,1,2,0.4932,2.4141,28,111.5
circuit_836.jpg,584,342,1,1,0.6747,2.2609,52,109.0
circuit_836.jpg,894,350,1,3,0.3373,1.143,4,80.0
circuit_836.jpg,397,412,0,2,0.2589,1.7625,25,139.0
circuit_836.jpg,398,436,0,2,0.0701,1.8501,16,137.0
circuit_836.jpg,235,470,1,2,-0.5879,1.8345,5,161.0
circuit_836.jpg,579,474,1,2,-0.2647,1.3804,4,125.0
circuit_836.jpg,399,498,0,2,-0.107,2.308,14,127.0
circuit_836.jpg,580,516,1,2,-0.0647,1.449,3,118.0
circuit_836.jpg,35,522,1,3,0.1839,1.3977,20,101.0
circuit_836.jpg,898,544,1,4,0.1828,1.3035,11,81.0
circuit_836.jpg,766,547,1,3,0.0923,1.4849,8,81.0
circuit_836.jpg,906,709,1,2,-0.1229,2.1233,8,125.0
circuit_836.jpg,909,755,1,3,0.1125,1.708,24,92.0
circuit_836.jpg,41,758,1,3,0.2863,1.4796,18,94.0
circuit_836.jpg,852,759,1,2,-0.4144,1.1664,3,98.0
circuit_836.jpg,223,767,1,2,-0.2776,1.8575,9,136.0
circuit_836.jpg,246,773,1,4,-0.2293,1.2099,3,128.0
circuit_836.jpg,580,770,1,3,0.0359,1.6067,4,83.0
circuit_836.jpg,410,771,0,3,-0.0817,1.3588,2,80.0
circuit_836.jpg,50,924,1,2,-0.0186,1.714,5,115.0
circuit_836.jpg,248,936,1,3,-0.0137,3.0555,10,131.0
circuit_856.jpg,50,326,0,2,-0.0315,1.7183,13,99.0
circuit_856.jpg,314,326,1,2,-0.3732,1.1022,1,105.0
circuit_856.jpg,470,326,1,3,-0.1905,1.4401,6,110.0
circuit_856.jpg,566,326,1,2,-0.4662,1.1831,1,101.0
circuit_856.jpg,291,327,1,3,-0.1264,1.2527,5,99.0
circuit_856.jpg,430,327,1,2,-0.1864,1.2802,7,106.0
circuit_856.jpg,619,332,1,3,0.1764,1.7272,15,97.0
circuit_856.jpg,768,340,1,2,-0.3539,1.2134,1,105.0
circuit_856.jpg,799,344,1,2,-0.3723,1.7151,3,98.0
circuit_856.jpg,469,484,1,4,0.1927,1.3843,13,77.0
circuit_856.jpg,796,485,1,4,0.2279,1.6204,16,82.0
circuit_856.jpg,292,486,1,4,0.1998,1.2093,2,78.0
circuit_856.jpg,619,486,1,4,0.2134,1.4,17,82.0
circuit_856.jpg,54,488,1,3,0.1491,1.6,9,85.0
circuit_856.jpg,890,488,0,2,-0.0339,0.9987,0,96.0
circuit_856.jpg,294,622,1,2,-0.1836,1.5953,6,87.0
circuit_856.jpg,458,636,0,3,-0.0559,1.4206,9,75.0
circuit_856.jpg,614,634,1,3,0.0981,1.5134,6,75.0
circuit_856.jpg,788,636,1,2,-0.2398,1.7579,6,84.0
circuit_856.jpg,438,642,0,2,-0.5258,0.7059,0,85.0
circuit_856.jpg,292,655,1,4,0.0218,1.304,2,72.0
circuit_856.jpg,56,660,0,2,-0.2328,1.2044,2,81.0
circuit_862.jpg,440,351,0,3,-0.1791,1.6442,4,80.0
circuit_862.jpg,395,355,0,3,-0.2764,1.4185,4,78.0
circuit_862.jpg,164,384,1,2,-0.4118,1.0212,1,82.5
circuit_862.jpg,326,384,1,3,-0.0886,1.3931,7,84.0
circuit_862.jpg,348,384,0,2,0.2136,1.4314,13,89.0
circuit_862.jpg,398,384,0,2,-0.4802,1.4691,6,95.0
circuit_862.jpg,502,386,0,3,-0.1008,1.3378,5,74.0
circuit_862.jpg,809,385,1,2,-0.4078,1.2579,1,83.0
circuit_862.jpg,811,584,1,2,-0.3708,1.4342,3,74.0
circuit_862.jpg,332,601,0,3,-0.2664,1.08,2,84.0
circuit_862.jpg,508,604,1,4,-0.0871,1.8885,5,73.0
circuit_869.jpg,338,283,0,3,0.1234,2.2612,23,98.0
circuit_869.jpg,89,285,0,2,-0.0025,1.2598,7,80.5
circuit_869.jpg,500,286,0,2,-0.1359,1.559,12,103.0
circuit_869.jpg,726,290,0,2,-0.1695,1.3511,7,115.5
circuit_869.jpg,629,293,0,3,-0.0018,2.2849,13,99.0
circuit_869.jpg,818,294,0,2,-0.0206,1.9344,7,97.0
circuit_869.jpg,824,538,1,2,-0.3228,1.4578,5,92.0
circuit_869.jpg,822,572,1,2,-0.0864,1.592,2,91.0
circuit_869.jpg,87,580,1,2,-0.0408,1.6165,9,85.0
circuit_869.jpg,342,582,0,2,-0.3415,1.025,2,93.0
circuit_869.jpg,90,594,1,2,-0.239,1.3149,5,83.0
circuit_869.jpg,638,610,0,1,-0.1332,1.4684,4,91.0
circuit_869.jpg,344,616,0,2,-0.2443,1.6163,4,87.0
circuit_869.jpg,95,658,1,2,-0.121,1.6627,13,92.0
circuit_869.jpg,819,659,1,2,-0.0686,1.6365,14,87.0
circuit_869.jpg,350,660,1,4,0.2543,1.7147,14,83.0
circuit_869.jpg,634,663,1,3,0.1533,1.6092,21,82.5
circuit_87.jpg,614,80,1,3,-0.2161,1.9799,12,117.0
circuit_87.jpg,748,80,1,2,-0.0025,1.8881,3,138.0
circuit_87.jpg,246,84,1,3,0.0915,1.9149,11,113.5
circuit_87.jpg,400,84,1,3,-0.1103,1.6435,6,110.5
circuit_87.jpg,804,220,1,2,-0.0176,1.2194,3,112.0
circuit_87.jpg,851,220,1,3,-0.0336,1.4232,16,89.0
circuit_87.jpg,60,226,1,3,-0.2274,1.6822,22,92.0
circuit_87.jpg,168,228,1,2,0.0448,1.2493,3,108.5
circuit_87.jpg,249,233,1,3,-2.3393,-2.2093,0,92.0
circuit_87.jpg,610,232,1,3,-0.887,-0.4379,0,95.0
circuit_87.jpg,857,354,1,3,-0.3235,1.3967,5,87.0
circuit_87.jpg,615,360,1,3,-2.5571,-2.4636,0,88.0
circuit_87.jpg,250,360,1,3,0.1232,1.3778,14,78.0
circuit_87.jpg,58,376,1,2,-0.3145,1.1478,1,95.0
circuit_87.jpg,384,377,1,1,-0.1429,1.4743,6,92.0
circuit_87.jpg,402,381,1,2,-0.1163,1.8489,8,86.0
circuit_87.jpg,54,410,1,2,-0.3198,0.7893,0,92.0
circuit_87.jpg,53,420,1,2,-0.3133,0.9945,0,94.0
circuit_87.jpg,47,472,1,2,-0.2851,0.905,0,88.0
circuit_87.jpg,45,492,1,2,-0.252,0.828,0,89.0
circuit_87.jpg,613,519,1,3,0.1173,1.6675,10,88.0
circuit_87.jpg,858,532,1,3,-0.0091,1.8396,11,80.0
circuit_87.jpg,620,536,1,3,-0.172,1.2964,4,85.0
circuit_87.jpg,244,543,1,3,-0.0995,1.6528,5,78.0
circuit_87.jpg,607,556,1,2,-0.1907,1.763,6,84.0
circuit_87.jpg,394,564,1,1,-0.284,1.7727,8,83.0
circuit_87.jpg,618,561,1,3,-0.137,1.6652,3,83.0
circuit_87.jpg,406,716,1,3,-0.0773,1.835,9,75.0
circuit_87.jpg,856,714,1,4,0.0078,1.5278,12,72.0
circuit_87.jpg,614,736,1,2,-0.25,1.7547,8,77.0
circuit_87.jpg,34,850,1,2,-0.2999,1.987,6,84.5
circuit_87.jpg,41,861,1,1,-0.0181,1.4524,13,82.0
circuit_87.jpg,239,872,1,3,-0.3626,0.9359,0,81.0
circuit_87.jpg,395,873,1,4,0.0493,1.3611,9,69.0
circuit_87.jpg,861,870,1,2,-0.1084,2.4187,11,83.0
circuit_87.jpg,798,876,1,2,-0.2726,0.7691,0,86.0
circuit_87.jpg,440,880,1,2,-0.4565,0.8356,0,87.0
circuit_87.jpg,629,881,1,3,-0.1658,1.5398,6,79.0
circuit_884.jpg,151,238,0,1,-0.1675,1.3602,5,76.0
circuit_884.jpg,635,261,0,3,-0.1172,1.9653,7,74.0
circuit_884.jpg,868,269,0,2,-0.2743,1.1633,5,77.0
circuit_884.jpg,152,496,1,2,-0.1146,1.3919,5,86.0
circuit_884.jpg,145,522,1,2,-0.3017,1.1234,3,86.0
circuit_884.jpg,142,553,1,3,-0.3554,1.7938,11,79.0
circuit_884.jpg,388,554,0,3,-0.0928,1.468,8,80.0
circuit_884.jpg,174,557,0,2,-0.4049,1.4344,2,81.0
circuit_884.jpg,631,558,1,3,-0.1015,1.3166,11,78.0
circuit_884.jpg,382,696,0,2,-0.217,1.4882,5,84.0
circuit_884.jpg,382,730,1,4,-0.0386,2.0399,20,83.0
circuit_884.jpg,634,730,1,3,-0.0103,1.4292,13,91.0
circuit_885.jpg,446,381,1,3,-0.1665,1.4713,11,92.5
circuit_885.jpg,187,388,0,2,-0.5135,1.209,2,73.0
circuit_885.jpg,444,450,1,1,-0.38,1.3609,3,73.0
circuit_885.jpg,437,592,1,4,-0.2122,1.2054,5,73.0
circuit_885.jpg,184,599,1,2,-0.1666,1.3745,3,77.0
circuit_886.jpg,534,137,1,3,-0.1259,2.1792,7,108.0
circuit_886.jpg,462,141,1,2,-0.2063,1.7783,7,113.0
circuit_886.jpg,235,146,1,2,-0.0549,2.0675,19,107.0
circuit_886.jpg,830,184,0,2,0.0157,1.8731,11,111.0
circuit_886.jpg,121,260,1,2,-0.2284,1.4535,7,108.0
circuit_886.jpg,235,275,1,3,-0.0728,1.365,6,97.0
circuit_886.jpg,838,421,0,4,0.1514,1.8463,32,96.0
circuit_886.jpg,551,432,0,4,0.2193,2.4076,25,90.0
circuit_886.jpg,245,449,1,3,0.2432,2.1183,23,87.5
circuit_886.jpg,729,476,0,1,-0.1977,1.6597,9,98.0
circuit_886.jpg,835,494,0,2,-0.0612,1.8495,7,117.0
circuit_886.jpg,831,544,0,2,0.0719,1.4907,10,106.0
circuit_886.jpg,148,551,0,2,0.0354,1.8169,12,92.0
circuit_886.jpg,828,568,0,3,-0.0369,1.6961,8,83.0
circuit_886.jpg,809,574,0,2,-0.23,1.6293,3,90.0
circuit_886.jpg,626,632,1,3,0.094,1.8926,19,89.0
circuit_886.jpg,724,638,0,3,-0.0784,1.6181,9,83.0
circuit_886.jpg,54,672,1,3,0.0835,1.91,15,92.0
circuit_886.jpg,533,744,0,2,-0.2489,1.5314,6,95.5
circuit_886.jpg,804,750,0,1,-0.112,1.8918,15,83.0
circuit_886.jpg,531,775,0,3,0.1621,2.0376,17,91.0
circuit_886.jpg,578,780,0,2,-0.1514,2.0287,7,85.0
circuit_886.jpg,526,802,0,1,-0.0339,1.6673,12,106.5
circuit_886.jpg,581,812,0,2,-0.2039,1.3937,2,92.0
circuit_886.jpg,620,861,1,2,-0.2762,1.672,6,86.5
circuit_886.jpg,314,862,0,2,0.0146,1.787,9,83.0
circuit_886.jpg,159,904,1,2,-0.0113,2.0044,16,110.0
circuit_886.jpg,864,907,1,4,0.3731,1.8764,43,102.0
circuit_886.jpg,713,916,1,3,0.1798,2.2838,23,101.0
circuit_886.jpg,614,926,1,3,0.1073,2.0539,27,107.0
circuit_886.jpg,526,931,1,3,0.0225,1.566,14,90.0
circuit_886.jpg,72,946,1,2,0.0223,1.7818,15,137.0
circuit_886.jpg,384,948,1,2,-0.1286,1.3855,6,89.0
circuit_886.jpg,256,956,1,3,-0.1638,1.6354,5,81.5
circuit_886.jpg,166,964,1,3,-0.2177,1.6419,13,86.0
circuit_886.jpg,74,977,1,2,0.0088,1.4382,13,86.0
circuit_895.jpg,240,162,0,2,0.0179,1.5769,33,103.0
circuit_895.jpg,544,160,0,2,-0.3901,1.3613,16,108.0
circuit_895.jpg,626,164,0,2,-0.1135,1.3947,7,107.0
circuit_895.jpg,839,169,0,2,-0.0498,1.7047,17,109.0
circuit_895.jpg,238,234,0,1,0.0706,2.2881,24,105.0
circuit_895.jpg,764,244,1,2,-0.0987,1.6068,5,100.0
circuit_895.jpg,735,247,1,2,-0.259,2.1396,7,104.0
circuit_895.jpg,237,264,0,3,-0.092,2.0312,16,99.0
circuit_895.jpg,162,265,0,2,0.0403,2.6484,25,101.0
circuit_895.jpg,176,266,0,2,-0.0793,1.4624,4,102.0
circuit_895.jpg,833,350,0,2,-0.3229,1.4623,13,100.0
circuit_895.jpg,690,401,0,2,-0.085,1.936,12,98.0
circuit_895.jpg,832,402,0,4,0.1315,1.5471,11,81.0
circuit_895.jpg,229,404,0,3,-0.0133,2.0891,23,84.0
circuit_895.jpg,270,405,0,2,-0.3305,1.5719,4,90.0
circuit_895.jpg,496,409,1,4,0.1865,1.9263,25,85.0
circuit_895.jpg,495,434,1,2,-0.1379,1.6636,12,92.0
circuit_895.jpg,833,444,0,2,-0.2622,1.3499,7,93.0
circuit_895.jpg,180,468,0,2,-0.3997,1.3098,1,86.0
circuit_895.jpg,148,471,0,1,-0.0372,1.6225,10,83.0
circuit_895.jpg,577,474,0,2,-0.3036,1.4505,4,89.0
circuit_895.jpg,78,524,0,2,-0.0679,1.912,6,82.0
circuit_895.jpg,836,520,0,3,-0.1021,1.9704,10,86.0
circuit_895.jpg,804,523,0,2,-0.2138,1.9824,12,82.0
circuit_895.jpg,581,560,0,2,0.1092,2.4089,38,83.0
circuit_895.jpg,734,618,1,3,0.0828,1.9627,27,84.0
circuit_895.jpg,492,638,1,3,0.0376,1.8902,24,83.0
circuit_895.jpg,522,637,0,1,-0.0855,2.0261,15,84.0
circuit_895.jpg,527,656,0,2,-0.2094,1.8523,15,94.0
circuit_895.jpg,528,664,0,2,-0.0462,1.6997,13,96.0
circuit_895.jpg,796,668,0,2,-0.1801,1.9095,11,89.0
circuit_895.jpg,797,684,0,2,-0.1752,1.8731,14,90.0
circuit_895.jpg,531,694,0,2,-0.2247,2.224,7,95.0
circuit_895.jpg,579,704,0,2,-0.1524,1.2868,9,87.0
circuit_895.jpg,310,710,0,2,-0.1621,1.2092,5,93.0
circuit_895.jpg,326,712,0,2,-0.1114,1.3707,6,93.0
circuit_895.jpg,533,712,0,2,-0.4145,1.9415,10,90.0
circuit_895.jpg,398,722,0,2,-0.1602,1.2922,7,89.0
circuit_895.jpg,796,722,0,2,-0.0739,1.7505,5,89.0
circuit_895.jpg,440,728,0,2,-0.0888,1.7457,11,87.0
circuit_895.jpg,796,750,0,2,-0.1105,1.725,10,79.0
circuit_895.jpg,83,824,0,2,-0.2769,1.5888,3,82.0
circuit_895.jpg,578,824,0,2,-0.0812,1.8602,15,88.0
circuit_895.jpg,86,838,0,2,-0.1357,1.583,7,82.0
circuit_895.jpg,145,840,1,3,-0.2656,1.1535,6,80.0
circuit_895.jpg,228,842,1,3,0.1024,1.3449,13,77.0
circuit_895.jpg,493,851,0,3,-0.2052,1.8018,18,85.0
circuit_895.jpg,845,854,0,3,-0.1436,1.2349,15,76.0
circuit_895.jpg,800,855,0,2,-0.3794,1.3166,6,76.5
circuit_895.jpg,734,859,0,3,-0.0091,1.4141,8,72.0
circuit_895.jpg,576,859,0,3,-0.0722,2.373,15,83.0
circuit_897.jpg,536,348,0,3,0.0861,1.6162,18,105.0
circuit_897.jpg,212,352,0,2,-0.4886,1.6195,2,104.0
circuit_897.jpg,532,448,0,1,-0.2417,1.4917,2,103.0
circuit_897.jpg,202,618,0,2,-0.0818,1.4288,5,92.0
circuit_897.jpg,532,622,0,4,0.0721,1.5874,13,100.0
circuit_897.jpg,681,626,0,2,-0.2879,1.3049,4,95.0
circuit_9.jpg,812,315,0,2,-0.4208,1.2222,4,107.0
circuit_9.jpg,250,318,1,2,-0.6589,0.7132,0,112.0
circuit_9.jpg,180,401,1,2,-0.0214,1.5267,6,101.0
circuit_9.jpg,248,404,1,3,-0.2063,1.6053,4,116.0
circuit_9.jpg,664,404,1,2,-0.1164,1.6524,4,112.0
circuit_9.jpg,818,598,1,2,-0.006,1.8074,7,90.0
circuit_9.jpg,670,679,1,4,-0.0735,1.483,5,86.0
circuit_9.jpg,822,682,1,4,0.2182,1.6567,12,96.5
circuit_9.jpg,186,687,1,2,-0.2361,1.0871,1,93.0
circuit_901.jpg,81,28,1,2,0.1737,1.811,25,91.0
circuit_901.jpg,98,29,1,2,-0.3073,1.5414,5,95.0
circuit_901.jpg,180,34,1,2,0.0407,1.8942,6,105.5
circuit_901.jpg,370,34,1,3,-0.0002,1.3772,15,100.0
circuit_901.jpg,582,33,1,3,0.3292,1.9968,28,99.0
circuit_901.jpg,190,35,1,2,-0.1944,1.7401,8,104.0
circuit_901.jpg,214,36,1,3,0.1589,2.0103,29,97.0
circuit_901.jpg,720,37,1,2,-0.3128,1.4567,5,112.0
circuit_901.jpg,854,42,1,2,-0.1308,1.8088,2,103.0
circuit_901.jpg,372,88,1,2,-0.2086,2.0302,11,100.0
circuit_901.jpg,218,132,1,2,-0.022,2.3863,13,95.0
circuit_901.jpg,375,155,1,4,0.0717,2.1746,13,89.0
circuit_901.jpg,230,173,1,3,0.0627,1.8195,21,119.0
circuit_901.jpg,244,173,1,2,-0.0858,1.799,13,119.0
circuit_901.jpg,82,175,1,4,-0.5455,1.3697,5,83.0
circuit_901.jpg,105,176,1,3,-0.1618,1.0098,1,98.0
circuit_901.jpg,725,181,1,2,-0.3064,1.3989,2,108.0
circuit_901.jpg,857,187,1,3,0.0878,1.7448,15,88.0
circuit_901.jpg,219,199,1,2,0.2606,1.9282,37,87.0
circuit_901.jpg,224,329,1,3,0.2896,1.4617,21,70.0
circuit_901.jpg,380,332,1,3,0.3573,1.3992,16,89.5
circuit_901.jpg,738,348,1,2,-0.3794,1.1916,1,102.0
circuit_901.jpg,762,350,1,2,-0.3014,1.3431,3,106.0
circuit_901.jpg,857,357,1,4,-0.0078,1.8411,23,84.0
circuit_901.jpg,386,362,1,2,-0.2186,1.8512,8,86.0
circuit_901.jpg,391,396,1,2,-0.1422,1.9519,12,85.0
circuit_901.jpg,394,420,1,2,-0.13,1.8254,10,86.0
circuit_901.jpg,478,552,1,2,-0.2252,2.0474,17,88.0
circuit_901.jpg,851,573,1,3,0.0531,1.3489,10,70.0
circuit_901.jpg,479,574,1,2,-0.0213,1.6938,12,89.0
circuit_901.jpg,611,579,1,3,-0.0477,1.848,11,74.0
circuit_901.jpg,233,594,1,3,-0.3041,1.4898,8,75.0
circuit_901.jpg,266,593,1,2,-0.2346,1.2503,4,80.5
circuit_901.jpg,608,726,0,2,-0.1989,1.6703,9,75.0
circuit_901.jpg,849,748,1,3,0.1135,1.7402,9,73.0
circuit_901.jpg,486,761,1,2,0.0456,1.8214,19,106.5
circuit_901.jpg,401,766,1,3,0.1413,1.8199,12,70.0
circuit_901.jpg,608,776,0,2,-0.1161,1.4516,10,76.0
circuit_901.jpg,616,783,0,2,-0.0698,1.6808,17,76.0
circuit_901.jpg,400,810,1,2,-0.1795,1.7109,12,80.0
circuit_901.jpg,84,826,1,2,0.2729,2.0584,23,76.0
circuit_901.jpg,234,848,1,2,-0.1303,1.7407,13,77.0
circuit_901.jpg,236,865,1,2,-0.0656,1.7462,13,78.0
circuit_901.jpg,397,866,1,2,-0.0703,1.8354,14,81.0
circuit_901.jpg,236,889,1,3,0.09,1.5864,11,65.0
circuit_901.jpg,396,892,1,4,0.4107,2.1058,43,79.0
circuit_901.jpg,610,901,1,3,-0.0353,1.5243,13,80.0
circuit_901.jpg,841,907,1,2,-0.0921,1.4718,6,100.0
circuit_904.jpg,465,100,0,3,-0.0531,2.3561,26,103.0
circuit_904.jpg,202,105,0,2,-0.0103,2.4453,15,91.0
circuit_904.jpg,780,139,0,2,-0.1477,2.0193,18,109.0
circuit_904.jpg,208,167,0,3,0.0211,1.8097,15,98.0
circuit_904.jpg,464,205,0,3,-0.2161,1.8583,12,93.0
circuit_904.jpg,620,206,0,3,0.0643,1.6821,12,89.0
circuit_904.jpg,785,213,0,3,-0.1812,2.2466,11,95.0
circuit_904.jpg,969,212,0,2,-0.0421,1.4664,7,93.0
circuit_904.jpg,629,231,0,2,-0.0385,2.1269,11,95.0
circuit_904.jpg,94,310,0,1,-0.0535,2.1383,7,96.0
circuit_904.jpg,637,320,0,2,-0.0125,1.7583,14,88.0
circuit_904.jpg,519,323,0,2,-0.2049,1.687,10,92.0
circuit_904.jpg,522,501,0,2,-0.1529,1.8168,8,81.0
circuit_904.jpg,824,542,0,2,-0.3634,1.9187,5,87.0
circuit_904.jpg,658,550,0,3,-0.0506,1.6609,9,79.0
circuit_904.jpg,528,599,0,4,-0.067,1.7774,17,80.0
circuit_904.jpg,659,599,0,3,-0.1049,1.6112,14,81.5
circuit_904.jpg,460,600,0,3,-0.3972,1.6997,8,80.0
circuit_904.jpg,276,601,0,2,-0.0165,2.0565,19,75.5
circuit_904.jpg,987,616,0,3,-0.0408,1.8783,16,73.0
circuit_904.jpg,860,619,0,3,-0.0048,1.6543,20,78.0
circuit_904.jpg,170,662,1,2,-0.557,1.528,6,77.0
circuit_904.jpg,159,663,1,3,0.025,1.2312,13,76.0
circuit_904.jpg,274,664,1,3,-0.1316,1.6398,6,85.0
circuit_904.jpg,276,712,0,2,-0.1279,1.7948,9,86.0
circuit_904.jpg,624,766,0,2,0.0106,1.4298,11,73.0
circuit_904.jpg,628,810,0,2,0.0577,1.8547,17,72.0
circuit_904.jpg,960,826,0,2,-0.2855,1.2792,6,79.0
circuit_904.jpg,744,830,0,3,-0.1934,1.2707,6,78.0
circuit_904.jpg,776,831,0,2,-0.5693,0.5325,0,85.0
circuit_904.jpg,959,842,0,2,-0.0641,1.5774,9,81.0
circuit_904.jpg,626,846,0,2,-0.1413,1.4893,12,77.0
circuit_910.jpg,67,48,1,2,-0.0895,1.684,8,96.0
circuit_910.jpg,276,52,1,3,0.0422,1.7377,14,101.0
circuit_910.jpg,310,52,1,2,-0.656,0.3118,0,113.0
circuit_910.jpg,332,53,1,2,-0.0092,1.6347,6,131.0
circuit_910.jpg,388,55,1,2,0.7703,2.5259,12,147.5
circuit_910.jpg,466,61,1,3,0.1714,2.0067,17,109.0
circuit_910.jpg,666,64,1,3,0.0992,1.7281,16,102.0
circuit_910.jpg,762,68,1,2,-0.6998,0.9932,0,110.0
circuit_910.jpg,275,102,1,2,-0.0499,1.3617,2,97.0
circuit_910.jpg,664,112,1,2,-0.0172,1.5,8,95.0
circuit_910.jpg,273,116,1,2,-0.3705,1.2878,4,94.0
circuit_910.jpg,462,184,1,3,0.025,1.823,13,92.0
circuit_910.jpg,267,192,1,2,-2.0336,-2.0336,0,95.0
circuit_910.jpg,655,194,1,3,0.1831,1.3862,10,83.0
circuit_910.jpg,462,209,1,4,-0.353,1.724,4,103.0
circuit_910.jpg,498,206,1,2,-0.05,1.4509,1,149.0
circuit_910.jpg,67,211,1,3,0.1291,1.3622,4,67.0
circuit_910.jpg,874,211,1,3,-0.188,1.4655,5,82.0
circuit_910.jpg,720,214,1,2,-0.4151,0.8626,0,140.5
circuit_910.jpg,774,217,0,2,0.2917,2.0691,13,131.0
circuit_910.jpg,655,224,1,3,0.2115,1.4718,5,94.0
circuit_910.jpg,266,229,1,2,-0.2489,1.2615,3,83.0
circuit_910.jpg,66,350,1,2,-0.2488,1.2815,4,84.0
circuit_910.jpg,466,376,1,1,-0.0859,1.6426,7,80.0
circuit_910.jpg,463,390,1,4,-0.1904,1.5128,4,96.0
circuit_910.jpg,862,396,1,3,-0.1535,1.8276,10,77.0
circuit_910.jpg,257,400,1,3,0.0876,1.3316,3,70.0
circuit_910.jpg,464,414,1,3,-0.1283,1.1674,2,76.0
circuit_910.jpg,66,420,1,2,-0.1753,1.7161,12,82.0
circuit_910.jpg,379,452,0,2,-1.5056,-0.0731,0,82.0
circuit_910.jpg,319,457,0,3,-0.0009,1.3914,4,79.0
circuit_910.jpg,362,465,0,1,-0.1055,1.1851,5,78.0
circuit_910.jpg,324,472,0,3,-0.3772,1.3202,1,78.0
circuit_910.jpg,346,468,0,3,-0.3454,0.9672,0,80.0
circuit_910.jpg,255,528,1,2,-0.0357,1.6778,16,93.0
circuit_910.jpg,253,588,1,3,-0.2911,1.7113,9,72.0
circuit_910.jpg,850,592,1,3,-0.034,1.5408,7,75.0
circuit_910.jpg,457,620,1,1,-0.415,1.1157,2,75.0
circuit_910.jpg,259,656,1,2,-0.1541,1.5335,7,84.0
circuit_910.jpg,458,788,1,3,-0.1549,1.412,8,75.5
circuit_910.jpg,837,793,1,3,-0.071,1.2847,5,74.0
circuit_910.jpg,644,834,1,1,-0.1562,1.0175,1,79.0
circuit_910.jpg,454,852,1,2,0.0274,1.564,10,75.0
circuit_910.jpg,257,864,1,2,0.0682,1.7499,8,76.0
circuit_910.jpg,258,914,1,3,-0.1476,1.4841,4,75.0
circuit_910.jpg,74,917,1,2,-0.2577,1.3353,6,68.0
circuit_910.jpg,376,922,1,2,-0.0347,1.1644,2,81.0
circuit_910.jpg,450,926,1,3,-0.0908,1.3202,9,71.0
circuit_910.jpg,640,931,1,3,-0.2992,1.0061,1,76.0
circuit_910.jpg,833,936,1,2,-0.3066,1.5196,7,72.0
circuit_925.jpg,201,374,0,2,-0.01,1.7361,6,95.0
circuit_925.jpg,658,373,0,3,0.0202,1.7043,12,100.0
circuit_925.jpg,492,376,0,3,0.0446,1.4225,10,97.0
circuit_925.jpg,454,377,0,2,-0.3629,1.4774,2,110.0
circuit_925.jpg,496,410,0,2,-0.2543,1.0974,3,93.0
circuit_925.jpg,671,560,0,2,-0.4061,0.963,0,93.0
circuit_925.jpg,673,590,0,2,-0.1321,1.7019,8,87.0
circuit_925.jpg,926,604,0,2,-0.0571,2.401,10,94.0
circuit_925.jpg,226,608,0,2,-0.361,0.9257,0,93.5
circuit_925.jpg,510,607,0,3,0.0051,1.4986,12,89.0
circuit_925.jpg,578,610,0,2,-0.0155,1.8685,15,95.0
circuit_925.jpg,674,610,0,3,0.2228,2.023,24,94.0
circuit_925.jpg,728,611,0,2,-0.587,0.6386,0,105.0
circuit_926.jpg,528,370,0,3,0.3705,1.8295,18,71.0
circuit_926.jpg,264,375,0,2,0.0252,1.267,5,74.0
circuit_926.jpg,847,626,0,2,-0.345,1.9191,8,83.0
circuit_926.jpg,468,652,0,2,-0.2167,1.5901,7,84.0
circuit_926.jpg,520,655,0,2,0.0127,1.9487,13,78.0
circuit_926.jpg,766,655,0,2,-0.2277,1.843,8,86.0
circuit_926.jpg,552,659,0,3,0.1029,2.1815,18,73.0
circuit_931.jpg,904,306,1,2,0.1686,3.0722,61,174.0
circuit_931.jpg,25,307,0,2,0.0926,2.5363,35,163.5
circuit_931.jpg,194,308,0,3,0.2182,3.1291,53,166.0
circuit_931.jpg,754,307,1,3,0.5868,2.7673,105,171.0
circuit_931.jpg,370,309,1,3,0.4562,3.0332,83,158.0
circuit_931.jpg,600,309,1,2,0.2535,2.5461,67,157.5
circuit_931.jpg,25,342,0,2,0.3617,2.7784,32,174.0
circuit_931.jpg,597,408,1,2,-0.2251,2.0854,28,147.5
circuit_931.jpg,903,436,1,3,-0.1446,1.9185,19,163.0
circuit_931.jpg,29,437,0,3,0.2132,3.0853,49,155.0
circuit_931.jpg,348,439,0,2,0.2316,3.5336,56,150.0
circuit_931.jpg,393,442,0,2,-0.0592,1.798,25,142.0
circuit_931.jpg,30,512,0,3,-0.0948,1.7943,23,144.0
circuit_931.jpg,172,515,0,2,0.2386,2.3381,30,140.0
circuit_931.jpg,292,515,0,3,-0.1706,1.5513,12,160.0
circuit_931.jpg,390,511,0,2,-0.3985,1.9375,7,147.0
circuit_931.jpg,754,512,1,3,0.2877,2.6026,53,149.0
circuit_931.jpg,902,512,1,3,-0.0758,2.0691,44,155.0
circuit_931.jpg,282,550,0,3,-0.1693,1.8665,18,157.0
circuit_931.jpg,32,582,0,3,-0.035,2.6139,21,131.0
circuit_931.jpg,370,584,0,3,0.1451,2.3607,39,165.0
circuit_931.jpg,594,586,1,3,-0.2375,2.8879,11,154.0
circuit_931.jpg,902,590,1,4,0.0393,2.8806,37,158.0
circuit_931.jpg,37,714,0,2,-0.0493,1.6626,19,135.0
circuit_931.jpg,196,716,0,3,0.1945,2.5986,35,146.0
circuit_931.jpg,901,722,1,2,0.4891,2.9305,76,157.0
circuit_932.jpg,577,281,0,2,-0.0964,1.6027,14,98.0
circuit_932.jpg,127,300,1,2,-0.2186,1.8755,8,99.0
circuit_932.jpg,283,307,0,2,-0.0778,1.6603,8,103.0
circuit_932.jpg,574,330,0,2,-0.0792,1.818,16,114.0
circuit_932.jpg,123,388,1,2,-0.2497,2.0098,14,112.0
circuit_932.jpg,712,391,1,2,-0.3436,1.9973,7,108.0
circuit_932.jpg,668,394,1,2,-0.0542,1.7845,17,108.0
circuit_932.jpg,644,397,1,2,0.0392,2.0654,11,104.0
circuit_932.jpg,620,399,1,2,-0.1371,1.5095,7,113.0
circuit_932.jpg,122,403,1,3,0.1448,2.4107,39,111.5
circuit_932.jpg,914,411,0,2,-0.0849,1.213,2,95.0
circuit_932.jpg,943,411,0,2,-0.1103,1.7419,11,86.0
circuit_932.jpg,714,418,1,3,0.2568,2.0879,34,117.0
circuit_932.jpg,398,420,0,3,-0.1866,1.8255,21,87.0
circuit_932.jpg,478,419,0,2,-0.1946,1.3303,2,95.0
circuit_932.jpg,718,536,0,2,-0.1934,1.5175,8,110.0
circuit_932.jpg,118,587,1,4,0.2709,2.4702,49,108.0
circuit_932.jpg,148,589,0,2,-0.4244,1.3318,1,108.5
circuit_932.jpg,204,592,0,2,-0.1021,1.7242,8,118.0
circuit_932.jpg,385,605,0,2,-0.2532,1.5596,3,89.0
circuit_932.jpg,124,662,1,3,0.1621,1.822,22,114.0
circuit_932.jpg,144,663,0,2,-0.0599,1.7276,12,123.0
circuit_932.jpg,330,667,0,2,-0.219,1.8214,10,93.0
circuit_932.jpg,715,696,1,4,-0.0927,1.2803,7,84.0
circuit_932.jpg,609,703,1,3,-0.2553,1.766,4,84.0
circuit_932.jpg,127,732,1,3,0.1481,2.2153,31,111.0
circuit_932.jpg,331,742,1,2,-0.2962,1.6463,6,95.0
circuit_932.jpg,967,813,0,2,-0.0358,1.9296,18,98.0
circuit_932.jpg,944,817,0,2,-0.165,1.2813,11,108.0
circuit_932.jpg,129,830,0,2,0.1067,2.0137,21,103.0
circuit_937.jpg,824,217,1,2,-0.0789,2.1498,8,104.0
circuit_937.jpg,778,217,1,2,0.0289,1.9903,10,118.0
circuit_937.jpg,592,220,1,2,-0.5132,0.9809,0,103.0
circuit_937.jpg,406,221,1,2,-0.5164,1.6276,2,103.5
circuit_937.jpg,584,221,1,2,-0.3212,1.1426,1,103.0
circuit_937.jpg,506,227,1,3,-0.0707,2.1026,19,105.0
circuit_937.jpg,538,227,1,2,-0.2096,0.9592,0,103.0
circuit_937.jpg,237,305,1,1,-0.3293,1.2366,1,87.0
circuit_937.jpg,166,331,1,2,-0.2345,1.3579,7,101.5
circuit_937.jpg,236,333,1,3,0.1128,1.473,9,82.0
circuit_937.jpg,419,434,0,1,-0.1783,1.2635,3,99.0
circuit_937.jpg,419,458,0,2,-0.6296,0.7083,0,82.0
circuit_937.jpg,817,469,0,4,0.0018,1.3117,4,75.0
circuit_937.jpg,416,475,1,4,0.3327,1.8703,20,80.0
circuit_937.jpg,242,482,1,3,0.1255,1.6352,16,84.0
circuit_937.jpg,523,535,1,2,-0.1991,2.1936,13,89.0
circuit_937.jpg,751,574,0,2,-0.2249,1.4006,4,86.0
circuit_937.jpg,818,578,0,3,-0.1609,1.3328,7,78.0
circuit_937.jpg,526,590,1,3,0.1746,1.3047,12,79.0
circuit_937.jpg,40,626,1,3,0.234,1.2148,2,74.0
circuit_937.jpg,674,642,0,3,-0.037,1.2442,8,75.0
circuit_937.jpg,824,652,0,2,0.1553,1.5417,10,103.0
circuit_937.jpg,413,666,1,3,-0.0368,1.7301,15,82.0
circuit_937.jpg,673,696,0,2,-0.3773,1.5651,4,91.0
circuit_937.jpg,348,732,0,2,-0.2604,1.3639,8,88.0
circuit_937.jpg,498,739,1,2,-0.2048,1.674,7,85.5
circuit_937.jpg,758,742,0,2,-0.12,1.9371,9,88.0
circuit_937.jpg,123,748,1,3,-0.2706,1.1791,1,87.0
circuit_937.jpg,69,751,1,2,-0.1284,1.7716,8,90.0
circuit_937.jpg,88,749,1,2,0.0291,1.5232,11,90.0
circuit_937.jpg,126,810,1,3,-0.0427,1.5412,8,77.0
circuit_937.jpg,52,813,1,2,-0.28,1.5292,9,93.0
circuit_937.jpg,240,818,1,3,0.0453,1.7764,8,74.0
circuit_937.jpg,820,823,1,3,0.1731,1.0405,1,69.0
circuit_937.jpg,326,824,1,2,-0.3474,1.0314,1,85.0
circuit_937.jpg,340,827,1,2,-0.226,1.1706,1,85.5
circuit_937.jpg,408,827,1,3,0.1172,1.693,12,77.0
circuit_937.jpg,526,828,1,3,-0.0162,1.9839,16,77.0
circuit_937.jpg,674,829,1,3,0.1756,1.3758,15,81.0
circuit_953.jpg,578,191,0,3,0.1994,1.5384,25,94.0
circuit_953.jpg,590,192,0,2,-0.7513,0.7202,0,93.0
circuit_953.jpg,628,194,0,2,-0.495,1.5501,3,107.0
circuit_953.jpg,640,194,0,2,0.3705,1.5539,6,124.5
circuit_953.jpg,231,284,0,3,0.0724,1.9954,20,98.0
circuit_953.jpg,722,304,1,1,-0.0899,1.6878,13,95.0
circuit_953.jpg,900,390,1,1,-0.0532,1.9914,9,95.0
circuit_953.jpg,226,400,0,2,-0.0736,1.9786,15,86.0
circuit_953.jpg,832,401,1,4,0.3058,1.5238,24,82.0
circuit_953.jpg,226,410,0,3,0.2048,1.8534,23,85.0
circuit_953.jpg,433,411,1,4,0.1704,2.043,39,90.0
circuit_953.jpg,578,489,0,2,0.1085,1.8968,25,97.0
circuit_953.jpg,656,532,0,4,-1.0186,0.6618,0,89.0
circuit_953.jpg,665,536,0,2,-0.2774,1.4245,2,90.0
circuit_953.jpg,580,536,0,3,0.1238,2.0293,24,85.0
circuit_953.jpg,38,546,0,3,0.1737,1.8229,29,83.0
circuit_953.jpg,766,542,1,2,-0.076,1.9863,20,90.0
circuit_953.jpg,834,542,1,3,0.3136,1.6749,37,82.0
circuit_953.jpg,433,606,1,2,0.2283,1.7955,27,88.0
circuit_953.jpg,718,618,1,3,0.113,1.7629,20,74.0
circuit_953.jpg,435,651,1,3,0.1121,1.8287,21,79.0
circuit_953.jpg,480,651,1,2,-0.0739,1.9893,18,89.0
circuit_953.jpg,581,682,0,2,-0.1453,1.5699,8,83.0
circuit_953.jpg,302,696,0,2,-0.4416,0.6298,0,80.0
circuit_953.jpg,766,706,0,2,-0.0749,1.5859,15,77.0
circuit_953.jpg,170,715,1,2,-0.4837,0.5383,0,79.0
circuit_953.jpg,227,758,1,3,-0.1976,1.3284,3,82.5
circuit_953.jpg,40,790,0,2,0.1051,1.6828,17,78.0
circuit_953.jpg,229,791,0,3,0.1625,1.8031,14,72.0
circuit_953.jpg,436,792,0,3,0.0301,1.6476,14,83.0
circuit_953.jpg,132,795,0,3,0.0859,1.3923,10,81.0
circuit_953.jpg,578,800,0,3,-0.0987,1.4776,20,83.0
circuit_953.jpg,719,801,0,3,0.1768,1.9023,24,80.0
circuit_953.jpg,740,802,0,2,0.028,1.7296,10,85.0
circuit_953.jpg,834,804,0,3,-0.2073,1.324,6,82.0
circuit_957.jpg,736,152,0,2,-0.1866,0.8988,0,105.0
circuit_957.jpg,758,152,0,2,-0.105,1.4822,8,107.0
circuit_957.jpg,626,159,0,2,-0.3914,1.7659,1,101.0
circuit_957.jpg,344,173,0,2,-0.0155,1.0189,2,105.0
circuit_957.jpg,314,176,0,2,-0.0425,1.8241,7,90.0
circuit_957.jpg,986,218,0,2,-0.3307,1.3428,3,105.0
circuit_957.jpg,470,226,0,3,-0.0173,1.4494,6,99.0
circuit_957.jpg,628,225,0,3,-0.0406,1.5138,8,92.0
circuit_957.jpg,793,226,0,3,-0.0459,1.6207,15,104.0
circuit_957.jpg,316,232,0,3,-0.0106,1.4462,6,94.0
circuit_957.jpg,222,244,0,2,-0.3792,0.8614,0,102.0
circuit_957.jpg,627,255,1,2,-0.0559,1.4286,11,105.0
circuit_957.jpg,332,269,0,2,-0.1655,1.6091,6,103.0
circuit_957.jpg,146,278,0,1,-0.41,1.1085,3,94.0
circuit_957.jpg,630,294,1,2,-0.1738,2.1131,8,97.5
circuit_957.jpg,632,306,1,2,-0.1797,1.5105,6,95.0
circuit_957.jpg,634,343,1,2,0.1171,1.4753,12,94.0
circuit_957.jpg,500,361,1,2,-0.2594,1.3726,2,103.0
circuit_957.jpg,478,365,1,2,-0.3931,0.9024,0,98.0
circuit_957.jpg,464,367,1,2,-0.2596,0.9205,0,97.0
circuit_957.jpg,441,370,1,2,-0.277,1.5844,6,86.0
circuit_957.jpg,444,428,1,2,0.1478,1.2862,3,91.0
circuit_957.jpg,660,469,0,2,-0.3713,1.1677,1,97.0
circuit_957.jpg,546,538,0,3,-0.0278,1.3369,12,89.0
circuit_957.jpg,452,540,1,4,0.1591,2.057,19,89.5
circuit_957.jpg,727,543,0,3,0.0077,1.9444,13,92.0
circuit_957.jpg,410,543,1,3,0.2606,2.4914,25,97.0
circuit_957.jpg,900,546,0,2,-0.5152,1.1254,1,93.0
circuit_957.jpg,212,550,0,2,-0.5882,0.7504,0,85.0
circuit_957.jpg,982,550,0,3,-0.3286,1.7655,8,88.0
circuit_957.jpg,187,554,0,2,-0.3347,1.3166,5,80.0
circuit_957.jpg,455,556,0,2,-0.2118,1.6181,6,87.0
circuit_957.jpg,187,619,1,3,-0.1533,1.6302,8,84.0
circuit_957.jpg,96,629,1,2,-0.2169,1.0127,1,93.0
circuit_957.jpg,83,632,1,2,-0.0615,1.1683,3,88.5
circuit_957.jpg,610,715,0,2,0.0584,1.4597,4,78.0
circuit_957.jpg,800,719,0,3,-0.2943,2.0711,4,86.0
circuit_957.jpg,800,750,0,2,-0.0764,1.5237,5,88.0
circuit_957.jpg,464,760,0,2,-0.295,1.4571,4,86.0
circuit_957.jpg,466,772,0,2,0.1451,1.4931,6,88.0
circuit_957.jpg,611,794,0,3,-0.1351,1.0764,2,90.0
circuit_957.jpg,984,808,0,3,-0.1102,1.9397,9,89.0
circuit_957.jpg,798,811,0,2,-0.2091,1.6969,7,85.0
circuit_957.jpg,953,810,0,2,-0.2811,1.7652,7,96.0
circuit_957.jpg,912,814,0,2,-0.0641,1.0425,3,75.0
circuit_957.jpg,583,840,0,2,-0.108,1.3627,10,90.0
circuit_961.jpg,768,206,0,2,0.0598,2.8122,32,102.0
circuit_961.jpg,456,208,0,2,-0.1072,3.2474,25,92.0
circuit_961.jpg,260,210,0,2,0.2029,2.8651,53,86.0
circuit_961.jpg,621,211,0,2,0.4148,2.5311,64,92.0
circuit_961.jpg,771,250,0,2,0.0053,2.4021,24,102.0
circuit_961.jpg,461,256,0,2,-0.1786,1.8637,10,86.0
circuit_961.jpg,910,303,0,2,0.0365,2.5366,41,93.0
circuit_961.jpg,624,306,0,3,0.0013,3.3367,20,104.0
circuit_961.jpg,128,308,1,2,-0.0688,1.9022,28,71.0
circuit_961.jpg,262,307,1,3,-0.0467,2.4204,45,87.0
circuit_961.jpg,467,312,0,3,0.0525,2.7485,31,93.0
circuit_961.jpg,782,312,0,2,-0.1134,1.8374,17,96.0
circuit_961.jpg,682,335,1,1,0.0189,1.8158,29,93.0
circuit_961.jpg,652,338,1,2,-0.143,2.0958,25,73.0
circuit_961.jpg,298,343,0,1,-0.0059,2.1701,30,73.0
circuit_961.jpg,776,466,0,2,-0.5979,0.753,0,92.0
circuit_961.jpg,628,470,0,2,-0.0418,2.2169,24,75.0
circuit_961.jpg,628,544,0,3,0.0247,2.014,25,81.0
circuit_961.jpg,906,544,0,4,0.2631,2.7741,61,86.0
circuit_961.jpg,538,548,1,4,0.1603,2.333,51,82.0
circuit_961.jpg,786,548,0,3,0.2001,2.3426,44,91.0
circuit_961.jpg,214,552,0,3,0.1194,2.1932,57,81.0
circuit_961.jpg,368,558,0,2,-0.0874,2.3111,26,101.0
circuit_961.jpg,406,558,1,3,0.4264,2.3156,73,76.0
circuit_961.jpg,642,599,0,3,-0.1753,2.3816,10,87.0
circuit_961.jpg,109,618,0,2,0.0534,2.4035,42,90.5
circuit_961.jpg,218,619,0,3,0.1332,2.4073,50,88.0
circuit_961.jpg,246,622,0,2,-0.0507,2.3041,34,92.0
circuit_961.jpg,246,642,0,2,-0.3692,1.8509,22,87.0
circuit_961.jpg,229,652,0,2,-0.3207,1.6488,10,85.0
circuit_961.jpg,622,678,1,2,0.2052,3.291,53,87.0
circuit_961.jpg,739,677,0,2,0.0489,2.1964,27,94.0
circuit_961.jpg,660,690,0,1,0.2447,1.9849,23,79.0
circuit_961.jpg,667,697,0,2,0.4329,1.8357,45,73.0
circuit_961.jpg,624,743,1,3,0.14,3.4405,55,84.0
circuit_961.jpg,537,747,0,2,0.2782,2.8879,58,84.0
circuit_961.jpg,634,745,0,2,0.1708,2.671,23,83.0
circuit_961.jpg,744,749,0,3,0.0302,3.3257,42,90.0
circuit_961.jpg,637,778,0,2,-0.0371,2.19,11,78.0
circuit_963.jpg,181,267,0,2,-0.0763,1.7655,9,87.0
circuit_963.jpg,368,267,1,3,-0.0553,2.107,16,96.0
circuit_963.jpg,512,268,1,3,0.3606,2.4005,37,99.0
circuit_963.jpg,776,271,0,2,-0.019,1.7915,15,86.0
circuit_963.jpg,428,351,1,2,0.0005,1.7302,15,94.5
circuit_963.jpg,378,435,1,2,-0.1351,1.5757,7,81.0
circuit_963.jpg,446,436,1,3,-0.2145,1.8615,13,87.0
circuit_963.jpg,520,438,1,4,-0.132,1.5932,3,84.0
circuit_963.jpg,721,442,1,2,-0.1529,1.5872,6,83.0
circuit_963.jpg,442,458,1,2,0.0278,1.8557,6,91.0
circuit_963.jpg,291,514,1,3,-0.0502,1.252,7,75.0
circuit_963.jpg,195,518,1,3,0.091,1.5435,10,77.0
circuit_963.jpg,725,521,1,3,0.0081,1.1502,4,79.0
circuit_963.jpg,435,524,1,2,-0.0299,1.8846,12,78.0
circuit_963.jpg,674,526,1,2,-0.5475,0.5273,0,75.0
circuit_963.jpg,435,552,1,3,0.0671,2.3253,19,90.0
circuit_963.jpg,527,602,0,3,-0.1738,1.6041,12,74.0
circuit_963.jpg,672,606,1,2,-0.1892,1.493,5,76.0
circuit_963.jpg,895,641,1,2,-0.3045,1.8324,6,83.0
circuit_963.jpg,775,668,1,2,-0.111,1.88,15,77.0
circuit_963.jpg,774,694,1,2,-0.0916,1.9784,12,98.0
circuit_963.jpg,776,706,1,2,-0.1256,1.5075,8,96.0
circuit_963.jpg,778,720,1,2,0.057,1.7062,14,93.0
circuit_963.jpg,863,732,0,3,-0.2144,1.4061,3,77.0
circuit_963.jpg,878,732,0,3,-0.353,1.429,5,75.0
circuit_963.jpg,895,738,0,2,-0.2615,1.2645,3,74.0
circuit_963.jpg,881,753,0,4,-0.0556,1.6456,12,76.0
circuit_963.jpg,856,757,0,3,-0.3006,1.1833,4,81.0
circuit_963.jpg,887,768,0,3,-0.0055,1.7415,16,76.0
circuit_963.jpg,204,769,1,3,0.0021,1.721,12,80.0
circuit_963.jpg,848,769,1,3,-0.3131,1.29,6,85.0
circuit_963.jpg,866,770,0,3,-0.3495,1.1307,1,79.5
circuit_963.jpg,362,771,1,3,-0.1924,1.4993,4,79.0
circuit_963.jpg,546,771,1,3,-0.0829,2.1149,8,83.0
circuit_963.jpg,728,771,1,2,-0.2394,1.7894,15,82.0
circuit_963.jpg,826,771,1,3,-0.0758,1.7507,15,80.0
circuit_968.jpg,336,94,0,2,0.2357,2.0104,20,111.0
circuit_968.jpg,516,107,0,2,-0.2117,1.8831,11,111.0
circuit_968.jpg,852,120,0,2,-0.4041,1.2318,5,131.0
circuit_968.jpg,866,122,0,2,-0.0601,2.2625,9,125.0
circuit_968.jpg,873,190,0,2,-0.32,1.4752,2,112.0
circuit_968.jpg,874,200,0,2,-0.1089,1.2926,4,113.0
circuit_968.jpg,332,218,0,3,0.4015,2.2813,45,94.0
circuit_968.jpg,792,261,1,2,-0.6341,1.0449,1,100.0
circuit_968.jpg,331,376,0,3,0.0443,2.0148,17,101.0
circuit_968.jpg,543,384,1,3,0.3709,1.5939,22,88.0
circuit_968.jpg,746,388,0,2,-0.3432,0.6538,0,101.0
circuit_968.jpg,874,390,0,4,0.3352,1.7511,36,90.0
circuit_968.jpg,755,400,1,2,0.0949,1.6654,16,99.0
circuit_968.jpg,334,402,0,2,-0.1095,1.8868,4,106.0
circuit_968.jpg,204,451,0,2,-0.2436,1.1373,3,85.5
circuit_968.jpg,262,454,0,2,-0.4049,1.2127,2,89.5
circuit_968.jpg,760,518,1,2,-0.0425,2.2965,25,93.0
circuit_968.jpg,60,524,0,3,-0.1389,1.7519,10,88.0
circuit_968.jpg,871,530,0,3,0.1828,1.9146,32,82.0
circuit_968.jpg,835,533,0,2,-0.0807,1.4614,5,86.0
circuit_968.jpg,646,552,0,2,0.0062,2.1408,9,93.0
circuit_968.jpg,645,572,0,2,-0.1176,1.3089,6,103.0
circuit_968.jpg,765,599,1,3,0.192,1.5161,18,80.0
circuit_968.jpg,367,639,1,2,-0.6212,0.7042,0,76.5
circuit_968.jpg,355,642,1,1,-0.3993,0.8056,0,77.0
circuit_968.jpg,548,680,1,3,-0.0487,1.5546,9,88.0
circuit_968.jpg,764,683,0,2,0.0409,1.6257,19,92.0
circuit_968.jpg,572,720,0,2,-0.1778,1.5846,4,88.0
circuit_968.jpg,835,720,0,2,-0.2645,1.752,9,92.0
circuit_968.jpg,660,726,0,2,-0.2803,1.7562,11,99.5
circuit_968.jpg,577,758,0,2,-0.2597,1.8284,7,83.0
circuit_968.jpg,837,790,0,1,-0.0269,2.0257,14,95.0
circuit_968.jpg,191,848,1,2,0.0045,1.6185,8,97.0
circuit_968.jpg,58,866,0,2,-0.1352,1.8015,11,87.0
circuit_968.jpg,542,866,0,3,0.0599,1.4016,11,83.0
circuit_968.jpg,328,868,1,2,-0.3224,1.4991,2,86.0
circuit_968.jpg,358,868,1,3,0.0531,1.6775,17,80.0
circuit_968.jpg,772,868,0,3,0.2595,1.732,19,85.0
circuit_968.jpg,877,868,0,3,-0.1066,1.61,16,82.0
circuit_968.jpg,244,870,1,2,-0.2266,1.4083,1,85.0
circuit_968.jpg,663,870,0,3,-0.0424,1.4679,12,82.5
circuit_968.jpg,226,872,1,2,-0.2872,1.221,3,83.5
circuit_968.jpg,196,875,1,3,0.2082,1.3461,11,76.0
circuit_972.jpg,264,148,0,2,0.2305,3.028,38,108.0
circuit_972.jpg,308,147,0,2,0.1326,3.7924,26,115.0
circuit_972.jpg,427,154,0,2,0.6013,3.0583,50,105.0
circuit_972.jpg,429,168,0,2,-0.0537,2.3624,17,104.0
circuit_972.jpg,762,180,0,2,0.3168,3.8021,80,101.0
circuit_972.jpg,618,182,0,2,0.4284,3.0459,86,102.0
circuit_972.jpg,145,206,0,2,0.1953,2.7266,47,106.0
circuit_972.jpg,265,210,0,3,0.6719,3.0762,94,103.0
circuit_972.jpg,432,235,0,3,0.6142,2.7736,163,95.0
circuit_972.jpg,575,241,0,3,-0.1089,3.666,25,102.0
circuit_972.jpg,616,239,0,2,0.3646,3.8071,73,101.0
circuit_972.jpg,551,264,0,2,-0.047,2.2623,30,100.0
circuit_972.jpg,573,268,0,4,0.2533,3.3967,47,98.0
circuit_972.jpg,612,268,1,3,0.2422,3.1003,61,102.0
circuit_972.jpg,766,269,1,3,0.626,3.085,135,98.0
circuit_972.jpg,898,272,0,2,0.3396,3.7219,72,101.0
circuit_972.jpg,580,278,1,2,0.2684,2.3777,58,98.0
circuit_972.jpg,612,278,1,3,-0.095,1.9401,24,102.0
circuit_972.jpg,608,305,1,2,0.2386,3.5505,68,103.0
circuit_972.jpg,894,311,0,3,-0.2681,2.1059,21,101.0
circuit_972.jpg,510,360,1,2,-0.1366,2.0068,19,105.0
circuit_972.jpg,517,426,1,2,-0.1609,1.7407,8,95.0
circuit_972.jpg,758,459,0,2,0.3065,4.2925,62,97.0
circuit_972.jpg,276,473,0,2,0.1561,3.2587,74,97.0
circuit_972.jpg,392,484,0,3,0.7138,2.5351,210,87.0
circuit_972.jpg,524,492,0,3,0.8406,2.8826,247,90.0
circuit_972.jpg,761,492,0,2,-0.0614,1.8668,19,95.0
circuit_972.jpg,666,494,0,2,0.9561,3.2208,181,90.0
circuit_972.jpg,270,502,0,2,-0.1558,2.4566,24,97.0
circuit_972.jpg,737,502,0,1,0.0905,2.8198,43,96.0
circuit_972.jpg,767,539,0,3,0.6518,2.6392,223,85.0
circuit_972.jpg,893,538,0,3,0.5285,2.5172,138,87.0
circuit_972.jpg,271,542,1,2,0.9134,2.6282,277,89.0
circuit_972.jpg,386,560,0,3,0.2034,2.3126,15,97.0
circuit_972.jpg,202,588,1,2,-0.0877,2.4402,24,95.0
circuit_972.jpg,396,608,0,2,0.0487,2.2916,35,98.0
circuit_972.jpg,526,653,0,2,0.2577,2.7977,82,99.0
circuit_972.jpg,544,653,0,2,-0.2901,1.7377,15,101.0
circuit_972.jpg,716,656,0,2,0.4814,3.1781,87,96.0
circuit_972.jpg,724,712,0,3,0.3316,2.9202,101,96.0
circuit_972.jpg,907,718,0,3,0.1234,2.8766,57,99.0
circuit_972.jpg,393,740,0,2,-0.2522,3.5818,12,95.0
circuit_972.jpg,526,758,0,3,0.8724,4.069,240,91.0
circuit_972.jpg,730,781,0,2,0.0746,2.6395,63,97.0
circuit_975.jpg,254,107,0,2,0.057,1.6274,8,91.0
circuit_975.jpg,412,112,0,2,-0.3568,1.7216,3,85.0
circuit_975.jpg,603,130,0,2,-0.283,1.4365,8,89.0
circuit_975.jpg,777,132,0,2,-0.2166,1.4967,6,86.0
circuit_975.jpg,144,170,0,2,-0.0018,1.843,8,81.0
circuit_975.jpg,204,170,0,2,-0.317,1.8573,5,89.0
circuit_975.jpg,253,173,0,3,0.1383,2.1001,22,81.0
circuit_975.jpg,428,195,0,3,0.2126,1.532,7,76.0
circuit_975.jpg,602,198,0,3,0.1212,1.3326,8,76.0
circuit_975.jpg,774,216,0,3,0.0125,2.3667,8,73.0
circuit_975.jpg,995,219,0,2,-0.0942,2.0841,13,85.0
circuit_975.jpg,265,232,0,2,-0.1922,1.4773,6,83.0
circuit_975.jpg,516,279,0,2,-0.1708,1.5368,11,86.0
circuit_975.jpg,582,285,0,2,-0.1904,1.1353,2,86.0
circuit_975.jpg,594,286,0,2,-0.2508,1.1175,2,84.0
circuit_975.jpg,620,286,0,2,-0.0994,1.6934,12,80.0
circuit_975.jpg,997,324,0,2,-0.1377,1.4143,11,84.0
circuit_975.jpg,996,416,0,2,-0.1061,1.572,9,82.0
circuit_975.jpg,732,422,0,2,-0.2235,2.0428,12,90.0
circuit_975.jpg,617,424,0,2,-0.1229,1.9035,12,84.0
circuit_975.jpg,994,442,0,2,-0.0843,1.5592,8,80.0
circuit_975.jpg,815,464,0,2,-0.3622,1.12,1,81.5
circuit_975.jpg,817,490,0,2,-0.4612,0.841,0,81.0
circuit_975.jpg,621,511,0,3,0.0048,1.4532,7,68.0
circuit_975.jpg,508,515,0,4,0.2336,1.9079,6,63.0
circuit_975.jpg,421,518,0,3,-0.0212,2.0515,15,70.0
circuit_975.jpg,993,520,0,3,0.1056,1.4327,11,65.0
circuit_975.jpg,821,527,0,3,-0.0777,1.6883,12,70.0
circuit_975.jpg,508,542,0,2,-0.1676,1.6794,12,83.0
circuit_975.jpg,420,571,0,2,-0.06,1.9366,9,77.0
circuit_975.jpg,235,574,1,3,0.0516,1.523,5,64.0
circuit_975.jpg,625,576,0,2,-0.1065,1.4904,9,77.5
circuit_975.jpg,514,600,0,2,-0.0631,1.5434,10,79.0
circuit_975.jpg,226,607,0,2,-0.2491,1.691,10,81.0
circuit_975.jpg,519,644,0,2,-0.0011,1.7234,16,81.0
circuit_975.jpg,997,676,0,2,-0.1675,1.6297,20,77.0
circuit_975.jpg,755,731,0,1,-0.057,1.3643,3,56.0
circuit_975.jpg,634,736,0,2,-0.2699,1.557,5,71.0
circuit_975.jpg,762,780,0,2,-0.2101,1.4868,7,60.0
circuit_975.jpg,517,802,0,2,-0.1669,1.5451,5,64.0
circuit_975.jpg,636,807,0,3,0.1053,1.4481,8,62.0
circuit_975.jpg,946,825,0,2,0.1225,1.063,1,56.0
circuit_975.jpg,768,826,0,2,0.1463,0.9148,0,62.0
circuit_975.jpg,991,828,0,2,-0.1264,1.7019,7,72.0
circuit_975.jpg,589,866,0,3,0.0444,1.8849,6,68.0
circuit_979.jpg,875,105,0,2,0.089,2.7564,26,100.0
circuit_979.jpg,736,108,0,2,-0.0931,1.7896,8,115.0
circuit_979.jpg,628,112,0,3,0.0051,2.2603,22,103.0
circuit_979.jpg,462,113,0,2,-0.136,1.4177,8,110.0
circuit_979.jpg,794,274,0,2,-0.1564,1.2367,2,83.0
circuit_979.jpg,876,277,0,3,-0.0149,1.9334,17,96.0
circuit_979.jpg,628,290,0,3,-0.1488,1.4644,11,101.0
circuit_979.jpg,531,292,0,2,-0.3107,1.3399,4,91.5
circuit_979.jpg,227,304,0,3,-0.2945,1.9199,9,105.0
circuit_979.jpg,628,310,0,1,-0.2187,1.2144,3,98.5
circuit_979.jpg,592,420,0,3,-0.0751,1.3198,11,87.0
circuit_979.jpg,904,424,0,2,0.1272,1.6558,16,94.0
circuit_979.jpg,828,437,0,2,-0.0383,1.3476,6,84.5
circuit_979.jpg,857,439,0,3,0.0614,2.2627,19,95.0
circuit_979.jpg,127,450,0,2,-0.4171,1.4596,2,114.0
circuit_979.jpg,204,454,0,3,-0.2166,2.3929,2,130.0
circuit_979.jpg,348,454,0,2,-0.1582,1.3824,8,93.0
circuit_979.jpg,850,562,0,2,0.0844,1.5984,21,91.0
circuit_979.jpg,352,566,0,2,-0.3827,1.3467,3,102.0
circuit_979.jpg,594,568,0,4,0.1532,1.2086,8,70.0
circuit_979.jpg,201,608,0,2,-0.1639,1.2534,5,123.0
circuit_979.jpg,592,658,0,3,0.038,1.7227,12,95.0
circuit_979.jpg,664,657,0,2,-0.3048,1.9506,2,100.0
circuit_979.jpg,692,657,0,2,0.0197,2.0975,8,96.0
circuit_979.jpg,197,714,0,3,-0.1351,1.6988,6,96.0
circuit_979.jpg,103,800,0,1,-0.8698,0.6395,0,99.0
circuit_979.jpg,585,816,0,2,-0.133,1.4238,6,99.0
circuit_979.jpg,700,815,0,2,-0.2044,1.5029,10,82.0
circuit_979.jpg,622,823,0,2,0.0166,2.2112,21,101.0
circuit_979.jpg,665,824,0,3,0.0066,1.814,11,91.0
circuit_979.jpg,102,845,0,2,0.2061,1.9498,22,127.0
circuit_979.jpg,169,846,1,3,0.1053,2.0071,24,102.0
circuit_979.jpg,778,876,0,2,-0.1923,1.0824,1,87.0
circuit_979.jpg,414,888,1,2,-0.0636,1.9845,9,114.0
circuit_979.jpg,194,892,1,2,-0.3377,1.208,4,100.0
circuit_980.jpg,674,58,1,2,-0.121,2.3471,8,107.0
circuit_980.jpg,310,61,1,3,-0.0589,1.6735,10,100.0
circuit_980.jpg,424,64,1,3,-0.0134,2.2463,28,98.5
circuit_980.jpg,183,68,1,2,-0.2022,1.8402,15,101.0
circuit_980.jpg,369,192,1,2,0.015,1.9227,18,103.0
circuit_980.jpg,371,228,1,2,0.0908,2.1226,16,104.0
circuit_980.jpg,261,238,0,2,-0.0137,2.5224,15,100.0
circuit_980.jpg,372,238,1,2,-0.1557,1.8633,10,101.0
circuit_980.jpg,374,252,1,2,-0.0746,2.2088,16,103.0
circuit_980.jpg,377,278,1,2,0.2106,2.2052,22,104.0
circuit_980.jpg,172,306,0,2,0.0789,2.3159,18,98.0
circuit_980.jpg,697,335,1,1,0.0675,2.4468,16,95.0
circuit_980.jpg,442,341,1,4,0.2485,1.2549,6,71.0
circuit_980.jpg,335,345,1,2,-0.1481,1.5365,10,88.5
circuit_980.jpg,936,386,0,2,-0.0766,2.1622,17,101.0
circuit_980.jpg,169,427,0,2,-0.0677,1.3875,16,77.0
circuit_980.jpg,266,428,0,3,-0.0164,1.9992,17,86.0
circuit_980.jpg,397,500,0,2,-0.0297,1.6958,12,96.5
circuit_980.jpg,443,570,0,2,-0.1607,1.9212,12,97.0
circuit_980.jpg,368,586,1,2,-0.0861,2.1077,14,98.0
circuit_980.jpg,447,594,0,3,0.0986,1.0254,1,66.0
circuit_980.jpg,694,598,0,3,0.0705,1.5171,25,84.0
circuit_980.jpg,366,610,1,3,0.3114,1.8894,25,84.0
circuit_980.jpg,332,613,1,2,-0.3171,0.9848,0,91.0
circuit_980.jpg,294,615,1,2,-0.2256,1.4981,5,89.5
circuit_980.jpg,448,620,0,2,-0.1443,1.7196,15,92.0
circuit_980.jpg,161,624,0,2,0.0495,2.4037,22,71.0
circuit_980.jpg,376,641,1,2,-0.0211,1.9862,17,94.0
circuit_980.jpg,295,642,1,2,-0.0415,1.5601,10,90.0
circuit_980.jpg,788,650,1,2,-0.2967,1.9471,3,85.0
circuit_980.jpg,854,651,1,2,-0.2047,1.345,3,81.0
circuit_980.jpg,697,656,0,2,-0.3933,1.4986,2,91.0
circuit_980.jpg,866,675,0,2,0.0463,1.7,14,76.0
circuit_980.jpg,381,688,1,2,-0.0362,1.8047,18,93.0
circuit_980.jpg,926,690,0,3,-0.454,1.5416,7,83.5
circuit_980.jpg,384,716,1,2,0.1012,1.8708,15,95.0
circuit_980.jpg,927,720,1,2,-0.089,1.9259,16,92.0
circuit_980.jpg,795,758,1,2,-0.2992,1.5476,6,82.0
circuit_980.jpg,304,776,1,2,-0.1387,1.7584,10,91.0
circuit_980.jpg,163,778,0,2,-0.0662,1.8011,13,88.0
circuit_980.jpg,168,804,0,2,-0.0469,1.6188,12,88.0
circuit_980.jpg,170,820,0,2,-0.0802,2.0052,10,89.0
circuit_980.jpg,445,831,1,3,0.1506,2.064,39,89.0
circuit_980.jpg,172,832,0,2,-0.3075,1.618,8,89.5
circuit_980.jpg,420,832,1,2,-0.3049,1.8748,14,94.0
circuit_980.jpg,310,834,1,3,-0.072,2.4485,21,90.0
circuit_980.jpg,678,850,1,4,0.3187,1.8524,42,81.0
circuit_980.jpg,677,864,0,2,-0.738,0.882,0,90.5
circuit_980.jpg,844,868,1,3,-0.3788,1.8758,6,82.0
circuit_986.jpg,217,396,1,2,0.1135,1.7463,20,91.0
circuit_986.jpg,420,410,1,3,-0.0371,1.9177,15,83.5
circuit_986.jpg,628,416,1,2,-0.3134,1.7966,4,85.5
circuit_986.jpg,218,553,1,2,-0.1087,2.013,7,91.0
circuit_986.jpg,414,558,0,4,0.0683,2.1563,25,91.0
circuit_986.jpg,635,561,0,2,-0.0158,1.7114,7,99.0
circuit_992.jpg,530,359,0,1,-0.2825,1.0931,1,77.0
circuit_992.jpg,582,359,1,3,-0.0509,1.2397,7,81.0
circuit_992.jpg,392,364,1,3,-0.3229,1.2727,2,75.0
circuit_992.jpg,583,386,1,2,-0.3639,0.9749,0,71.0
circuit_992.jpg,180,414,0,2,-0.2568,1.064,1,69.0
circuit_992.jpg,592,574,1,3,-0.1436,1.3857,6,71.0
circuit_992.jpg,390,580,1,3,-0.0039,1.7563,8,96.5
circuit_992.jpg,500,582,1,2,-0.1149,1.4985,6,108.0
circuit_995.jpg,560,324,0,2,-0.2746,1.0417,3,96.0
circuit_995.jpg,738,325,0,3,0.0765,1.57,32,91.0
circuit_995.jpg,127,327,0,2,-0.0724,1.4872,17,97.0
circuit_995.jpg,532,327,1,3,0.0074,1.7008,15,89.0
circuit_995.jpg,893,328,0,2,-0.0003,1.8939,22,98.0
circuit_995.jpg,372,330,1,3,0.0559,1.5003,18,88.5
circuit_995.jpg,534,374,1,2,-0.0675,2.241,12,97.0
circuit_995.jpg,900,513,0,2,0.1493,2.1155,24,84.0
circuit_995.jpg,529,542,1,4,-0.0621,2.2379,10,72.0
circuit_995.jpg,735,540,0,4,0.2206,1.3817,9,67.0
circuit_995.jpg,377,545,1,4,0.2431,1.4286,11,66.0
circuit_995.jpg,898,541,0,3,0.0715,1.6921,16,74.0
circuit_995.jpg,930,546,0,2,0.1515,1.5729,14,93.0
circuit_995.jpg,941,548,0,2,-0.107,2.0242,19,96.0
circuit_995.jpg,125,554,0,4,-0.1185,2.0683,9,69.0
circuit_995.jpg,884,736,0,2,0.0396,2.2198,25,89.0
circuit_995.jpg,934,744,0,2,-0.3575,1.3897,4,85.0
circuit_995.jpg,391,746,1,2,-0.0572,1.7684,15,78.0
circuit_995.jpg,931,757,0,1,0.0631,1.5928,17,81.0
circuit_995.jpg,527,779,0,3,-0.0372,1.6342,12,69.0
circuit_995.jpg,732,776,1,3,-0.0347,1.6145,10,73.0
circuit_995.jpg,882,778,0,2,-0.1775,2.1078,13,76.0
circuit_995.jpg,395,781,1,3,0.0464,1.6122,10,69.0
circuit_995.jpg,287,786,0,2,-0.4789,1.0577,1,80.0
