image,x,y,label,degree,dark_at_site,dark_ratio,dark_peak,dark_area,stroke_dark
circuit_1.jpg,546,160,1,3,-0.3758,0.1564,0.0697,0,3.0
circuit_1.jpg,580,160,1,2,-0.5823,0.1068,0.0697,0,3.0
circuit_1.jpg,88,161,0,2,-0.4708,0.1289,0.0697,0,3.0
circuit_1.jpg,204,162,0,2,-0.9601,0.0676,0.0697,0,3.0
circuit_1.jpg,322,162,0,3,-0.7225,0.0879,0.0697,0,3.0
circuit_1.jpg,81,182,0,2,-0.8739,0.0738,0.0697,0,3.0
circuit_1.jpg,236,282,1,2,-0.3369,0.1713,0.0697,0,3.0
circuit_1.jpg,546,344,1,4,-0.2346,0.2289,0.0697,0,3.0
circuit_1.jpg,526,346,0,2,-0.8077,0.0794,0.0697,0,3.0
circuit_1.jpg,312,347,0,2,-0.587,0.1061,0.0697,0,3.0
circuit_1.jpg,952,423,1,2,-0.4481,0.1345,0.0697,0,3.0
circuit_1.jpg,885,449,0,2,-0.5776,0.1076,0.0697,0,3.0
circuit_1.jpg,237,472,1,2,-0.3994,0.1485,0.0697,0,3.0
circuit_1.jpg,950,486,1,3,-0.5012,0.122,0.0697,0,3.0
circuit_1.jpg,928,487,0,4,-0.7987,0.0802,0.0697,0,3.0
circuit_1.jpg,74,490,1,3,-0.4835,0.1259,0.0697,0,3.0
circuit_1.jpg,237,491,1,3,-0.559,0.1108,0.0697,0,3.0
circuit_1.jpg,703,489,1,2,-0.84,0.0766,0.0697,0,3.0
circuit_1.jpg,260,492,1,2,-0.9357,0.0693,0.0697,0,3.0
circuit_1.jpg,726,492,1,2,-1.067,0.0613,0.0697,0,3.0
circuit_1.jpg,788,494,1,2,-0.7846,0.0815,0.0697,0,3.0
circuit_1.jpg,947,507,1,4,-0.6081,0.1028,0.0697,0,3.0
circuit_1.jpg,929,504,0,3,-0.7625,0.0837,0.0697,0,3.0
circuit_1.jpg,284,551,1,2,-0.8549,0.0753,0.0697,0,3.0
circuit_1.jpg,420,554,1,3,-0.3837,0.1537,0.0697,0,3.0
circuit_1.jpg,946,568,1,3,-0.9437,0.0687,0.0697,0,3.0
circuit_1.jpg,964,571,1,3,-1.0635,0.0615,0.0697,0,3.0
circuit_1.jpg,979,572,0,3,-0.4792,0.1269,0.0697,0,3.0
circuit_1.jpg,570,582,0,3,-0.2026,0.2558,0.0697,0,3.0
circuit_1.jpg,986,590,0,4,-0.879,0.0734,0.0697,0,3.0
circuit_1.jpg,976,590,0,3,-1.2315,0.0535,0.0697,0,3.0
circuit_1.jpg,786,591,1,3,-0.3989,0.1486,0.0697,0,3.0
circuit_1.jpg,945,652,0,1,-0.6331,0.0991,0.0697,0,3.0
circuit_1.jpg,947,679,0,2,-0.589,0.1058,0.0697,0,3.0
circuit_1.jpg,444,712,1,2,-1.0364,0.063,0.0697,0,3.0
circuit_1.jpg,951,757,0,4,-0.5546,0.1116,0.0697,0,3.0
circuit_1.jpg,961,757,0,2,-0.7454,0.0855,0.0697,0,3.0
circuit_1.jpg,86,758,0,2,-0.9453,0.0686,0.0697,0,3.0
circuit_1.jpg,574,758,0,3,-0.4337,0.1384,0.0697,0,3.0
circuit_1.jpg,770,758,0,3,-0.3447,0.1681,0.0697,0,3.0
circuit_1.jpg,884,758,0,3,-0.2062,0.2525,0.0697,0,3.0
circuit_1.jpg,100,759,0,2,-0.7256,0.0876,0.0697,0,3.0
circuit_1.jpg,110,760,0,2,-0.8335,0.0771,0.0697,0,3.0
circuit_1.jpg,414,761,0,3,-0.5924,0.1052,0.0697,0,3.0
circuit_1.jpg,278,764,0,3,-0.7159,0.0887,0.0697,0,3.0
circuit_1016.jpg,430,290,1,2,-0.8494,0.052,0.0466,0,2.0
circuit_1016.jpg,494,289,1,3,-0.3771,0.11,0.0466,0,2.0
circuit_1016.jpg,66,294,0,2,-0.892,0.0497,0.0466,0,2.0
circuit_1016.jpg,256,293,1,3,-0.574,0.0751,0.0466,0,2.0
circuit_1016.jpg,680,293,1,2,-0.8493,0.052,0.0466,0,2.0
circuit_1016.jpg,384,416,0,2,-0.4622,0.0916,0.0466,0,2.0
circuit_1016.jpg,497,441,1,4,-0.2881,0.1392,0.0466,0,2.0
circuit_1016.jpg,687,440,1,2,-0.4964,0.0858,0.0466,0,2.0
circuit_1016.jpg,294,444,1,2,-1.1927,0.0376,0.0466,0,2.0
circuit_1016.jpg,472,443,1,2,-0.9554,0.0465,0.0466,0,2.0
circuit_1016.jpg,380,500,0,2,-0.4008,0.1042,0.0466,0,2.0
circuit_1016.jpg,380,516,0,2,-0.4631,0.0914,0.0466,0,2.0
circuit_1016.jpg,73,532,1,3,-0.5216,0.082,0.0466,0,2.0
circuit_1016.jpg,209,534,1,3,-0.4798,0.0885,0.0466,0,2.0
circuit_1016.jpg,282,533,1,2,-0.9473,0.0469,0.0466,0,2.0
circuit_1016.jpg,302,534,1,2,-0.9385,0.0473,0.0466,0,2.0
circuit_1016.jpg,385,534,1,3,-0.6211,0.0698,0.0466,0,2.0
circuit_1016.jpg,376,542,0,2,-0.6719,0.0649,0.0466,0,2.0
circuit_1016.jpg,687,566,0,3,-0.33,0.1237,0.0466,0,2.0
circuit_1016.jpg,499,568,0,3,-1.0125,0.044,0.0466,0,2.0
circuit_1016.jpg,768,573,0,2,-0.8541,0.0517,0.0466,0,2.0
circuit_1016.jpg,371,578,0,3,-0.4549,0.0929,0.0466,0,2.0
circuit_1016.jpg,255,581,0,2,-0.4411,0.0956,0.0466,0,2.0
circuit_1016.jpg,799,589,0,2,-0.4557,0.0928,0.0466,0,2.0
circuit_1016.jpg,828,588,0,3,-0.6276,0.0691,0.0466,0,2.0
circuit_1016.jpg,834,610,0,3,-0.8192,0.0538,0.0466,0,2.0
circuit_1016.jpg,844,614,0,2,-0.6109,0.0709,0.0466,0,2.0
circuit_1016.jpg,372,661,0,2,-0.6605,0.0659,0.0466,0,2.0
circuit_1016.jpg,737,667,0,2,-0.7672,0.0573,0.0466,0,2.0
circuit_1016.jpg,247,702,0,3,-0.6758,0.0645,0.0466,0,2.0
circuit_1016.jpg,498,704,0,3,-0.5107,0.0836,0.0466,0,2.0
circuit_1016.jpg,466,706,0,3,-0.8083,0.0545,0.0466,0,2.0
circuit_1016.jpg,685,705,0,3,-0.4587,0.0922,0.0466,0,2.0
circuit_1016.jpg,796,710,0,3,-0.5099,0.0837,0.0466,0,2.0
circuit_1016.jpg,852,711,0,2,-1.0626,0.042,0.0466,0,2.0
circuit_1016.jpg,896,712,0,2,-0.4651,0.0911,0.0466,0,2.0
circuit_1018.jpg,492,402,1,3,0.0162,1.0435,0.3878,0,21.0
circuit_1018.jpg,241,404,0,2,0.0851,1.281,0.3878,0,21.0
circuit_1018.jpg,804,419,0,1,-0.2563,0.6021,0.3878,0,21.0
circuit_1018.jpg,502,600,1,3,0.0908,1.3058,0.3878,0,21.0
circuit_1018.jpg,446,611,1,2,-0.5464,0.4151,0.3878,0,21.0
circuit_1018.jpg,406,613,1,2,-0.7612,0.3375,0.3878,0,21.0
circuit_1018.jpg,243,620,1,2,-0.3111,0.5548,0.3878,0,21.0
circuit_1074.jpg,817,238,0,2,-0.3041,0.2288,0.0902,0,4.0
circuit_1074.jpg,667,267,0,2,-0.6675,0.119,0.0902,0,4.0
circuit_1074.jpg,560,268,0,2,-0.4762,0.1593,0.0902,0,4.0
circuit_1074.jpg,384,271,0,2,-0.3152,0.2225,0.0902,0,4.0
circuit_1074.jpg,67,278,0,2,-0.5055,0.1514,0.0902,0,4.0
circuit_1074.jpg,96,280,0,3,-0.9658,0.0854,0.0902,0,4.0
circuit_1074.jpg,224,282,0,2,-0.2375,0.2752,0.0902,0,4.0
circuit_1074.jpg,671,304,0,2,-0.3165,0.2218,0.0902,0,4.0
circuit_1074.jpg,672,325,0,3,-0.4135,0.1791,0.0902,0,4.0
circuit_1074.jpg,564,340,0,3,-0.341,0.2092,0.0902,0,4.0
circuit_1074.jpg,829,342,0,3,-0.6008,0.1305,0.0902,0,4.0
circuit_1074.jpg,388,348,0,3,-0.4773,0.1589,0.0902,0,4.0
circuit_1074.jpg,226,358,0,3,-0.448,0.1676,0.0902,0,4.0
circuit_1074.jpg,563,361,0,3,-0.515,0.149,0.0902,0,4.0
circuit_1074.jpg,532,365,0,2,-0.9349,0.088,0.0902,0,4.0
circuit_1074.jpg,704,382,0,2,-0.9225,0.0891,0.0902,0,4.0
circuit_1074.jpg,400,405,0,2,-0.4494,0.1672,0.0902,0,4.0
circuit_1074.jpg,96,410,0,1,-0.6255,0.126,0.0902,0,4.0
circuit_1074.jpg,399,422,0,2,-0.6572,0.1207,0.0902,0,4.0
circuit_1074.jpg,793,470,1,2,-0.5556,0.1397,0.0902,0,4.0
circuit_1074.jpg,678,478,1,2,-0.8898,0.0921,0.0902,0,4.0
circuit_1074.jpg,760,488,1,2,-0.6971,0.1146,0.0902,0,4.0
circuit_1074.jpg,729,487,1,2,-0.6981,0.1144,0.0902,0,4.0
circuit_1074.jpg,738,493,1,2,-0.3641,0.1986,0.0902,0,4.0
circuit_1074.jpg,394,500,0,3,-0.3834,0.1905,0.0902,0,4.0
circuit_1074.jpg,995,508,0,2,-0.5305,0.1453,0.0902,0,4.0
circuit_1074.jpg,287,512,0,1,-0.2538,0.2622,0.0902,0,4.0
circuit_1074.jpg,673,536,1,3,-0.4407,0.1699,0.0902,0,4.0
circuit_1074.jpg,554,540,0,3,-0.6188,0.1272,0.0902,0,4.0
circuit_1074.jpg,992,546,0,3,-0.3594,0.2006,0.0902,0,4.0
circuit_1074.jpg,803,549,1,3,-0.7097,0.1128,0.0902,0,4.0
circuit_1074.jpg,692,578,1,2,-0.4175,0.1777,0.0902,0,4.0
circuit_1074.jpg,287,590,0,3,-0.4575,0.1647,0.0902,0,4.0
circuit_1074.jpg,115,592,0,3,-0.251,0.2644,0.0902,0,4.0
circuit_1074.jpg,766,617,0,2,-0.9477,0.0869,0.0902,0,4.0
circuit_1074.jpg,119,631,0,1,-0.6715,0.1184,0.0902,0,4.0
circuit_1074.jpg,792,639,1,2,-0.774,0.1044,0.0902,0,4.0
circuit_1074.jpg,287,655,0,2,-0.4009,0.1837,0.0902,0,4.0
circuit_1074.jpg,122,682,0,1,-0.4695,0.1612,0.0902,0,4.0
circuit_1074.jpg,802,708,1,4,-0.6566,0.1208,0.0902,0,4.0
circuit_1074.jpg,648,707,0,3,-0.2494,0.2657,0.0902,0,4.0
circuit_1074.jpg,812,708,0,3,-1.4388,0.059,0.0902,0,4.0
circuit_1074.jpg,988,712,0,2,-0.6807,0.117,0.0902,0,4.0
circuit_1076.jpg,330,157,0,2,-1.1563,0.0738,0.0921,0,4.0
circuit_1076.jpg,481,209,0,2,-0.4629,0.166,0.0921,0,4.0
circuit_1076.jpg,506,211,0,1,-0.8787,0.0949,0.0921,0,4.0
circuit_1076.jpg,61,226,0,2,-0.9362,0.0896,0.0921,0,4.0
circuit_1076.jpg,144,230,0,3,-0.2493,0.2699,0.0921,0,4.0
circuit_1076.jpg,164,234,0,2,-1.229,0.0697,0.0921,0,4.0
circuit_1076.jpg,60,256,0,2,-0.7591,0.1083,0.0921,0,4.0
circuit_1076.jpg,340,277,0,3,-0.7364,0.1112,0.0921,0,4.0
circuit_1076.jpg,481,282,0,3,-0.1628,0.3615,0.0921,0,4.0
circuit_1076.jpg,189,306,0,2,-0.5529,0.1429,0.0921,0,4.0
circuit_1076.jpg,642,323,0,2,-1.1496,0.0742,0.0921,0,4.0
circuit_1076.jpg,678,324,0,3,-0.3371,0.2147,0.0921,0,4.0
circuit_1076.jpg,856,326,0,2,-1.2901,0.0667,0.0921,0,4.0
circuit_1076.jpg,938,330,0,2,-1.406,0.0615,0.0921,0,4.0
circuit_1076.jpg,963,333,0,2,-0.9764,0.0862,0.0921,0,4.0
circuit_1076.jpg,969,358,0,2,-0.7305,0.112,0.0921,0,4.0
circuit_1076.jpg,494,364,0,2,-0.2714,0.2534,0.0921,0,4.0
circuit_1076.jpg,420,365,0,2,-0.5222,0.15,0.0921,0,4.0
circuit_1076.jpg,973,378,0,2,-0.3749,0.1973,0.0921,0,4.0
circuit_1076.jpg,978,404,0,2,-0.5739,0.1383,0.0921,0,4.0
circuit_1076.jpg,698,433,0,1,-1.244,0.069,0.0921,0,4.0
circuit_1076.jpg,710,434,0,2,-1.1553,0.0739,0.0921,0,4.0
circuit_1076.jpg,758,438,0,2,-1.1876,0.072,0.0921,0,4.0
circuit_1076.jpg,777,441,0,2,-0.4028,0.1862,0.0921,0,4.0
circuit_1076.jpg,596,444,0,2,-0.6785,0.1196,0.0921,0,4.0
circuit_1076.jpg,419,504,0,4,-0.1096,0.4567,0.0921,0,4.0
circuit_1076.jpg,364,506,0,3,-0.4503,0.1699,0.0921,0,4.0
circuit_1076.jpg,446,506,0,2,-1.3557,0.0636,0.0921,0,4.0
circuit_1076.jpg,588,510,0,3,-0.27,0.2545,0.0921,0,4.0
circuit_1076.jpg,991,534,0,3,-0.315,0.2263,0.0921,0,4.0
circuit_1076.jpg,918,535,0,1,-1.3041,0.066,0.0921,0,4.0
circuit_1076.jpg,786,540,0,3,-0.6143,0.1304,0.0921,0,4.0
circuit_1076.jpg,78,562,0,1,-0.7404,0.1107,0.0921,0,4.0
circuit_1076.jpg,90,561,0,2,-1.2078,0.0709,0.0921,0,4.0
circuit_1076.jpg,238,564,0,2,-0.2096,0.3053,0.0921,0,4.0
circuit_1076.jpg,611,570,0,2,-0.4323,0.1757,0.0921,0,4.0
circuit_1076.jpg,220,613,0,2,-0.4615,0.1664,0.0921,0,4.0
circuit_1076.jpg,987,616,0,2,-0.7609,0.108,0.0921,0,4.0
circuit_1076.jpg,984,670,0,2,-0.8923,0.0936,0.0921,0,4.0
circuit_1076.jpg,536,691,0,2,-0.4388,0.1736,0.0921,0,4.0
circuit_1076.jpg,733,694,0,2,-0.8356,0.0993,0.0921,0,4.0
circuit_1076.jpg,538,718,0,2,-0.4545,0.1686,0.0921,0,4.0
circuit_1076.jpg,536,767,0,3,-0.1677,0.3547,0.0921,0,4.0
circuit_1076.jpg,420,769,0,2,-0.5338,0.1472,0.0921,0,4.0
circuit_1076.jpg,736,776,0,2,-0.7602,0.1081,0.0921,0,4.0
circuit_1076.jpg,984,794,0,2,-0.5244,0.1495,0.0921,0,4.0
circuit_1076.jpg,737,796,0,3,-0.6268,0.1282,0.0921,0,4.0
circuit_1076.jpg,936,798,0,2,-0.8566,0.0971,0.0921,0,4.0
circuit_1076.jpg,656,799,0,2,-1.1246,0.0757,0.0921,0,4.0
circuit_1076.jpg,533,835,0,2,-0.9709,0.0867,0.0921,0,4.0
circuit_1077.jpg,462,332,0,2,-0.3225,0.656,0.615,0,32.0
circuit_1077.jpg,509,358,0,1,-0.4445,0.5804,0.615,0,32.0
circuit_1077.jpg,520,368,0,2,-0.6691,0.4789,0.615,0,32.0
circuit_1077.jpg,459,372,0,3,-0.0272,0.9577,0.615,0,32.0
circuit_1077.jpg,216,376,0,2,0.269,1.7778,0.615,0,32.0
circuit_1077.jpg,718,380,0,3,-0.0303,0.9531,0.615,0,32.0
circuit_1077.jpg,717,423,0,1,-0.1354,0.8196,0.615,0,32.0
circuit_1077.jpg,459,430,0,2,-0.4911,0.556,0.615,0,32.0
circuit_1077.jpg,799,558,0,2,-0.1171,0.8401,0.615,0,32.0
circuit_1077.jpg,796,571,0,2,-0.1528,0.801,0.615,0,32.0
circuit_1077.jpg,764,571,0,2,-0.4676,0.568,0.615,0,32.0
circuit_1077.jpg,478,574,0,3,-0.3273,0.6526,0.615,0,32.0
circuit_1077.jpg,206,581,0,2,-0.1657,0.7878,0.615,0,32.0
circuit_1079.jpg,577,237,0,3,-0.7936,0.4248,0.5861,0,30.0
circuit_1079.jpg,836,238,0,2,-1.2391,0.3211,-0.9572,0,30.0
circuit_1079.jpg,878,246,0,2,-0.0762,0.885,0.5861,0,30.0
circuit_1079.jpg,325,315,0,3,0.0337,1.0609,0.5861,0,30.0
circuit_1079.jpg,260,315,0,2,-1.1678,0.3342,-0.3712,0,30.0
circuit_1079.jpg,873,460,1,4,-0.4436,0.5692,0.5861,0,30.0
circuit_1079.jpg,844,461,1,2,-1.0397,0.3605,0.3126,0,30.0
circuit_1079.jpg,324,467,1,3,0.068,1.1314,0.5861,0,30.0
circuit_1079.jpg,514,471,1,4,0.1071,1.2236,0.5861,0,30.0
circuit_1079.jpg,490,471,1,2,-1.0471,0.3589,-0.3907,0,30.0
circuit_1079.jpg,876,500,1,2,-0.3546,0.6231,0.5861,0,30.0
circuit_1079.jpg,272,529,0,1,-0.8986,0.3947,0.3712,0,30.0
circuit_1079.jpg,877,554,1,3,0.3939,3.05,0.5861,0,30.0
circuit_1079.jpg,850,555,1,2,-0.1653,0.78,0.5861,0,30.0
circuit_1079.jpg,314,588,1,2,-0.479,0.5503,0.5861,0,30.0
circuit_1079.jpg,88,606,0,3,0.1042,1.2162,0.5861,0,30.0
circuit_1079.jpg,112,607,0,2,-0.8947,0.3958,0.5861,0,30.0
circuit_1079.jpg,775,616,1,3,0.3129,2.1454,0.5861,0,30.0
circuit_1079.jpg,594,634,0,2,-0.2898,0.6691,0.5861,0,30.0
circuit_1079.jpg,512,636,0,3,0.2849,1.9463,0.5861,0,30.0
circuit_1079.jpg,772,642,1,2,-0.1989,0.7466,0.5861,0,30.0
circuit_1079.jpg,597,654,0,2,0.0411,1.0755,0.5861,0,30.0
circuit_1079.jpg,513,671,0,2,-0.6617,0.4697,0.5861,0,30.0
circuit_1079.jpg,770,676,1,2,-0.2531,0.6984,0.5861,0,30.0
circuit_1079.jpg,601,684,0,2,-0.2762,0.6797,0.5861,0,30.0
circuit_1079.jpg,603,694,0,2,-0.0828,0.8762,0.5861,0,30.0
circuit_1079.jpg,194,702,1,2,-0.1602,0.7853,0.5861,0,30.0
circuit_1079.jpg,609,727,0,2,-0.1213,0.8285,0.5861,0,30.0
circuit_1079.jpg,835,728,0,2,-0.2659,0.6879,0.5861,0,30.0
circuit_1079.jpg,652,733,0,3,-0.3419,0.6316,0.5861,0,30.0
circuit_1079.jpg,533,770,0,2,-0.2387,0.7106,0.5861,0,30.0
circuit_1079.jpg,309,772,1,2,-0.3563,0.6219,0.5861,0,30.0
circuit_1079.jpg,192,788,1,3,-0.1427,0.8042,0.5861,0,30.0
circuit_1079.jpg,650,791,0,3,0.2913,1.9882,0.5861,0,30.0
circuit_1079.jpg,771,793,0,3,-0.0195,0.9677,0.5861,0,30.0
circuit_1079.jpg,310,794,1,3,0.1472,1.3353,0.5861,0,30.0
circuit_1079.jpg,530,793,0,3,-0.1179,0.8325,0.5861,0,30.0
circuit_1079.jpg,810,795,0,2,-1.1396,0.3396,-0.9572,0,30.0
circuit_1079.jpg,881,796,0,4,0.218,1.5922,0.5861,0,30.0
circuit_1087.jpg,3,286,0,1,-0.5268,0.116,0.0691,0,3.0
circuit_1087.jpg,634,343,0,2,-0.4792,0.1261,0.0691,0,3.0
circuit_1087.jpg,345,345,1,2,-0.3207,0.1773,0.0691,0,3.0
circuit_1087.jpg,874,426,0,2,-0.9348,0.0689,0.0691,0,3.0
circuit_1087.jpg,641,436,0,3,-0.4067,0.1453,0.0691,0,3.0
circuit_1087.jpg,195,444,0,1,-0.7418,0.0852,0.0691,0,3.0
circuit_1087.jpg,394,444,1,2,-0.5024,0.1209,0.0691,0,3.0
circuit_1087.jpg,348,445,1,3,-0.4402,0.1357,0.0691,0,3.0
circuit_1087.jpg,871,585,0,2,-0.4108,0.144,0.0691,0,3.0
circuit_1087.jpg,598,600,0,3,-0.2083,0.2492,0.0691,0,3.0
circuit_1087.jpg,401,605,1,4,-0.2119,0.246,0.0691,0,3.0
circuit_1087.jpg,196,618,0,2,-0.3968,0.1484,0.0691,0,3.0
circuit_1087.jpg,2,738,0,2,-0.4848,0.1248,0.0691,0,3.0
circuit_1087.jpg,1022,740,0,1,-1.0156,0.0637,0.0691,0,3.0
circuit_1093.jpg,336,323,0,3,-0.5941,0.1054,0.07,0,3.0
circuit_1093.jpg,454,323,0,3,-0.4287,0.1404,0.07,0,3.0
circuit_1093.jpg,634,324,1,3,-0.296,0.1913,0.07,0,3.0
circuit_1093.jpg,825,323,1,2,-0.6375,0.0989,0.07,0,3.0
circuit_1093.jpg,594,326,1,2,-0.363,0.1617,0.07,0,3.0
circuit_1093.jpg,139,327,0,2,-0.1679,0.2943,0.07,0,3.0
circuit_1093.jpg,139,475,1,4,-0.1953,0.2638,0.07,0,3.0
circuit_1093.jpg,168,478,1,2,-0.5133,0.12,0.07,0,3.0
circuit_1093.jpg,184,480,1,2,-0.8966,0.0724,0.07,0,3.0
circuit_1093.jpg,244,483,1,2,-0.8318,0.0776,0.07,0,3.0
circuit_1093.jpg,340,489,1,4,-0.4005,0.1488,0.07,0,3.0
circuit_1093.jpg,836,490,1,4,-0.1999,0.2593,0.07,0,3.0
circuit_1093.jpg,459,495,1,4,-0.3817,0.155,0.07,0,3.0
circuit_1093.jpg,636,496,1,4,-0.1753,0.2853,0.07,0,3.0
circuit_1093.jpg,399,523,0,2,-0.2319,0.2319,0.07,0,3.0
circuit_1093.jpg,377,529,0,2,-0.1483,0.3207,0.07,0,3.0
circuit_1093.jpg,137,650,1,2,-0.5833,0.1071,0.07,0,3.0
circuit_1093.jpg,506,657,0,3,-1.1909,0.0555,0.07,0,3.0
circuit_1093.jpg,340,661,1,3,-0.419,0.1431,0.07,0,3.0
circuit_1093.jpg,494,661,1,3,-0.9625,0.0678,0.07,0,3.0
circuit_1093.jpg,308,662,0,2,-0.8376,0.0771,0.07,0,3.0
circuit_1093.jpg,408,662,1,2,-1.1981,0.0552,0.07,0,3.0
circuit_1093.jpg,452,663,1,3,-0.6899,0.0921,0.07,0,3.0
circuit_1093.jpg,512,665,0,2,-0.4922,0.1245,0.07,0,3.0
circuit_1093.jpg,573,668,1,2,-0.4829,0.1266,0.07,0,3.0
circuit_1093.jpg,636,668,1,3,-0.2984,0.19,0.07,0,3.0
circuit_1093.jpg,832,670,0,2,-0.5855,0.1068,0.07,0,3.0
circuit_1094.jpg,611,378,0,2,-0.2722,0.2209,0.0771,0,4.0
circuit_1094.jpg,538,428,0,4,-0.423,0.1543,0.0771,0,4.0
circuit_1094.jpg,515,424,0,3,-0.5725,0.1188,0.0771,0,4.0
circuit_1094.jpg,551,421,0,3,-0.612,0.1119,0.0771,0,4.0
circuit_1094.jpg,581,430,1,2,-0.3784,0.1693,0.0771,0,4.0
circuit_1094.jpg,552,430,0,4,-0.4314,0.1517,0.0771,0,4.0
circuit_1094.jpg,613,434,1,3,-0.3865,0.1664,0.0771,0,4.0
circuit_1094.jpg,514,436,0,2,-0.5028,0.133,0.0771,0,4.0
circuit_1094.jpg,792,471,1,3,-0.4176,0.156,0.0771,0,4.0
circuit_1094.jpg,614,475,1,3,-0.3804,0.1686,0.0771,0,4.0
circuit_1094.jpg,311,476,0,2,-0.3316,0.1887,0.0771,0,4.0
circuit_1094.jpg,788,588,1,2,-0.4074,0.1592,0.0771,0,4.0
circuit_1094.jpg,614,594,1,2,-0.7187,0.0969,0.0771,0,4.0
circuit_1094.jpg,570,596,1,2,-0.4386,0.1496,0.0771,0,4.0
circuit_1097.jpg,2,286,0,2,-0.5157,0.1561,0.0954,0,5.0
circuit_1097.jpg,492,289,0,3,-0.5341,0.1515,0.0954,0,5.0
circuit_1097.jpg,488,302,0,3,-0.5679,0.1438,0.0954,0,5.0
circuit_1097.jpg,777,349,0,2,-0.303,0.2394,0.0954,0,5.0
circuit_1097.jpg,542,363,0,3,-0.2551,0.2721,0.0954,0,5.0
circuit_1097.jpg,226,374,0,2,-0.3205,0.2294,0.0954,0,5.0
circuit_1097.jpg,796,478,0,2,-0.4146,0.187,0.0954,0,5.0
circuit_1097.jpg,576,544,0,1,-0.4904,0.1628,0.0954,0,5.0
circuit_1097.jpg,579,562,0,2,-0.3688,0.2055,0.0954,0,5.0
circuit_1097.jpg,802,565,0,2,-0.8179,0.1044,0.0954,0,5.0
circuit_1097.jpg,250,574,0,2,-0.4069,0.1899,0.0954,0,5.0
circuit_1097.jpg,251,582,0,2,-0.3796,0.2008,0.0954,0,5.0
circuit_1097.jpg,582,587,0,4,-0.3125,0.2338,0.0954,0,5.0
circuit_1097.jpg,585,610,0,2,-0.4578,0.1724,0.0954,0,5.0
circuit_1097.jpg,2,738,0,2,-0.3868,0.1978,0.0954,0,5.0
circuit_1097.jpg,1022,740,0,1,-0.9798,0.0887,0.0954,0,5.0
circuit_1111.jpg,865,117,0,2,-0.5224,0.1779,0.113,0,5.0
circuit_1111.jpg,150,148,0,2,-0.6793,0.1427,0.113,0,5.0
circuit_1111.jpg,210,152,0,3,-0.6205,0.1541,0.113,0,5.0
circuit_1111.jpg,865,182,0,2,-0.6567,0.1468,0.113,0,5.0
circuit_1111.jpg,682,196,0,3,-0.4086,0.2167,0.113,0,5.0
circuit_1111.jpg,418,197,0,2,-0.6578,0.1466,0.113,0,5.0
circuit_1111.jpg,460,198,0,3,-0.2916,0.2793,0.113,0,5.0
circuit_1111.jpg,966,223,1,2,-0.9165,0.1098,0.113,0,5.0
circuit_1111.jpg,866,225,0,3,-0.5731,0.1647,0.113,0,5.0
circuit_1111.jpg,267,237,0,2,-0.8694,0.115,0.113,0,5.0
circuit_1111.jpg,575,478,1,2,-0.7663,0.1285,0.113,0,5.0
circuit_1111.jpg,362,536,0,1,-0.4419,0.2037,0.113,0,5.0
circuit_1111.jpg,384,538,0,2,-0.6308,0.152,0.113,0,5.0
circuit_1111.jpg,424,542,0,2,-0.6055,0.1573,0.113,0,5.0
circuit_1111.jpg,452,544,0,2,-0.6411,0.1499,0.113,0,5.0
circuit_1111.jpg,466,547,1,3,-0.7357,0.1332,0.113,0,5.0
circuit_1111.jpg,580,549,1,4,-0.5893,0.1609,0.113,0,5.0
circuit_1111.jpg,594,550,0,2,-0.5513,0.1701,0.113,0,5.0
circuit_1111.jpg,754,550,0,3,-0.3966,0.2218,0.113,0,5.0
circuit_1111.jpg,674,551,0,1,-1.4323,0.0731,0.113,0,5.0
circuit_1111.jpg,963,571,1,3,-0.4128,0.2149,0.113,0,5.0
circuit_1111.jpg,252,585,0,3,-0.2837,0.2849,0.113,0,5.0
circuit_1111.jpg,746,612,0,2,-0.3804,0.2291,0.113,0,5.0
circuit_1111.jpg,432,614,1,1,-0.7521,0.1306,0.113,0,5.0
circuit_1111.jpg,465,613,1,2,-0.4286,0.2087,0.113,0,5.0
circuit_1111.jpg,961,704,0,2,-0.6909,0.1406,0.113,0,5.0
circuit_1111.jpg,798,810,0,2,-0.7075,0.1377,0.113,0,5.0
circuit_1111.jpg,836,813,0,2,-0.4888,0.1878,0.113,0,5.0
circuit_1111.jpg,604,868,0,1,-0.5799,0.1631,0.113,0,5.0
circuit_1111.jpg,674,868,0,3,-0.3157,0.2637,0.113,0,5.0
circuit_1111.jpg,836,886,0,2,-0.2057,0.3546,0.113,0,5.0
circuit_1111.jpg,956,888,0,3,-0.3237,0.2588,0.113,0,5.0
circuit_1121.jpg,416,386,1,3,-0.6328,0.0776,0.0533,0,2.0
circuit_1121.jpg,635,385,1,2,-0.6791,0.0727,0.0533,0,2.0
circuit_1121.jpg,648,619,1,2,-0.5047,0.0955,0.0533,0,2.0
circuit_1121.jpg,416,622,1,4,-0.3308,0.1387,0.0533,0,2.0
circuit_1122.jpg,121,350,0,2,-0.4632,0.0907,0.0462,0,2.0
circuit_1122.jpg,296,353,0,2,-0.58,0.0738,0.0462,0,2.0
circuit_1122.jpg,331,356,1,3,-0.5414,0.0787,0.0462,0,2.0
circuit_1122.jpg,520,357,1,3,-0.4293,0.0972,0.0462,0,2.0
circuit_1122.jpg,670,357,1,3,-0.6375,0.0676,0.0462,0,2.0
circuit_1122.jpg,525,402,1,1,-0.7649,0.057,0.0462,0,2.0
circuit_1122.jpg,680,464,1,2,-0.6678,0.0647,0.0462,0,2.0
circuit_1122.jpg,818,496,1,4,-0.4693,0.0897,0.0462,0,2.0
circuit_1122.jpg,683,501,1,4,-0.5722,0.0747,0.0462,0,2.0
circuit_1122.jpg,670,502,1,2,-0.8743,0.0502,0.0462,0,2.0
circuit_1122.jpg,660,503,1,2,-0.6526,0.0661,0.0462,0,2.0
circuit_1122.jpg,528,507,1,4,-0.6506,0.0663,0.0462,0,2.0
circuit_1122.jpg,130,511,1,4,-0.258,0.1519,0.0462,0,2.0
circuit_1122.jpg,330,510,1,4,-0.6514,0.0663,0.0462,0,2.0
circuit_1122.jpg,40,518,0,2,-0.9931,0.0445,0.0462,0,2.0
circuit_1122.jpg,450,527,0,2,-0.6773,0.0639,0.0462,0,2.0
circuit_1122.jpg,903,526,0,1,-0.626,0.0688,0.0462,0,2.0
circuit_1122.jpg,438,532,0,2,-0.5973,0.0718,0.0462,0,2.0
circuit_1122.jpg,426,535,0,2,-0.3845,0.1073,0.0462,0,2.0
circuit_1122.jpg,686,643,1,4,-0.3934,0.1051,0.0462,0,2.0
circuit_1122.jpg,664,643,1,3,-0.4779,0.0882,0.0462,0,2.0
circuit_1122.jpg,524,655,0,3,-0.3395,0.1198,0.0462,0,2.0
circuit_1122.jpg,329,657,0,3,-0.4325,0.0966,0.0462,0,2.0
circuit_1122.jpg,176,664,1,2,-0.6302,0.0683,0.0462,0,2.0
circuit_1122.jpg,136,665,1,2,-0.5343,0.0796,0.0462,0,2.0
circuit_1124.jpg,338,252,1,3,-0.606,0.0787,0.0517,0,2.0
circuit_1124.jpg,488,253,1,3,-0.7982,0.0609,0.0517,0,2.0
circuit_1124.jpg,680,256,1,3,-0.5803,0.0818,0.0517,0,2.0
circuit_1124.jpg,816,255,1,2,-1.047,0.0471,0.0517,0,2.0
circuit_1124.jpg,901,258,1,2,-0.3886,0.1175,0.0517,0,2.0
circuit_1124.jpg,490,296,1,2,-0.4652,0.1001,0.0517,0,2.0
circuit_1124.jpg,332,442,1,4,-0.4115,0.1117,0.0517,0,2.0
circuit_1124.jpg,676,440,1,4,-0.7666,0.0632,0.0517,0,2.0
circuit_1124.jpg,487,442,1,4,-0.2357,0.18,0.0517,0,2.0
circuit_1124.jpg,532,442,1,2,-1.1781,0.0421,0.0517,0,2.0
circuit_1124.jpg,152,447,1,2,-0.8579,0.0569,0.0517,0,2.0
circuit_1124.jpg,896,447,1,4,-0.3367,0.1332,0.0517,0,2.0
circuit_1124.jpg,977,447,1,2,-0.4075,0.1127,0.0517,0,2.0
circuit_1124.jpg,104,451,1,4,-0.3383,0.1326,0.0517,0,2.0
circuit_1124.jpg,82,453,0,1,-0.8063,0.0603,0.0517,0,2.0
circuit_1124.jpg,970,604,0,1,-0.3591,0.1259,0.0517,0,2.0
circuit_1124.jpg,491,620,1,2,-0.5683,0.0834,0.0517,0,2.0
circuit_1124.jpg,888,636,0,2,-0.4886,0.0957,0.0517,0,2.0
circuit_1124.jpg,672,645,0,3,-0.5557,0.0852,0.0517,0,2.0
circuit_1124.jpg,492,652,0,3,-0.4386,0.1055,0.0517,0,2.0
circuit_1124.jpg,245,656,0,1,-1.1971,0.0414,0.0517,0,2.0
circuit_1124.jpg,331,655,1,3,-0.4616,0.1008,0.0517,0,2.0
circuit_1127.jpg,316,366,1,2,0.0359,1.0612,0.622,0,33.0
circuit_1127.jpg,505,366,1,2,-0.6913,0.4736,0.622,0,33.0
circuit_1127.jpg,411,444,0,2,-0.0603,0.9116,0.622,0,33.0
circuit_1127.jpg,445,449,0,2,-0.3137,0.6647,0.622,0,33.0
circuit_1127.jpg,321,470,1,4,0.0076,1.0124,0.622,0,33.0
circuit_1127.jpg,447,468,0,2,-0.3725,0.6254,0.622,0,33.0
circuit_1127.jpg,508,468,1,4,0.0011,1.0017,0.622,0,33.0
circuit_1127.jpg,610,467,1,2,-0.4505,0.5799,0.622,0,33.0
circuit_1127.jpg,642,467,1,2,-0.2301,0.7299,0.622,0,33.0
circuit_1127.jpg,209,478,0,2,-0.2559,0.7085,0.622,0,33.0
circuit_1127.jpg,646,488,1,2,-0.3374,0.6483,0.622,0,33.0
circuit_1127.jpg,618,603,1,2,-0.5344,0.5378,0.622,0,33.0
circuit_1127.jpg,512,607,1,4,0.1017,1.1954,0.622,0,33.0
circuit_1127.jpg,330,617,1,3,-0.2653,0.701,0.622,0,33.0
circuit_1127.jpg,211,623,0,2,-0.2571,0.7075,0.622,0,33.0
circuit_113.jpg,375,151,0,2,-0.4941,0.396,0.3239,0,15.0
circuit_113.jpg,340,155,0,2,-0.8335,0.2799,0.3239,0,15.0
circuit_113.jpg,584,159,0,2,-1.072,0.232,0.3239,0,15.0
circuit_113.jpg,226,170,0,2,-0.5445,0.373,0.3239,0,15.0
circuit_113.jpg,208,171,0,2,-0.4247,0.4327,0.3239,0,15.0
circuit_113.jpg,989,211,0,2,-0.18,0.6429,0.3239,0,15.0
circuit_113.jpg,964,210,0,2,-1.0437,0.2368,-0.108,0,15.0
circuit_113.jpg,920,215,0,2,-0.3638,0.471,0.3239,0,15.0
circuit_113.jpg,776,226,0,3,-0.723,0.3094,0.3239,0,15.0
circuit_113.jpg,580,228,0,3,-1.0971,0.2279,0.3239,0,15.0
circuit_113.jpg,382,246,0,3,-0.4943,0.3959,0.3239,0,15.0
circuit_113.jpg,212,248,1,3,-0.5023,0.3921,0.3239,0,15.0
circuit_113.jpg,190,252,1,2,-0.4411,0.4234,0.3239,0,15.0
circuit_113.jpg,103,261,1,2,-0.7424,0.3038,0.3239,0,15.0
circuit_113.jpg,225,307,0,1,-0.6131,0.3457,0.3239,0,15.0
circuit_113.jpg,578,311,1,2,-0.4405,0.4237,0.3239,0,15.0
circuit_113.jpg,531,386,1,2,-0.9424,0.2558,0.3239,0,15.0
circuit_113.jpg,500,393,1,1,-1.0898,0.2291,0.3239,0,15.0
circuit_113.jpg,486,396,1,2,-1.3147,0.1977,0.2807,0,15.0
circuit_113.jpg,468,400,1,2,-0.9501,0.2542,-0.2159,0,15.0
circuit_113.jpg,459,402,1,2,-0.3975,0.449,0.3239,0,15.0
circuit_113.jpg,453,458,1,2,-0.6998,0.3164,0.3239,0,15.0
circuit_113.jpg,849,482,0,2,-0.2483,0.566,0.3239,0,15.0
circuit_113.jpg,992,484,0,2,-0.2725,0.5431,0.3239,0,15.0
circuit_113.jpg,988,517,0,3,-0.4382,0.425,0.3239,0,15.0
circuit_113.jpg,678,530,0,2,-0.5823,0.3574,0.3239,0,15.0
circuit_113.jpg,850,532,0,2,-0.6295,0.3397,0.3239,0,15.0
circuit_113.jpg,478,553,0,2,-0.7018,0.3158,0.3239,0,15.0
circuit_113.jpg,450,557,1,4,-0.3314,0.4943,0.3239,0,15.0
circuit_113.jpg,378,561,0,2,-0.8109,0.2854,0.3239,0,15.0
circuit_113.jpg,400,561,1,3,-0.6345,0.338,0.3239,0,15.0
circuit_113.jpg,262,574,0,1,-0.5602,0.3664,0.3239,0,15.0
circuit_113.jpg,676,592,0,1,-0.0966,0.7703,0.3239,0,15.0
circuit_113.jpg,445,666,0,2,-0.6675,0.3267,0.3239,0,15.0
circuit_113.jpg,398,673,1,2,-0.6058,0.3484,0.3239,0,15.0
circuit_113.jpg,180,685,0,2,-0.856,0.2745,0.3239,0,15.0
circuit_113.jpg,102,694,0,2,-1.1412,0.2211,0.3023,0,15.0
circuit_113.jpg,66,698,0,2,-0.5368,0.3763,0.3239,0,15.0
circuit_113.jpg,443,736,0,2,-0.5968,0.3518,0.3239,0,15.0
circuit_113.jpg,220,741,0,1,-0.6661,0.3272,0.3239,0,15.0
circuit_113.jpg,770,757,0,2,-1.0065,0.2435,0.3239,0,15.0
circuit_113.jpg,632,773,0,2,-0.343,0.4857,0.3239,0,15.0
circuit_113.jpg,618,833,0,3,-0.3252,0.499,0.3239,0,15.0
circuit_113.jpg,494,838,0,2,-0.4245,0.4328,0.3239,0,15.0
circuit_113.jpg,439,840,0,2,-0.5146,0.3863,0.3239,0,15.0
circuit_113.jpg,964,844,0,1,-0.556,0.3681,0.3239,0,15.0
circuit_113.jpg,823,858,0,4,-0.4238,0.4332,0.3239,0,15.0
circuit_113.jpg,844,856,0,1,-0.609,0.3472,0.3239,0,15.0
circuit_113.jpg,834,858,0,3,-0.6012,0.3501,0.3239,0,15.0
circuit_1133.jpg,431,67,0,3,-0.2592,0.0994,0.0286,0,1.0
circuit_1133.jpg,256,71,0,3,-0.1749,0.1406,0.0286,0,1.0
circuit_1133.jpg,613,74,0,3,-0.4985,0.0543,0.0286,0,1.0
circuit_1133.jpg,85,75,0,2,-0.828,0.0334,0.0286,0,1.0
circuit_1133.jpg,662,75,0,2,-0.2457,0.1043,0.0286,0,1.0
circuit_1133.jpg,798,106,0,2,-0.3466,0.0762,0.0286,0,1.0
circuit_1133.jpg,260,114,0,2,-0.0235,0.549,0.0286,0,1.0
circuit_1133.jpg,261,124,0,2,-0.2328,0.1094,0.0286,0,1.0
circuit_1133.jpg,432,150,0,2,-0.3184,0.0824,0.0286,0,1.0
circuit_1133.jpg,622,158,0,2,-0.1952,0.1279,0.0286,0,1.0
circuit_1133.jpg,626,214,0,2,-0.1022,0.2188,0.0286,0,1.0
circuit_1133.jpg,626,250,0,2,-0.5811,0.0469,0.0286,0,1.0
circuit_1133.jpg,78,256,0,3,-0.2687,0.0962,0.0286,0,1.0
circuit_1133.jpg,218,264,0,2,-0.1648,0.1479,0.0286,0,1.0
circuit_1133.jpg,799,264,0,3,-0.2666,0.0969,0.0286,0,1.0
circuit_1133.jpg,73,284,0,2,-0.2813,0.0923,0.0286,0,1.0
circuit_1133.jpg,258,287,0,2,-0.3772,0.0705,0.0286,0,1.0
circuit_1133.jpg,417,295,0,2,-0.3151,0.0832,0.0286,0,1.0
circuit_1133.jpg,440,304,0,2,-0.2479,0.1034,0.0286,0,1.0
circuit_1133.jpg,626,364,0,2,-0.0628,0.3128,0.0286,0,1.0
circuit_1133.jpg,74,426,1,2,-0.5386,0.0504,0.0286,0,1.0
circuit_1133.jpg,261,428,0,1,-0.4792,0.0563,0.0286,0,1.0
circuit_1133.jpg,630,450,0,2,-0.2927,0.089,0.0286,0,1.0
circuit_1133.jpg,256,452,0,2,-0.1564,0.1546,0.0286,0,1.0
circuit_1133.jpg,440,484,0,2,-0.3881,0.0686,0.0286,0,1.0
circuit_1133.jpg,805,488,0,3,-0.3433,0.0769,0.0286,0,1.0
circuit_1133.jpg,752,495,0,2,-0.4913,0.055,0.0286,0,1.0
circuit_1133.jpg,252,504,0,3,-0.1909,0.1304,0.0286,0,1.0
circuit_1133.jpg,619,523,0,2,-0.2825,0.092,0.0286,0,1.0
circuit_1133.jpg,633,524,0,3,-0.4969,0.0544,0.0286,0,1.0
circuit_1133.jpg,73,548,1,2,-0.3124,0.0839,0.0286,0,1.0
circuit_1133.jpg,243,622,1,1,-0.5797,0.047,0.0286,0,1.0
circuit_1133.jpg,784,708,1,2,-0.3569,0.0742,0.0286,0,1.0
circuit_1133.jpg,810,709,1,3,-0.5596,0.0486,0.0286,0,1.0
circuit_1133.jpg,236,712,1,3,-0.2238,0.1134,0.0286,0,1.0
circuit_1133.jpg,431,728,0,2,-0.2947,0.0885,0.0286,0,1.0
circuit_1133.jpg,236,858,1,2,-0.2163,0.1168,0.0286,0,1.0
circuit_1133.jpg,812,868,1,2,-0.3687,0.072,0.0286,0,1.0
circuit_1133.jpg,786,870,1,2,-0.4882,0.0554,0.0286,0,1.0
circuit_1133.jpg,522,880,1,2,-0.1398,0.1699,0.0286,0,1.0
circuit_1133.jpg,435,884,1,3,-0.1821,0.1358,0.0286,0,1.0
circuit_1133.jpg,69,907,1,2,-0.1446,0.1652,0.0286,0,1.0
circuit_1133.jpg,72,940,1,2,-0.4114,0.065,0.0286,0,1.0
circuit_1133.jpg,116,944,1,2,-0.1324,0.1777,0.0286,0,1.0
circuit_1133.jpg,126,945,1,2,-0.1274,0.1834,0.0286,0,1.0
circuit_1133.jpg,814,946,1,2,-0.1202,0.1922,0.0286,0,1.0
circuit_1133.jpg,642,947,1,3,-0.0825,0.2574,0.0286,0,1.0
circuit_1133.jpg,433,950,1,3,-0.4895,0.0552,0.0286,0,1.0
circuit_1133.jpg,215,952,1,2,-0.6233,0.0439,0.0286,0,1.0
circuit_1133.jpg,240,954,1,3,-0.2037,0.1231,0.0286,0,1.0
circuit_1134.jpg,853,66,1,2,-1.2236,0.0371,0.0472,0,2.0
circuit_1134.jpg,422,68,1,3,-0.2749,0.1464,0.0472,0,2.0
circuit_1134.jpg,810,68,1,2,-0.8699,0.0514,0.0472,0,2.0
circuit_1134.jpg,634,68,1,3,-0.5394,0.0804,0.0472,0,2.0
circuit_1134.jpg,238,72,1,3,-0.7059,0.0626,0.0472,0,2.0
circuit_1134.jpg,854,104,1,2,-1.3315,0.0342,0.0472,0,2.0
circuit_1134.jpg,124,125,0,1,-0.73,0.0607,0.0472,0,2.0
circuit_1134.jpg,625,227,1,2,-0.3732,0.1122,0.0472,0,2.0
circuit_1134.jpg,109,242,1,3,-0.6879,0.0642,0.0472,0,2.0
circuit_1134.jpg,859,250,1,3,-0.238,0.1654,0.0472,0,2.0
circuit_1134.jpg,421,364,1,2,-0.7869,0.0566,0.0472,0,2.0
circuit_1134.jpg,680,408,1,2,-0.8716,0.0513,0.0472,0,2.0
circuit_1134.jpg,847,410,1,3,-0.3212,0.128,0.0472,0,2.0
circuit_1134.jpg,512,414,1,2,-1.087,0.0416,0.0472,0,2.0
circuit_1134.jpg,494,415,1,2,-0.878,0.051,0.0472,0,2.0
circuit_1134.jpg,338,419,1,2,-0.5918,0.0738,0.0472,0,2.0
circuit_1134.jpg,427,422,1,3,-0.8641,0.0518,0.0472,0,2.0
circuit_1134.jpg,248,420,1,3,-0.3633,0.1149,0.0472,0,2.0
circuit_1134.jpg,630,432,1,2,-0.5182,0.0834,0.0472,0,2.0
circuit_1134.jpg,427,456,1,2,-0.4337,0.0981,0.0472,0,2.0
circuit_1134.jpg,244,552,1,2,-1.1276,0.0402,0.0472,0,2.0
circuit_1134.jpg,622,564,1,2,-0.476,0.0902,0.0472,0,2.0
circuit_1134.jpg,844,575,1,3,-0.2221,0.1752,0.0472,0,2.0
circuit_1134.jpg,240,592,1,2,-0.7222,0.0613,0.0472,0,2.0
circuit_1134.jpg,438,585,1,3,-0.57,0.0764,0.0472,0,2.0
circuit_1134.jpg,632,588,1,3,-0.7412,0.0598,0.0472,0,2.0
circuit_1134.jpg,426,608,1,2,-0.634,0.0693,0.0472,0,2.0
circuit_1134.jpg,622,739,1,2,-0.5146,0.084,0.0472,0,2.0
circuit_1134.jpg,622,762,1,3,-0.718,0.0616,0.0472,0,2.0
circuit_1134.jpg,425,760,1,3,-0.4615,0.0927,0.0472,0,2.0
circuit_1134.jpg,845,760,1,3,-0.1616,0.226,0.0472,0,2.0
circuit_1134.jpg,422,888,1,2,-0.6416,0.0685,0.0472,0,2.0
circuit_1134.jpg,624,888,1,3,-0.8001,0.0557,0.0472,0,2.0
circuit_1134.jpg,240,894,1,3,-0.6069,0.0721,0.0472,0,2.0
circuit_1134.jpg,794,893,1,2,-0.7748,0.0574,0.0472,0,2.0
circuit_1134.jpg,841,899,1,2,-0.4515,0.0946,0.0472,0,2.0
circuit_1135.jpg,434,372,0,1,-0.9371,0.2476,0.3083,0,17.0
circuit_1135.jpg,640,375,1,3,-0.2513,0.5509,0.3083,0,17.0
circuit_1135.jpg,164,590,1,2,-0.3783,0.4491,0.3083,0,17.0
circuit_1135.jpg,163,608,1,2,-0.8533,0.2654,0.3083,0,17.0
circuit_1135.jpg,639,615,1,4,-0.1703,0.6442,0.3083,0,17.0
circuit_1135.jpg,812,618,0,2,-0.3125,0.4966,0.3083,0,17.0
circuit_1145.jpg,294,379,1,3,-0.0948,0.7859,0.3479,0,18.0
circuit_1145.jpg,460,380,1,3,-0.0133,0.9632,0.3479,0,18.0
circuit_1145.jpg,671,382,1,2,-0.5203,0.4007,0.3479,0,18.0
circuit_1145.jpg,295,408,1,2,0.0522,1.1765,0.3479,0,18.0
circuit_1145.jpg,677,478,1,2,-0.5122,0.4045,0.3479,0,18.0
circuit_1145.jpg,677,594,1,2,-0.1462,0.7041,0.3479,0,18.0
circuit_1145.jpg,475,602,1,4,-0.4895,0.4155,0.3479,0,18.0
circuit_1145.jpg,498,605,1,2,-1.3005,0.2111,0.3479,0,18.0
circuit_1145.jpg,306,608,1,3,-0.5338,0.3946,0.3479,0,18.0
circuit_1145.jpg,142,614,0,2,-0.2715,0.5617,0.3479,0,18.0
circuit_1153.jpg,486,259,0,2,-0.5612,0.1119,0.0707,0,3.0
circuit_1153.jpg,504,260,0,2,-1.2993,0.0516,0.0707,0,3.0
circuit_1153.jpg,638,283,0,2,-0.7474,0.0865,0.0707,0,3.0
circuit_1153.jpg,807,286,0,2,-0.4367,0.1394,0.0707,0,3.0
circuit_1153.jpg,51,291,0,2,-0.5903,0.107,0.0707,0,3.0
circuit_1153.jpg,76,293,0,3,-0.335,0.1743,0.0707,0,3.0
circuit_1153.jpg,120,295,0,2,-0.5754,0.1095,0.0707,0,3.0
circuit_1153.jpg,806,320,0,2,-1.2183,0.0549,0.0707,0,3.0
circuit_1153.jpg,75,330,0,1,-0.2612,0.2131,0.0707,0,3.0
circuit_1153.jpg,638,347,0,3,-0.3537,0.1667,0.0707,0,3.0
circuit_1153.jpg,337,352,1,3,-0.81,0.0803,0.0707,0,3.0
circuit_1153.jpg,515,350,0,3,-0.5648,0.1113,0.0707,0,3.0
circuit_1153.jpg,176,351,0,3,-0.1681,0.2961,0.0707,0,3.0
circuit_1153.jpg,998,355,0,2,-0.3088,0.1864,0.0707,0,3.0
circuit_1153.jpg,804,359,0,3,-0.4166,0.1452,0.0707,0,3.0
circuit_1153.jpg,514,370,0,3,-0.4091,0.1474,0.0707,0,3.0
circuit_1153.jpg,655,372,0,2,-0.6394,0.0996,0.0707,0,3.0
circuit_1153.jpg,358,394,1,1,-0.7725,0.0839,0.0707,0,3.0
circuit_1153.jpg,838,406,0,1,-1.0231,0.0647,0.0707,0,3.0
circuit_1153.jpg,809,416,0,4,0.055,4.5,0.0707,0,3.0
circuit_1153.jpg,762,414,0,2,-0.4976,0.1245,0.0707,0,3.0
circuit_1153.jpg,790,423,0,3,-0.4952,0.125,-0.4952,0,3.0
circuit_1153.jpg,827,425,0,2,-1.096,0.0606,0.0707,0,3.0
circuit_1153.jpg,771,433,0,4,-1.3273,0.0506,0.0707,0,3.0
circuit_1153.jpg,788,442,0,3,-1.1413,0.0584,0.0707,0,3.0
circuit_1153.jpg,802,445,0,3,-0.8542,0.0765,0.0707,0,3.0
circuit_1153.jpg,814,446,0,3,-2.1334,0.0321,-0.7546,0,3.0
circuit_1153.jpg,828,446,0,3,-1.1083,0.06,0.0707,0,3.0
circuit_1153.jpg,645,448,0,2,-0.2962,0.1928,0.0707,0,3.0
circuit_1153.jpg,270,474,0,2,-1.2933,0.0519,0.0707,0,3.0
circuit_1153.jpg,358,474,1,3,-0.6381,0.0998,0.0707,0,3.0
circuit_1153.jpg,518,482,0,2,-0.7334,0.088,0.0707,0,3.0
circuit_1153.jpg,997,486,0,2,-0.6335,0.1004,0.0707,0,3.0
circuit_1153.jpg,856,492,0,2,-0.5889,0.1072,0.0707,0,3.0
circuit_1153.jpg,892,497,0,3,-0.4136,0.146,0.0707,0,3.0
circuit_1153.jpg,265,508,0,4,-0.7251,0.0889,0.0707,0,3.0
circuit_1153.jpg,313,500,0,3,-0.6821,0.094,0.0707,0,3.0
circuit_1153.jpg,862,505,0,2,-0.4879,0.1266,0.0707,0,3.0
circuit_1153.jpg,291,508,0,4,-0.6494,0.0982,0.0707,0,3.0
circuit_1153.jpg,912,504,0,3,-0.4742,0.1298,0.0707,0,3.0
circuit_1153.jpg,314,510,0,3,-0.4362,0.1395,0.0707,0,3.0
circuit_1153.jpg,328,508,1,3,-0.6538,0.0976,0.0707,0,3.0
circuit_1153.jpg,929,509,0,2,-1.0271,0.0644,0.0707,0,3.0
circuit_1153.jpg,358,514,1,3,-1.363,0.0493,0.0707,0,3.0
circuit_1153.jpg,645,520,0,3,-0.7617,0.085,0.0707,0,3.0
circuit_1153.jpg,520,522,0,3,-0.4803,0.1284,0.0707,0,3.0
circuit_1153.jpg,930,522,0,2,-0.186,0.2755,0.0707,0,3.0
circuit_1153.jpg,548,523,0,2,-0.463,0.1325,0.0707,0,3.0
circuit_1153.jpg,826,524,0,3,-0.5488,0.1142,0.0707,0,3.0
circuit_1153.jpg,996,526,0,3,-0.5337,0.117,0.0707,0,3.0
circuit_1153.jpg,40,534,0,2,-0.5491,0.1141,0.0707,0,3.0
circuit_1153.jpg,72,535,0,2,-1.4295,0.0472,0.0707,0,3.0
circuit_1153.jpg,86,537,0,3,-0.5037,0.1232,0.0707,0,3.0
circuit_1153.jpg,250,542,1,3,-0.5005,0.1238,0.0707,0,3.0
circuit_1153.jpg,553,554,0,4,-3.1363,0.0221,-3.1363,0,3.0
circuit_1153.jpg,583,549,0,3,-0.448,0.1364,0.0707,0,3.0
circuit_1153.jpg,542,546,0,3,-0.8092,0.0804,0.0707,0,3.0
circuit_1153.jpg,663,546,0,1,-0.7455,0.0867,0.0707,0,3.0
circuit_1153.jpg,998,552,0,2,-0.4945,0.1252,0.0707,0,3.0
circuit_1153.jpg,604,556,0,3,-0.4209,0.1439,0.0707,0,3.0
circuit_1153.jpg,519,562,0,3,-0.7979,0.0814,0.0707,0,3.0
circuit_1153.jpg,98,607,0,2,-0.3581,0.165,0.0707,0,3.0
circuit_1153.jpg,719,613,0,3,-0.6252,0.1017,0.0707,0,3.0
circuit_1153.jpg,750,625,0,3,-0.2924,0.1948,0.0707,0,3.0
circuit_1153.jpg,723,630,0,3,-0.7498,0.0862,0.0707,0,3.0
circuit_1153.jpg,714,633,0,2,-0.5542,0.1132,0.0707,0,3.0
circuit_1153.jpg,798,644,0,3,-0.4942,0.1252,0.0707,0,3.0
circuit_1153.jpg,632,649,0,2,-0.8469,0.0771,0.0707,0,3.0
circuit_1153.jpg,518,662,0,2,-0.7561,0.0856,0.0707,0,3.0
circuit_1153.jpg,581,675,0,4,-0.4061,0.1484,0.0707,0,3.0
circuit_1153.jpg,603,668,0,3,-0.6552,0.0974,0.0707,0,3.0
circuit_1153.jpg,548,686,0,2,-0.2856,0.1985,0.0707,0,3.0
circuit_1153.jpg,600,683,0,2,-0.6653,0.0961,0.0707,0,3.0
circuit_1153.jpg,518,702,0,3,-0.3782,0.1576,0.0707,0,3.0
circuit_1153.jpg,546,701,0,3,-0.7015,0.0916,0.0707,0,3.0
circuit_1153.jpg,820,712,0,4,-0.268,0.2088,0.0707,0,3.0
circuit_1153.jpg,636,725,0,3,-1.0231,0.0647,0.0707,0,3.0
circuit_1153.jpg,518,728,0,2,-0.4914,0.1258,0.0707,0,3.0
circuit_1153.jpg,816,729,0,3,-0.779,0.0832,0.0707,0,3.0
circuit_1153.jpg,654,756,0,2,-0.61,0.1039,0.0707,0,3.0
circuit_1162.jpg,584,320,0,1,-0.8287,0.3775,0.4815,0,24.0
circuit_1162.jpg,623,326,0,4,-0.0895,0.8488,0.5024,0,24.0
circuit_1162.jpg,635,324,0,2,-1.4393,0.2588,0.4396,0,24.0
circuit_1162.jpg,596,331,0,3,-0.5094,0.4966,0.5024,0,24.0
circuit_1162.jpg,626,356,0,2,-0.3635,0.5802,0.5024,0,24.0
circuit_1162.jpg,350,357,0,3,-0.1814,0.7347,0.5024,0,24.0
circuit_1162.jpg,672,358,0,3,-0.3383,0.5976,0.5024,0,24.0
circuit_1162.jpg,514,359,0,3,-0.3782,0.5706,0.5024,0,24.0
circuit_1162.jpg,817,359,0,2,-0.9979,0.3349,0.5024,0,24.0
circuit_1162.jpg,515,372,0,2,-0.5631,0.4715,0.5024,0,24.0
circuit_1162.jpg,517,384,0,1,-0.2784,0.6434,0.5024,0,24.0
circuit_1162.jpg,90,438,0,3,-0.3032,0.6237,0.5024,0,24.0
circuit_1162.jpg,127,447,0,2,-0.6031,0.4545,0.5024,0,24.0
circuit_1162.jpg,429,457,0,2,-0.254,0.6642,0.5024,0,24.0
circuit_1162.jpg,469,461,0,5,-0.7208,0.4108,0.5024,0,24.0
circuit_1162.jpg,128,476,1,4,0.1011,1.2519,0.5024,0,24.0
circuit_1162.jpg,356,482,1,3,-0.2103,0.7049,0.5024,0,24.0
circuit_1162.jpg,818,482,0,4,-0.2468,0.6706,0.5024,0,24.0
circuit_1162.jpg,912,482,0,2,-0.7127,0.4135,0.5024,0,24.0
circuit_1162.jpg,459,486,0,3,-1.3294,0.2743,-1.0677,0,24.0
circuit_1162.jpg,472,486,0,3,-1.1061,0.3124,0.5024,0,24.0
circuit_1162.jpg,528,486,1,4,0.1001,1.2487,0.5024,0,24.0
circuit_1162.jpg,682,486,1,4,-0.2076,0.7077,0.5024,0,24.0
circuit_1162.jpg,355,508,1,2,-0.5357,0.484,0.5024,0,24.0
circuit_1162.jpg,820,510,0,2,-0.1934,0.7221,0.5024,0,24.0
circuit_1162.jpg,917,514,0,2,-0.1535,0.766,0.5024,0,24.0
circuit_1162.jpg,355,596,1,2,-0.0761,0.8684,0.5024,0,24.0
circuit_1162.jpg,121,642,0,2,-0.3388,0.5972,0.5024,0,24.0
circuit_1162.jpg,689,646,1,2,-0.1528,0.7668,0.5024,0,24.0
circuit_1162.jpg,355,655,1,3,-0.2153,0.7001,0.5024,0,24.0
circuit_1162.jpg,538,663,1,3,-0.3775,0.571,0.5024,0,24.0
circuit_1162.jpg,579,667,1,2,-0.2278,0.6881,0.5024,0,24.0
circuit_1162.jpg,690,667,1,3,-0.104,0.8285,0.5024,0,24.0
circuit_1166.jpg,198,144,1,2,-0.4011,0.1058,0.0475,0,2.0
circuit_1166.jpg,492,146,1,3,-0.3548,0.118,0.0475,0,2.0
circuit_1166.jpg,502,147,1,2,-1.2395,0.0369,0.0475,0,2.0
circuit_1166.jpg,562,151,1,2,-1.0196,0.0445,0.0475,0,2.0
circuit_1166.jpg,686,158,1,2,-0.8889,0.0507,0.0475,0,2.0
circuit_1166.jpg,706,159,1,2,-1.0042,0.0451,0.0475,0,2.0
circuit_1166.jpg,756,161,1,2,-0.8214,0.0546,0.0475,0,2.0
circuit_1166.jpg,197,270,1,3,-0.1403,0.2528,0.0475,0,2.0
circuit_1166.jpg,104,271,1,2,-0.6091,0.0723,0.0475,0,2.0
circuit_1166.jpg,712,272,0,2,-0.9448,0.0478,0.0475,0,2.0
circuit_1166.jpg,843,322,0,2,-0.7605,0.0588,0.0475,0,2.0
circuit_1166.jpg,846,348,0,2,-0.933,0.0484,0.0475,0,2.0
circuit_1166.jpg,849,374,0,2,-0.6333,0.0697,0.0475,0,2.0
circuit_1166.jpg,622,396,0,2,-0.3461,0.1206,0.0475,0,2.0
circuit_1166.jpg,852,400,0,4,-0.1017,0.3183,0.0475,0,2.0
circuit_1166.jpg,732,401,0,2,-0.5911,0.0743,0.0475,0,2.0
circuit_1166.jpg,416,409,1,4,-0.2579,0.1555,0.0475,0,2.0
circuit_1166.jpg,257,410,1,3,-0.6122,0.072,0.0475,0,2.0
circuit_1166.jpg,210,411,1,2,-0.0691,0.4072,0.0475,0,2.0
circuit_1166.jpg,722,415,1,2,-0.9164,0.0493,0.0475,0,2.0
circuit_1166.jpg,854,420,0,2,-0.3585,0.117,0.0475,0,2.0
circuit_1166.jpg,711,422,1,2,-0.4638,0.0929,0.0475,0,2.0
circuit_1166.jpg,422,432,1,2,-0.6227,0.0708,0.0475,0,2.0
circuit_1166.jpg,855,434,0,2,-0.5516,0.0793,0.0475,0,2.0
circuit_1166.jpg,815,490,0,2,-0.7949,0.0564,0.0475,0,2.0
circuit_1166.jpg,854,490,0,3,-0.2607,0.1541,0.0475,0,2.0
circuit_1166.jpg,434,502,1,2,-0.3811,0.1108,0.0475,0,2.0
circuit_1166.jpg,723,526,1,2,-0.526,0.0828,0.0475,0,2.0
circuit_1166.jpg,126,518,0,1,-0.5866,0.0749,0.0475,0,2.0
circuit_1166.jpg,859,525,0,2,-0.4717,0.0914,0.0475,0,2.0
circuit_1166.jpg,182,521,0,2,-0.5047,0.086,0.0475,0,2.0
circuit_1166.jpg,124,530,0,2,-0.5223,0.0833,0.0475,0,2.0
circuit_1166.jpg,863,556,0,1,-0.3362,0.1238,0.0475,0,2.0
circuit_1166.jpg,123,569,1,2,-0.4696,0.0918,0.0475,0,2.0
circuit_1166.jpg,731,572,0,3,-0.2678,0.1506,0.0475,0,2.0
circuit_1166.jpg,264,602,1,2,-0.473,0.0912,0.0475,0,2.0
circuit_1166.jpg,729,604,1,2,-0.7961,0.0563,0.0475,0,2.0
circuit_1166.jpg,821,608,0,2,-0.5626,0.0778,0.0475,0,2.0
circuit_1166.jpg,259,620,1,2,-0.8241,0.0545,0.0475,0,2.0
circuit_1166.jpg,171,630,1,2,-0.7211,0.0618,0.0475,0,2.0
circuit_1166.jpg,118,648,1,2,-0.5512,0.0793,0.0475,0,2.0
circuit_1166.jpg,823,656,0,2,-0.4867,0.0889,0.0475,0,2.0
circuit_1166.jpg,459,668,1,3,-0.6445,0.0686,0.0475,0,2.0
circuit_1166.jpg,878,678,0,2,-0.6766,0.0656,0.0475,0,2.0
circuit_1166.jpg,882,696,0,2,-0.5031,0.0862,0.0475,0,2.0
circuit_1166.jpg,510,726,1,2,-0.4913,0.0881,0.0475,0,2.0
circuit_1166.jpg,513,736,1,1,-0.5282,0.0825,0.0475,0,2.0
circuit_1166.jpg,562,742,1,2,-0.7775,0.0576,0.0475,0,2.0
circuit_1166.jpg,830,762,0,2,-0.5334,0.0817,0.0475,0,2.0
circuit_1166.jpg,597,766,1,2,-0.6258,0.0705,0.0475,0,2.0
circuit_1166.jpg,592,776,1,2,-0.6773,0.0655,0.0475,0,2.0
circuit_1166.jpg,115,778,1,2,-0.8081,0.0555,0.0475,0,2.0
circuit_1166.jpg,731,788,1,2,-0.4265,0.1002,0.0475,0,2.0
circuit_1166.jpg,733,802,1,2,-0.5445,0.0802,0.0475,0,2.0
circuit_1166.jpg,166,816,1,3,-0.6156,0.0716,0.0475,0,2.0
circuit_1166.jpg,447,821,1,2,-0.3408,0.1223,0.0475,0,2.0
circuit_1166.jpg,231,822,1,2,-0.3365,0.1236,0.0475,0,2.0
circuit_1166.jpg,591,825,1,3,-0.2269,0.1731,0.0475,0,2.0
circuit_1166.jpg,434,827,1,2,-1.1013,0.0413,0.0475,0,2.0
circuit_1166.jpg,786,833,1,2,-0.8996,0.0501,0.0475,0,2.0
circuit_1166.jpg,290,831,1,2,-1.0595,0.0429,0.0475,0,2.0
circuit_1166.jpg,616,833,1,2,-0.7395,0.0603,0.0475,0,2.0
circuit_1166.jpg,628,834,1,2,-0.9247,0.0488,0.0475,0,2.0
circuit_1166.jpg,734,834,1,3,-0.302,0.1359,0.0475,0,2.0
circuit_1166.jpg,893,840,1,3,-0.1094,0.3026,0.0475,0,2.0
circuit_1172.jpg,812,94,0,1,-0.7691,0.0588,0.0481,0,2.0
circuit_1172.jpg,496,100,1,3,-0.1628,0.2279,0.0481,0,2.0
circuit_1172.jpg,213,112,1,2,-0.5665,0.0782,0.0481,0,2.0
circuit_1172.jpg,213,124,1,2,-0.854,0.0533,0.0481,0,2.0
circuit_1172.jpg,830,170,0,2,-0.9133,0.05,0.0481,0,2.0
circuit_1172.jpg,831,186,0,2,-0.7186,0.0627,0.0481,0,2.0
circuit_1172.jpg,736,249,0,2,-0.7001,0.0642,0.0481,0,2.0
circuit_1172.jpg,159,254,0,1,-0.3594,0.118,0.0481,0,2.0
circuit_1172.jpg,161,268,1,2,-0.3516,0.1203,0.0481,0,2.0
circuit_1172.jpg,222,271,1,3,-0.5806,0.0765,0.0481,0,2.0
circuit_1172.jpg,839,302,0,1,-0.6587,0.068,0.0481,0,2.0
circuit_1172.jpg,739,417,0,2,-0.5605,0.079,0.0481,0,2.0
circuit_1172.jpg,480,434,1,4,-0.4863,0.0899,0.0481,0,2.0
circuit_1172.jpg,756,440,0,3,-0.5956,0.0747,0.0481,0,2.0
circuit_1172.jpg,243,440,1,3,-0.3053,0.136,0.0481,0,2.0
circuit_1172.jpg,845,443,0,4,-0.6396,0.0699,0.0481,0,2.0
circuit_1172.jpg,740,468,0,2,-0.5231,0.0842,0.0481,0,2.0
circuit_1172.jpg,846,468,0,2,-0.576,0.077,0.0481,0,2.0
circuit_1172.jpg,847,484,0,2,-0.7555,0.0598,0.0481,0,2.0
circuit_1172.jpg,200,516,0,1,-0.6199,0.072,0.0481,0,2.0
circuit_1172.jpg,79,580,1,3,-0.6635,0.0676,0.0481,0,2.0
circuit_1172.jpg,848,604,0,3,-0.581,0.0764,0.0481,0,2.0
circuit_1172.jpg,76,654,1,2,-0.5941,0.0749,0.0481,0,2.0
circuit_1172.jpg,728,656,0,2,-0.7984,0.0568,0.0481,0,2.0
circuit_1172.jpg,725,688,0,3,-0.6675,0.0672,0.0481,0,2.0
circuit_1172.jpg,482,704,1,3,-0.7282,0.0619,0.0481,0,2.0
circuit_1172.jpg,538,794,1,2,-0.3829,0.1115,0.0481,0,2.0
circuit_1172.jpg,584,810,1,3,-0.5778,0.0768,0.0481,0,2.0
circuit_1172.jpg,783,831,0,2,-0.5703,0.0777,0.0481,0,2.0
circuit_1172.jpg,60,883,1,2,-0.6489,0.069,0.0481,0,2.0
circuit_1172.jpg,240,885,1,3,-0.3461,0.122,0.0481,0,2.0
circuit_1172.jpg,162,888,1,3,-1.2182,0.038,0.0481,0,2.0
circuit_1172.jpg,216,888,1,2,-0.7701,0.0587,0.0481,0,2.0
circuit_1172.jpg,487,898,1,3,-0.7677,0.0589,0.0481,0,2.0
circuit_1172.jpg,576,906,1,3,-0.5047,0.087,0.0481,0,2.0
circuit_1172.jpg,714,916,1,3,-0.5595,0.0791,0.0481,0,2.0
circuit_1172.jpg,852,918,1,3,-0.2597,0.1562,0.0481,0,2.0
circuit_1183.jpg,672,374,0,2,-0.6563,0.379,0.4005,0,22.0
circuit_1183.jpg,588,375,0,3,-0.3122,0.562,0.4005,0,22.0
circuit_1183.jpg,744,375,0,2,-0.9342,0.3001,0.3823,0,22.0
circuit_1183.jpg,426,377,1,3,-0.0035,0.9914,0.4005,0,22.0
circuit_1183.jpg,745,622,0,1,0.0117,1.03,0.4005,0,22.0
circuit_1183.jpg,438,636,0,2,-0.203,0.6636,0.4005,0,22.0
circuit_1183.jpg,602,643,1,3,-0.0956,0.8073,0.4005,0,22.0
circuit_1183.jpg,196,649,1,2,-0.3044,0.5682,0.4005,0,22.0
circuit_1183.jpg,392,650,1,2,-0.6861,0.3686,0.4005,0,22.0
circuit_1183.jpg,437,650,1,4,-0.3154,0.5594,0.4005,0,22.0
circuit_1194.jpg,760,96,0,2,-0.7956,0.0786,0.0679,0,3.0
circuit_1194.jpg,173,102,0,2,-0.886,0.0711,0.0679,0,3.0
circuit_1194.jpg,759,130,0,2,-0.5552,0.1089,0.0679,0,3.0
circuit_1194.jpg,169,181,0,3,-0.1645,0.292,0.0679,0,3.0
circuit_1194.jpg,546,194,0,3,0.0034,1.0519,0.0679,0,3.0
circuit_1194.jpg,604,194,0,2,-1.1121,0.0575,-0.7465,0,3.0
circuit_1194.jpg,388,198,0,3,-0.1371,0.3311,0.0679,0,3.0
circuit_1194.jpg,760,212,0,3,-0.1525,0.308,0.0679,0,3.0
circuit_1194.jpg,994,212,0,2,-0.4185,0.1395,0.0679,0,3.0
circuit_1194.jpg,542,239,1,2,-0.5931,0.1027,0.0679,0,3.0
circuit_1194.jpg,539,290,1,2,-0.3185,0.1757,0.0679,0,3.0
circuit_1194.jpg,458,296,1,2,-0.1774,0.2767,0.0679,0,3.0
circuit_1194.jpg,996,362,0,2,-0.3122,0.1786,0.0679,0,3.0
circuit_1194.jpg,995,410,0,2,-0.5727,0.1059,0.0679,0,3.0
circuit_1194.jpg,700,418,0,2,-0.5065,0.1182,0.0679,0,3.0
circuit_1194.jpg,854,417,0,2,-0.7479,0.0832,0.0679,0,3.0
circuit_1194.jpg,281,488,0,2,-0.4957,0.1204,0.0679,0,3.0
circuit_1194.jpg,694,490,0,3,-0.2335,0.2252,0.0679,0,3.0
circuit_1194.jpg,424,490,1,3,-0.0675,0.5012,0.0679,0,3.0
circuit_1194.jpg,463,492,1,4,-0.6355,0.0965,0.0679,0,3.0
circuit_1194.jpg,852,504,0,2,-0.6011,0.1014,0.0679,0,3.0
circuit_1194.jpg,990,511,0,3,-0.0885,0.4341,0.0679,0,3.0
circuit_1194.jpg,672,535,0,2,-0.4999,0.1195,0.0679,0,3.0
circuit_1194.jpg,277,589,1,3,-0.2097,0.2445,0.0679,0,3.0
circuit_1194.jpg,422,604,1,2,-0.6043,0.101,0.0679,0,3.0
circuit_1194.jpg,285,621,0,2,-0.5053,0.1184,0.0679,0,3.0
circuit_1194.jpg,995,694,0,2,-0.5632,0.1075,0.0679,0,3.0
circuit_1194.jpg,654,712,0,2,-0.7494,0.083,0.0679,0,3.0
circuit_1194.jpg,820,716,0,2,-0.2962,0.1864,0.0679,0,3.0
circuit_1194.jpg,650,799,0,3,-0.1827,0.2709,0.0679,0,3.0
circuit_1194.jpg,453,797,0,2,-0.3205,0.1747,0.0679,0,3.0
circuit_1194.jpg,823,822,0,3,-0.1277,0.347,0.0679,0,3.0
circuit_1194.jpg,658,847,0,2,-0.2627,0.2053,0.0679,0,3.0
circuit_1201.jpg,474,168,0,3,-0.5858,0.4466,0.4728,0,23.0
circuit_1201.jpg,250,270,0,3,-0.2855,0.6235,0.4728,0,23.0
circuit_1201.jpg,173,273,0,2,-0.1227,0.7939,0.4728,0,23.0
circuit_1201.jpg,719,342,1,2,-0.2539,0.6506,0.4728,0,23.0
circuit_1201.jpg,465,428,1,4,-0.076,0.8615,0.4728,0,23.0
circuit_1201.jpg,807,426,0,4,0.1205,1.342,0.4728,0,23.0
circuit_1201.jpg,243,428,0,3,-0.2985,0.613,0.4728,0,23.0
circuit_1201.jpg,682,427,0,2,-0.739,0.3902,0.4728,0,23.0
circuit_1201.jpg,865,428,0,2,-0.4126,0.534,0.4728,0,23.0
circuit_1201.jpg,567,522,0,2,-0.0243,0.9511,0.4728,0,23.0
circuit_1201.jpg,49,554,0,3,-0.0124,0.9744,0.4728,0,23.0
circuit_1201.jpg,812,600,0,3,0.2261,1.9167,0.4728,0,23.0
circuit_1201.jpg,721,624,0,3,0.0704,1.1749,0.4728,0,23.0
circuit_1201.jpg,722,640,0,2,-0.6342,0.4271,0.4728,0,23.0
circuit_1201.jpg,454,652,1,2,-0.3152,0.6,0.4728,0,23.0
circuit_1201.jpg,724,666,0,2,-0.033,0.9347,0.4728,0,23.0
circuit_1201.jpg,561,668,0,2,-0.4317,0.5227,0.4728,0,23.0
circuit_1201.jpg,453,672,1,2,-0.3885,0.5489,0.4728,0,23.0
circuit_1201.jpg,138,679,1,3,-0.515,0.4786,0.4728,0,23.0
circuit_1201.jpg,114,683,0,2,-0.4583,0.5078,0.4728,0,23.0
circuit_1201.jpg,68,694,0,2,-0.8668,0.3529,0.2878,0,23.0
circuit_1201.jpg,95,692,0,3,-0.2682,0.638,0.4728,0,23.0
circuit_1201.jpg,82,696,0,2,-0.7161,0.3977,0.4728,0,23.0
circuit_1201.jpg,818,726,0,2,-0.4423,0.5166,0.4728,0,23.0
circuit_1201.jpg,453,744,1,3,-0.0477,0.9084,0.4728,0,23.0
circuit_1201.jpg,643,775,1,2,-0.2104,0.6921,0.4728,0,23.0
circuit_1201.jpg,784,777,0,1,-0.5576,0.4589,0.4728,0,23.0
circuit_1201.jpg,644,798,1,2,0.0134,1.0293,0.4728,0,23.0
circuit_1201.jpg,552,803,1,2,-0.0703,0.8706,0.4728,0,23.0
circuit_1201.jpg,459,810,1,2,0.0795,1.2022,0.4728,0,23.0
circuit_1201.jpg,568,814,1,2,-0.139,0.7728,0.4728,0,23.0
circuit_1201.jpg,459,850,1,2,0.0903,1.2361,0.4728,0,23.0
circuit_1201.jpg,722,852,1,3,-0.4391,0.5185,0.4728,0,23.0
circuit_1201.jpg,816,857,1,3,-0.1484,0.7611,0.4728,0,23.0
circuit_1201.jpg,663,858,1,2,-0.2726,0.6343,0.4728,0,23.0
circuit_1201.jpg,30,923,0,2,-0.6224,0.4317,0.4728,0,23.0
circuit_1201.jpg,128,928,1,3,-0.3917,0.5469,0.4728,0,23.0
circuit_1201.jpg,130,939,1,2,-0.4728,0.5,0.4728,0,23.0
circuit_1201.jpg,225,948,1,3,-0.0642,0.8805,0.4728,0,23.0
circuit_1201.jpg,566,946,1,3,-0.2046,0.698,0.4728,0,23.0
circuit_1201.jpg,655,949,1,2,-0.3437,0.579,0.4728,0,23.0
circuit_1201.jpg,273,950,0,4,-0.6455,0.4228,0.4728,0,23.0
circuit_1201.jpg,332,950,0,2,-0.4434,0.516,0.4728,0,23.0
circuit_1201.jpg,468,950,1,3,-0.0154,0.9684,0.4728,0,23.0
circuit_1202.jpg,706,368,1,3,-0.3125,0.0758,0.0256,0,1.0
circuit_1202.jpg,165,370,1,3,-0.3731,0.0643,0.0256,0,1.0
circuit_1202.jpg,550,371,1,2,-0.4129,0.0584,0.0256,0,1.0
circuit_1202.jpg,586,371,1,3,-0.4096,0.0589,0.0256,0,1.0
circuit_1202.jpg,466,373,1,3,-0.3038,0.0778,0.0256,0,1.0
circuit_1202.jpg,477,550,1,2,-0.4673,0.052,0.0256,0,1.0
circuit_1202.jpg,604,556,0,2,-0.6679,0.037,0.0256,0,1.0
circuit_1202.jpg,717,599,1,3,-0.4737,0.0513,0.0256,0,1.0
circuit_1202.jpg,851,601,1,2,-0.6092,0.0404,0.0256,0,1.0
circuit_1202.jpg,603,610,1,4,-0.3106,0.0762,0.0256,0,1.0
circuit_1202.jpg,478,616,1,3,-0.3131,0.0757,0.0256,0,1.0
circuit_1202.jpg,158,616,1,2,-0.7558,0.0328,0.0256,0,1.0
circuit_1203.jpg,215,373,0,2,-0.2712,0.6638,0.5355,0,27.0
circuit_1203.jpg,364,373,0,2,-0.4334,0.5527,0.5355,0,27.0
circuit_1203.jpg,420,373,0,3,-0.0132,0.9759,0.5355,0,27.0
circuit_1203.jpg,639,382,0,3,-0.4324,0.5533,0.5355,0,27.0
circuit_1203.jpg,776,382,0,2,-0.2273,0.7021,0.5355,0,27.0
circuit_1203.jpg,849,388,0,1,-0.3066,0.6359,0.5355,0,27.0
circuit_1203.jpg,491,414,0,2,-0.4595,0.5382,0.5355,0,27.0
circuit_1203.jpg,635,414,0,3,-0.1785,0.75,0.5355,0,27.0
circuit_1203.jpg,508,411,0,3,-0.9194,0.3681,0.5355,0,27.0
circuit_1203.jpg,522,411,0,2,-0.633,0.4583,0.5355,0,27.0
circuit_1203.jpg,585,419,0,7,-0.3077,0.6351,0.5355,0,27.0
circuit_1203.jpg,508,419,0,3,-0.5789,0.4805,0.5355,0,27.0
circuit_1203.jpg,524,419,0,4,-1.0195,0.3444,0.5355,0,27.0
circuit_1203.jpg,558,420,0,3,-0.6058,0.4692,0.5355,0,27.0
circuit_1203.jpg,568,423,0,3,-0.5698,0.4845,0.5355,0,27.0
circuit_1203.jpg,457,536,0,2,-0.4603,0.5378,0.5355,0,27.0
circuit_1203.jpg,225,547,0,2,-0.2405,0.6901,0.5355,0,27.0
circuit_1203.jpg,244,546,0,3,-0.0331,0.9419,0.5355,0,27.0
circuit_1203.jpg,282,550,0,3,-0.3669,0.5934,0.5355,0,27.0
circuit_1203.jpg,299,550,0,3,-0.6983,0.434,0.5355,0,27.0
circuit_1203.jpg,326,547,0,2,-0.2444,0.6866,0.5355,0,27.0
circuit_1203.jpg,455,550,0,3,-0.2063,0.7219,0.5355,0,27.0
circuit_1203.jpg,466,548,0,3,-0.48,0.5273,0.5355,0,27.0
circuit_1203.jpg,498,555,0,3,-0.5399,0.498,0.5355,0,27.0
circuit_1203.jpg,855,584,0,2,-0.1136,0.825,0.5355,0,27.0
circuit_1203.jpg,435,586,0,2,-0.1818,0.7465,0.5355,0,27.0
circuit_1203.jpg,221,649,0,2,-0.5122,0.5111,0.5355,0,27.0
circuit_1203.jpg,854,647,0,2,-0.5294,0.5029,0.5355,0,27.0
circuit_1203.jpg,788,649,0,2,-0.5669,0.4858,0.1388,0,27.0
circuit_1203.jpg,432,652,0,3,-0.0522,0.9112,0.5355,0,27.0
circuit_1203.jpg,641,655,0,3,-0.2407,0.6899,0.5355,0,27.0
circuit_1204.jpg,198,330,1,2,-0.1903,0.6804,0.4051,0,22.0
circuit_1204.jpg,589,350,1,2,-0.2637,0.6057,0.4051,0,22.0
circuit_1204.jpg,203,409,1,3,-0.0621,0.8672,0.4051,0,22.0
circuit_1204.jpg,467,410,1,3,-0.1723,0.7016,0.4051,0,22.0
circuit_1204.jpg,540,412,1,2,-0.4441,0.477,0.4051,0,22.0
circuit_1204.jpg,552,413,1,2,-0.5395,0.4288,0.4051,0,22.0
circuit_1204.jpg,594,415,1,3,-0.2578,0.6111,0.4051,0,22.0
circuit_1204.jpg,610,417,1,2,-0.534,0.4314,0.4051,0,22.0
circuit_1204.jpg,770,423,1,2,-0.187,0.6841,0.4051,0,22.0
circuit_1204.jpg,214,548,1,2,-0.1873,0.6838,0.4051,0,22.0
circuit_1204.jpg,216,586,1,2,0.0139,1.0356,0.4051,0,22.0
circuit_1204.jpg,477,590,1,3,0.2131,2.1096,0.4051,0,22.0
circuit_1205.jpg,398,380,0,3,-0.3095,0.0817,0.0275,0,1.0
circuit_1205.jpg,362,381,0,2,-0.4382,0.0591,0.0275,0,1.0
circuit_1205.jpg,139,387,0,2,-0.5976,0.0441,0.0275,0,1.0
circuit_1205.jpg,177,614,1,2,-0.815,0.0327,0.0275,0,1.0
circuit_1205.jpg,420,617,1,3,-0.3685,0.0695,0.0275,0,1.0
circuit_1205.jpg,456,616,1,3,-0.534,0.049,0.0275,0,1.0
circuit_1205.jpg,706,617,1,2,-0.5037,0.0519,0.0275,0,1.0
circuit_1205.jpg,252,628,1,2,-0.4457,0.0582,0.0275,0,1.0
circuit_1205.jpg,181,631,1,1,-0.5313,0.0493,0.0275,0,1.0
circuit_1209.jpg,62,45,1,2,-0.7483,0.0617,0.0492,0,2.0
circuit_1209.jpg,257,56,1,3,-0.5064,0.0886,0.0492,0,2.0
circuit_1209.jpg,415,61,1,3,-0.3353,0.128,0.0492,0,2.0
circuit_1209.jpg,52,64,1,1,-0.6577,0.0696,0.0492,0,2.0
circuit_1209.jpg,628,70,1,3,-0.2772,0.1508,0.0492,0,2.0
circuit_1209.jpg,790,90,1,2,-0.5242,0.0859,0.0492,0,2.0
circuit_1209.jpg,261,94,1,2,-0.378,0.1152,0.0492,0,2.0
circuit_1209.jpg,794,110,1,2,-0.3001,0.1409,0.0492,0,2.0
circuit_1209.jpg,422,110,1,2,-0.6437,0.071,0.0492,0,2.0
circuit_1209.jpg,798,129,1,2,-0.4525,0.0981,0.0492,0,2.0
circuit_1209.jpg,425,128,1,2,-0.4332,0.102,0.0492,0,2.0
circuit_1209.jpg,632,138,1,2,-0.4872,0.0918,0.0492,0,2.0
circuit_1209.jpg,268,152,1,2,-0.3118,0.1364,0.0492,0,2.0
circuit_1209.jpg,56,162,1,2,-0.42,0.1049,0.0492,0,2.0
circuit_1209.jpg,270,164,1,2,-0.2891,0.1455,0.0492,0,2.0
circuit_1209.jpg,430,164,1,2,-0.5274,0.0854,0.0492,0,2.0
circuit_1209.jpg,434,182,1,1,-0.4103,0.1071,0.0492,0,2.0
circuit_1209.jpg,54,211,1,3,-0.2721,0.1532,0.0492,0,2.0
circuit_1209.jpg,437,210,1,2,-0.478,0.0934,0.0492,0,2.0
circuit_1209.jpg,278,228,1,4,-0.223,0.1808,0.0492,0,2.0
circuit_1209.jpg,392,235,1,2,-0.5317,0.0847,0.0492,0,2.0
circuit_1209.jpg,704,248,1,2,-0.6068,0.075,0.0492,0,2.0
circuit_1209.jpg,772,255,1,2,-0.5969,0.0762,0.0492,0,2.0
circuit_1209.jpg,794,258,1,3,-0.395,0.1108,0.0492,0,2.0
circuit_1209.jpg,470,261,1,2,-0.4638,0.096,0.0492,0,2.0
circuit_1209.jpg,448,268,1,2,-0.5969,0.0762,0.0492,0,2.0
circuit_1209.jpg,798,314,1,1,-0.4431,0.1,0.0492,0,2.0
circuit_1209.jpg,451,376,1,2,-0.4297,0.1028,0.0492,0,2.0
circuit_1209.jpg,454,395,1,2,-0.5524,0.0818,0.0492,0,2.0
circuit_1209.jpg,457,405,1,2,-0.4367,0.1013,0.0492,0,2.0
circuit_1209.jpg,284,421,1,3,-0.3133,0.1358,0.0492,0,2.0
circuit_1209.jpg,496,428,1,3,-0.3415,0.126,0.0492,0,2.0
circuit_1209.jpg,796,432,1,3,-0.3372,0.1274,0.0492,0,2.0
circuit_1209.jpg,648,439,1,3,-0.5472,0.0825,0.0492,0,2.0
circuit_1209.jpg,470,456,1,2,-0.3612,0.12,0.0492,0,2.0
circuit_1209.jpg,471,576,1,2,-0.3286,0.1303,0.0492,0,2.0
circuit_1209.jpg,281,598,0,3,-0.3687,0.1178,0.0492,0,2.0
circuit_1209.jpg,388,600,0,2,-0.7594,0.0609,0.0492,0,2.0
circuit_1209.jpg,412,601,0,2,-0.6978,0.0659,0.0492,0,2.0
circuit_1209.jpg,436,602,0,2,-0.6978,0.0659,0.0492,0,2.0
circuit_1209.jpg,505,604,1,3,-0.7434,0.0621,0.0492,0,2.0
circuit_1209.jpg,679,607,1,2,-0.5843,0.0777,0.0492,0,2.0
circuit_1209.jpg,795,610,1,3,-0.34,0.1265,0.0492,0,2.0
circuit_1209.jpg,655,615,1,3,-0.512,0.0877,0.0492,0,2.0
circuit_1209.jpg,454,635,1,2,-0.6227,0.0733,0.0492,0,2.0
circuit_1209.jpg,285,674,0,2,-0.7785,0.0595,0.0492,0,2.0
circuit_1209.jpg,659,736,0,2,-0.7268,0.0634,0.0492,0,2.0
circuit_1209.jpg,677,740,0,3,-0.7075,0.0651,0.0492,0,2.0
circuit_1209.jpg,740,739,0,2,-0.9354,0.05,0.0492,0,2.0
circuit_1209.jpg,658,746,0,3,-0.4296,0.1028,0.0492,0,2.0
circuit_1209.jpg,465,793,0,3,-0.2792,0.1499,0.0492,0,2.0
circuit_1209.jpg,782,808,0,3,-0.4202,0.1049,0.0492,0,2.0
circuit_1209.jpg,653,826,0,2,-0.543,0.0831,0.0492,0,2.0
circuit_1209.jpg,50,863,0,2,-0.4282,0.1031,0.0492,0,2.0
circuit_1209.jpg,291,888,0,3,-0.4771,0.0935,0.0492,0,2.0
circuit_1209.jpg,364,896,0,2,-0.6006,0.0758,0.0492,0,2.0
circuit_1209.jpg,384,898,0,2,-0.8393,0.0554,0.0492,0,2.0
circuit_1209.jpg,658,904,0,2,-0.3756,0.1159,0.0492,0,2.0
circuit_1209.jpg,440,906,0,2,-0.7172,0.0642,0.0492,0,2.0
circuit_1209.jpg,467,912,0,4,-0.2417,0.1692,0.0492,0,2.0
circuit_1209.jpg,496,916,0,2,-0.544,0.083,0.0492,0,2.0
circuit_1209.jpg,566,924,0,2,-0.4095,0.1073,0.0492,0,2.0
circuit_1209.jpg,588,926,0,2,-0.6557,0.0698,0.0492,0,2.0
circuit_1209.jpg,600,929,0,2,-1.1358,0.0415,0.0492,0,2.0
circuit_1209.jpg,659,933,0,3,-0.4213,0.1046,0.0492,0,2.0
circuit_1209.jpg,770,945,0,2,-0.3156,0.1349,0.0492,0,2.0
circuit_1233.jpg,456,253,1,3,-0.1797,0.4683,0.1582,0,6.5
circuit_1233.jpg,82,260,0,2,-0.3203,0.3307,0.1582,0,6.5
circuit_1233.jpg,233,262,0,3,-0.1613,0.4952,0.1582,0,6.5
circuit_1233.jpg,300,335,0,2,-0.3304,0.3238,0.1582,0,6.5
circuit_1233.jpg,79,344,0,2,-0.7956,0.1659,0.1582,0,6.5
circuit_1233.jpg,458,402,0,4,0.0406,1.3454,0.1582,0,6.5
circuit_1233.jpg,700,400,0,2,-0.6406,0.1981,0.1582,0,6.5
circuit_1233.jpg,256,403,0,2,-0.8653,0.1546,0.1582,0,6.5
circuit_1233.jpg,286,404,0,2,-0.649,0.196,0.1582,0,6.5
circuit_1233.jpg,882,474,0,2,-1.3085,0.1079,0.1582,0,6.5
circuit_1233.jpg,79,484,0,3,-0.015,0.9132,0.1582,0,6.5
circuit_1233.jpg,166,481,0,3,-0.0676,0.7007,0.1582,0,6.5
circuit_1233.jpg,73,520,0,2,-0.3596,0.3056,0.1582,0,6.5
circuit_1233.jpg,476,529,0,3,-0.2756,0.3647,0.1582,0,6.5
circuit_1233.jpg,696,529,0,3,-0.1797,0.4683,0.1582,0,6.5
circuit_1233.jpg,188,535,0,2,-0.7653,0.1713,0.1582,0,6.5
circuit_1233.jpg,200,533,0,2,-0.8443,0.1578,0.1582,0,6.5
circuit_1233.jpg,302,535,0,3,-0.0438,0.7831,0.1582,0,6.5
circuit_1233.jpg,793,544,0,2,-0.5683,0.2178,0.1582,0,6.5
circuit_1233.jpg,915,585,0,2,-1.0296,0.1332,0.1582,0,6.5
circuit_1233.jpg,973,600,0,4,-0.2481,0.3895,0.1582,0,6.5
circuit_1233.jpg,992,597,0,3,-0.2958,0.3485,0.1582,0,6.5
circuit_1233.jpg,964,615,0,3,-0.2245,0.4134,0.1582,0,6.5
circuit_1233.jpg,990,621,0,5,-0.4474,0.2613,0.1582,0,6.5
circuit_1233.jpg,303,620,0,2,-0.5981,0.2092,0.1582,0,6.5
circuit_1233.jpg,972,628,0,3,-0.6552,0.1945,0.1582,0,6.5
circuit_1233.jpg,794,634,0,2,-0.328,0.3254,0.1582,0,6.5
circuit_1233.jpg,71,638,0,2,-0.1935,0.4498,0.1582,0,6.5
circuit_1233.jpg,970,646,0,2,0.1582,6500000.0,0.1582,0,6.5
circuit_1233.jpg,984,643,0,3,-0.5782,0.2149,0.1582,0,6.5
circuit_1233.jpg,70,685,0,2,-0.7899,0.1669,0.1582,0,6.5
circuit_1233.jpg,863,687,0,3,-0.1634,0.492,0.1582,0,6.5
circuit_1233.jpg,190,688,0,3,-0.2287,0.4089,0.1582,0,6.5
circuit_1233.jpg,352,690,0,3,-0.6997,0.1844,0.1582,0,6.5
circuit_1233.jpg,480,689,0,3,-0.0052,0.9684,0.1582,0,6.5
circuit_1233.jpg,693,693,0,3,-0.3579,0.3066,0.1582,0,6.5
circuit_1233.jpg,966,692,0,2,-0.1593,0.4984,0.1582,0,6.5
circuit_1239.jpg,400,360,0,3,-1.061,0.208,0.2786,0,15.0
circuit_1239.jpg,623,394,0,2,-0.2727,0.5054,0.2786,0,15.0
circuit_1239.jpg,215,502,0,3,-0.2353,0.5422,0.2786,0,15.0
circuit_1239.jpg,407,502,0,4,-0.3118,0.4719,0.2786,0,15.0
circuit_1239.jpg,622,510,0,3,-0.6946,0.2863,0.2786,0,15.0
circuit_1239.jpg,219,657,0,2,-0.7513,0.2705,0.2786,0,15.0
circuit_1239.jpg,416,655,0,4,-0.2146,0.5649,0.2786,0,15.0
circuit_1239.jpg,624,656,0,2,-0.2738,0.5044,0.2786,0,15.0
circuit_1241.jpg,330,149,1,2,-0.8278,0.0777,0.0698,0,3.0
circuit_1241.jpg,426,154,1,2,-0.7324,0.087,0.0698,0,3.0
circuit_1241.jpg,502,154,1,3,-0.4639,0.1307,0.0698,0,3.0
circuit_1241.jpg,658,270,0,2,-0.3707,0.1584,0.0698,0,3.0
circuit_1241.jpg,694,272,0,2,-0.7441,0.0857,0.0698,0,3.0
circuit_1241.jpg,722,274,0,2,-0.6197,0.1012,0.0698,0,3.0
circuit_1241.jpg,112,286,1,3,-0.5093,0.1205,0.0698,0,3.0
circuit_1241.jpg,208,293,1,3,-0.5773,0.1078,0.0698,0,3.0
circuit_1241.jpg,215,398,1,2,-0.3097,0.1838,0.0698,0,3.0
circuit_1241.jpg,248,398,1,2,-0.6592,0.0957,0.0698,0,3.0
circuit_1241.jpg,478,401,1,4,-0.4898,0.1247,0.0698,0,3.0
circuit_1241.jpg,772,406,0,4,-0.578,0.1077,0.0698,0,3.0
circuit_1241.jpg,590,408,0,2,-0.9479,0.0685,0.0698,0,3.0
circuit_1241.jpg,615,411,0,2,-0.7828,0.0818,0.0698,0,3.0
circuit_1241.jpg,586,425,0,4,-1.1153,0.0589,0.0698,0,3.0
circuit_1241.jpg,608,428,0,4,-0.2782,0.2005,0.0698,0,3.0
circuit_1241.jpg,542,432,0,3,-0.5444,0.1136,0.0698,0,3.0
circuit_1241.jpg,565,430,0,3,-0.5115,0.12,0.0698,0,3.0
circuit_1241.jpg,116,436,1,3,-0.4699,0.1293,0.0698,0,3.0
circuit_1241.jpg,150,504,1,2,-0.6037,0.1036,0.0698,0,3.0
circuit_1241.jpg,776,513,0,2,-0.4037,0.1473,0.0698,0,3.0
circuit_1241.jpg,834,517,0,2,-0.6627,0.0952,0.0698,0,3.0
circuit_1241.jpg,605,529,1,2,-0.7039,0.0902,0.0698,0,3.0
circuit_1241.jpg,982,534,0,2,-0.6171,0.1016,0.0698,0,3.0
circuit_1241.jpg,607,544,1,2,-0.7197,0.0884,0.0698,0,3.0
circuit_1241.jpg,989,572,0,2,-0.579,0.1075,0.0698,0,3.0
circuit_1241.jpg,992,592,0,2,-0.6838,0.0926,0.0698,0,3.0
circuit_1241.jpg,728,614,0,2,-0.7545,0.0846,0.0698,0,3.0
circuit_1241.jpg,773,617,0,2,-0.3576,0.1632,0.0698,0,3.0
circuit_1241.jpg,990,618,0,2,-0.7515,0.0849,0.0698,0,3.0
circuit_1241.jpg,889,621,0,2,-0.7118,0.0893,0.0698,0,3.0
circuit_1241.jpg,956,622,0,3,-0.7007,0.0905,0.0698,0,3.0
circuit_1241.jpg,612,630,1,2,-0.6713,0.0941,0.0698,0,3.0
circuit_1241.jpg,476,638,1,2,-1.1076,0.0592,0.0698,0,3.0
circuit_1241.jpg,956,638,0,2,-1.4335,0.0464,0.0698,0,3.0
circuit_1241.jpg,202,646,1,2,-0.5874,0.1062,0.0698,0,3.0
circuit_1241.jpg,200,664,1,2,-0.6101,0.1026,0.0698,0,3.0
circuit_1241.jpg,774,684,0,3,-0.1838,0.2751,0.0698,0,3.0
circuit_1241.jpg,482,720,1,2,-0.3647,0.1606,0.0698,0,3.0
circuit_1241.jpg,486,746,1,3,-0.0797,0.4667,0.0698,0,3.0
circuit_1241.jpg,726,771,0,2,-0.8429,0.0764,0.0698,0,3.0
circuit_1241.jpg,529,824,1,2,-0.6907,0.0917,0.0698,0,3.0
circuit_1241.jpg,881,841,0,2,-0.5433,0.1138,0.0698,0,3.0
circuit_1241.jpg,128,907,1,2,-0.3504,0.166,0.0698,0,3.0
circuit_1241.jpg,176,910,1,3,-0.2709,0.2047,0.0698,0,3.0
circuit_1241.jpg,488,917,1,3,-0.8952,0.0723,0.0698,0,3.0
circuit_1241.jpg,600,920,1,3,-0.7179,0.0886,0.0698,0,3.0
circuit_1241.jpg,731,925,1,3,-0.3494,0.1664,0.0698,0,3.0
circuit_1243.jpg,201,208,0,2,-0.6176,0.0964,0.0659,0,3.0
circuit_1243.jpg,411,207,0,2,-0.6095,0.0976,0.0659,0,3.0
circuit_1243.jpg,580,222,0,2,-0.5471,0.1075,0.0659,0,3.0
circuit_1243.jpg,113,275,0,1,-0.5249,0.1115,0.0659,0,3.0
circuit_1243.jpg,197,278,0,3,-0.5245,0.1116,0.0659,0,3.0
circuit_1243.jpg,412,298,0,3,-0.2077,0.2408,0.0659,0,3.0
circuit_1243.jpg,582,300,0,2,-1.463,0.0431,0.0659,0,3.0
circuit_1243.jpg,746,307,0,3,-0.7786,0.078,0.0659,0,3.0
circuit_1243.jpg,220,313,0,2,-0.3311,0.166,0.0659,0,3.0
circuit_1243.jpg,588,326,0,1,-0.6589,0.0909,0.0659,0,3.0
circuit_1243.jpg,563,328,0,2,-0.8338,0.0732,0.0659,0,3.0
circuit_1243.jpg,556,418,0,2,-0.5749,0.1028,0.0659,0,3.0
circuit_1243.jpg,496,424,0,2,-0.9304,0.0661,0.0659,0,3.0
circuit_1243.jpg,486,442,0,2,-0.6268,0.0951,0.0659,0,3.0
circuit_1243.jpg,611,446,0,2,-0.4004,0.1413,0.0659,0,3.0
circuit_1243.jpg,482,490,0,2,-0.9149,0.0672,0.0659,0,3.0
circuit_1243.jpg,608,516,0,3,-0.6809,0.0882,0.0659,0,3.0
circuit_1243.jpg,482,520,0,4,-0.4993,0.1166,0.0659,0,3.0
circuit_1243.jpg,398,520,0,3,-0.6631,0.0904,0.0659,0,3.0
circuit_1243.jpg,859,522,0,2,-0.4347,0.1316,0.0659,0,3.0
circuit_1243.jpg,179,528,0,2,-0.6882,0.0874,0.0659,0,3.0
circuit_1243.jpg,751,528,0,3,-0.5776,0.1024,0.0659,0,3.0
circuit_1243.jpg,616,553,0,2,-0.5695,0.1037,0.0659,0,3.0
circuit_1243.jpg,397,590,0,2,-0.3091,0.1757,0.0659,0,3.0
circuit_1243.jpg,94,595,1,2,-0.438,0.1308,0.0659,0,3.0
circuit_1243.jpg,173,595,1,3,-0.2662,0.1984,0.0659,0,3.0
circuit_1243.jpg,92,603,1,2,-0.8204,0.0743,0.0659,0,3.0
circuit_1243.jpg,390,604,0,2,-0.4291,0.1331,0.0659,0,3.0
circuit_1243.jpg,200,631,0,2,-0.5839,0.1014,0.0659,0,3.0
circuit_1243.jpg,766,658,0,2,-1.0059,0.0615,0.0659,0,3.0
circuit_1243.jpg,598,675,0,2,-0.8899,0.0689,0.0659,0,3.0
circuit_1243.jpg,765,696,0,2,-0.9925,0.0623,0.0659,0,3.0
circuit_1243.jpg,856,743,0,2,-0.677,0.0887,0.0659,0,3.0
circuit_1243.jpg,594,744,0,3,-0.4529,0.127,0.0659,0,3.0
circuit_1243.jpg,490,747,0,2,-1.1682,0.0534,0.0659,0,3.0
circuit_1243.jpg,763,752,0,3,-0.3352,0.1643,0.0659,0,3.0
circuit_1243.jpg,592,790,0,2,-0.7333,0.0824,0.0659,0,3.0
circuit_1244.jpg,161,95,0,2,-0.8714,0.0512,0.047,0,2.0
circuit_1244.jpg,523,113,0,2,-0.8207,0.0542,0.047,0,2.0
circuit_1244.jpg,564,115,0,2,-0.8905,0.0501,0.047,0,2.0
circuit_1244.jpg,694,123,0,2,-0.632,0.0692,0.047,0,2.0
circuit_1244.jpg,162,166,1,4,-0.4856,0.0882,0.047,0,2.0
circuit_1244.jpg,149,166,1,3,-0.5821,0.0747,0.047,0,2.0
circuit_1244.jpg,114,167,1,2,-0.3644,0.1142,0.047,0,2.0
circuit_1244.jpg,518,199,0,3,-0.4329,0.0979,0.047,0,2.0
circuit_1244.jpg,352,204,0,3,-0.4094,0.103,0.047,0,2.0
circuit_1244.jpg,201,212,0,2,-0.4722,0.0905,0.047,0,2.0
circuit_1244.jpg,692,225,0,3,-0.6601,0.0665,0.047,0,2.0
circuit_1244.jpg,999,239,0,2,-0.8621,0.0517,0.047,0,2.0
circuit_1244.jpg,519,250,1,2,-1.1709,0.0386,0.047,0,2.0
circuit_1244.jpg,532,249,1,2,-0.894,0.0499,0.047,0,2.0
circuit_1244.jpg,520,278,1,2,-0.5134,0.0839,0.047,0,2.0
circuit_1244.jpg,762,363,0,2,-0.3632,0.1146,0.047,0,2.0
circuit_1244.jpg,522,368,1,2,-1.1095,0.0406,0.047,0,2.0
circuit_1244.jpg,435,374,1,2,-0.2948,0.1375,0.047,0,2.0
circuit_1244.jpg,611,426,0,2,-0.3759,0.1111,0.047,0,2.0
circuit_1244.jpg,200,439,0,2,-0.5647,0.0768,0.047,0,2.0
circuit_1244.jpg,185,442,0,2,-0.6673,0.0658,0.047,0,2.0
circuit_1244.jpg,386,446,1,3,-0.5368,0.0805,0.047,0,2.0
circuit_1244.jpg,434,446,1,4,-0.8021,0.0553,0.047,0,2.0
circuit_1244.jpg,612,450,0,3,-0.6298,0.0694,0.047,0,2.0
circuit_1244.jpg,754,470,0,3,-0.3831,0.1093,0.047,0,2.0
circuit_1244.jpg,988,478,0,3,-0.4685,0.0912,0.047,0,2.0
circuit_1244.jpg,186,542,0,2,-0.4895,0.0876,0.047,0,2.0
circuit_1244.jpg,186,578,0,3,-0.9839,0.0456,0.047,0,2.0
circuit_1244.jpg,112,581,0,2,-0.7145,0.0617,0.047,0,2.0
circuit_1244.jpg,386,606,1,2,-0.4621,0.0923,0.047,0,2.0
circuit_1244.jpg,608,708,0,2,-0.4521,0.0942,0.047,0,2.0
circuit_1244.jpg,992,738,0,2,-0.4592,0.0928,0.047,0,2.0
circuit_1244.jpg,938,780,0,2,-1.1022,0.0409,0.047,0,2.0
circuit_1244.jpg,994,779,0,2,-0.6733,0.0652,0.047,0,2.0
circuit_1244.jpg,834,782,0,3,-0.1911,0.1974,0.047,0,2.0
circuit_1244.jpg,604,822,0,3,-0.9821,0.0457,0.047,0,2.0
circuit_1244.jpg,442,832,0,2,-0.025,0.6526,0.047,0,2.0
circuit_1244.jpg,835,836,0,2,-0.4851,0.0883,0.047,0,2.0
circuit_125.jpg,178,396,0,2,-0.6873,0.0739,0.0548,0,2.0
circuit_125.jpg,380,396,1,3,-0.5209,0.0952,0.0548,0,2.0
circuit_125.jpg,574,398,1,3,-0.5509,0.0905,0.0548,0,2.0
circuit_125.jpg,774,402,1,2,-0.2841,0.1618,0.0548,0,2.0
circuit_125.jpg,393,590,1,2,-0.4605,0.1064,0.0548,0,2.0
circuit_125.jpg,195,596,1,2,-0.7114,0.0716,0.0548,0,2.0
circuit_125.jpg,484,638,1,3,-0.5247,0.0946,0.0548,0,2.0
circuit_125.jpg,789,637,1,3,-0.8193,0.0627,0.0548,0,2.0
circuit_125.jpg,398,640,1,3,-0.3901,0.1232,0.0548,0,2.0
circuit_125.jpg,584,641,1,3,-0.4524,0.1081,0.0548,0,2.0
circuit_125.jpg,204,644,1,2,-0.5912,0.0849,0.0548,0,2.0
circuit_1252.jpg,650,193,0,2,-0.8036,0.179,0.1752,0,8.0
circuit_1252.jpg,780,194,0,2,-1.1569,0.1315,-0.0438,0,8.0
circuit_1252.jpg,338,196,1,2,-0.9721,0.1527,0.1752,0,8.0
circuit_1252.jpg,428,195,1,2,-0.8211,0.1758,0.1752,0,8.0
circuit_1252.jpg,496,195,1,3,-0.9172,0.1604,0.1752,0,8.0
circuit_1252.jpg,208,197,1,2,-0.3285,0.3478,0.1752,0,8.0
circuit_1252.jpg,370,197,1,2,-0.9197,0.16,0.0438,0,8.0
circuit_1252.jpg,844,198,0,2,-1.1178,0.1355,0.1752,0,8.0
circuit_1252.jpg,207,210,1,1,-0.5243,0.2504,0.1752,0,8.0
circuit_1252.jpg,109,321,1,2,-0.3665,0.3234,0.1752,0,8.0
circuit_1252.jpg,200,322,1,3,-0.3097,0.3613,0.1752,0,8.0
circuit_1252.jpg,857,396,1,2,-0.3164,0.3563,0.1752,0,8.0
circuit_1252.jpg,712,432,1,3,-0.2728,0.3911,0.1752,0,8.0
circuit_1252.jpg,726,448,1,3,-0.5988,0.2263,0.1752,0,8.0
circuit_1252.jpg,212,455,1,3,-0.2086,0.4564,0.1752,0,8.0
circuit_1252.jpg,702,453,1,3,-0.9313,0.1583,0.1752,0,8.0
circuit_1252.jpg,858,458,1,4,-0.3425,0.3384,0.1752,0,8.0
circuit_1252.jpg,402,459,0,4,0.0327,1.2295,0.1752,0,8.0
circuit_1252.jpg,706,469,1,3,-0.5224,0.2511,0.1752,0,8.0
circuit_1252.jpg,707,524,1,2,-0.756,0.1881,0.1752,0,8.0
circuit_1252.jpg,148,538,0,2,-0.7172,0.1963,0.1752,0,8.0
circuit_1252.jpg,211,596,1,2,-0.6262,0.2186,0.1752,0,8.0
circuit_1252.jpg,460,603,0,2,-0.9191,0.1601,0.1752,0,8.0
circuit_1252.jpg,44,639,1,3,-0.0359,0.8299,0.1752,0,8.0
circuit_1252.jpg,628,652,0,3,-0.1039,0.6276,0.1752,0,8.0
circuit_1252.jpg,625,664,0,2,-0.427,0.2909,0.1752,0,8.0
circuit_1252.jpg,620,678,0,3,-0.6341,0.2165,0.1752,0,8.0
circuit_1252.jpg,608,683,0,2,-0.5331,0.2473,0.1752,0,8.0
circuit_1252.jpg,415,702,1,3,-0.086,0.6707,0.1752,0,8.0
circuit_1252.jpg,530,756,1,3,-0.6305,0.2174,0.1752,0,8.0
circuit_1252.jpg,464,758,1,2,-0.2866,0.3793,0.1752,0,8.0
circuit_1252.jpg,539,757,1,2,-0.3273,0.3486,0.1752,0,8.0
circuit_1252.jpg,465,776,1,2,-0.5597,0.2384,0.1752,0,8.0
circuit_1252.jpg,791,776,0,2,-0.5545,0.2401,0.1752,0,8.0
circuit_1252.jpg,540,777,1,2,-0.6829,0.2041,0.1752,0,8.0
circuit_1252.jpg,411,826,1,3,-0.1049,0.6256,0.1752,0,8.0
circuit_1252.jpg,508,825,1,2,-0.7457,0.1902,0.1752,0,8.0
circuit_1252.jpg,528,826,1,3,-0.1735,0.5024,0.1752,0,8.0
circuit_1252.jpg,151,829,1,3,-0.1029,0.6298,0.1752,0,8.0
circuit_1252.jpg,212,828,1,3,-0.1702,0.5072,0.1752,0,8.0
circuit_1252.jpg,182,829,1,2,-1.0432,0.1438,0.1752,0,8.0
circuit_1252.jpg,612,831,1,3,-0.2601,0.4025,0.1752,0,8.0
circuit_1252.jpg,106,832,1,2,-0.5146,0.254,0.1752,0,8.0
circuit_1252.jpg,59,835,1,2,-0.8722,0.1672,0.1752,0,8.0
circuit_1252.jpg,847,837,1,3,-0.0848,0.6739,0.1752,0,8.0
circuit_1256.jpg,615,136,1,2,-1.0109,0.0444,0.0469,0,2.0
circuit_1256.jpg,326,139,1,3,-0.5893,0.0738,0.0469,0,2.0
circuit_1256.jpg,472,139,1,3,-0.5807,0.0748,0.0469,0,2.0
circuit_1256.jpg,178,142,1,2,-0.6855,0.0641,0.0469,0,2.0
circuit_1256.jpg,467,172,1,2,-0.4193,0.1007,0.0469,0,2.0
circuit_1256.jpg,731,285,1,3,-0.954,0.0469,0.0469,0,2.0
circuit_1256.jpg,646,288,1,2,-0.8919,0.05,0.0235,0,2.0
circuit_1256.jpg,812,287,1,2,-0.9482,0.0472,-0.4694,0,2.0
circuit_1256.jpg,262,290,1,2,-0.7349,0.06,0.0469,0,2.0
circuit_1256.jpg,492,290,1,2,-0.7555,0.0585,0.0469,0,2.0
circuit_1256.jpg,880,290,1,2,-0.3965,0.1058,0.0469,0,2.0
circuit_1256.jpg,240,292,1,2,-1.0092,0.0444,0.0469,0,2.0
circuit_1256.jpg,608,306,1,2,-0.4729,0.0903,0.0469,0,2.0
circuit_1256.jpg,460,410,1,4,-0.3592,0.1156,0.0469,0,2.0
circuit_1256.jpg,303,414,1,4,-0.2454,0.1606,0.0469,0,2.0
circuit_1256.jpg,606,414,1,4,-0.2367,0.1655,0.0469,0,2.0
circuit_1256.jpg,731,417,1,4,-0.3577,0.116,0.0469,0,2.0
circuit_1256.jpg,856,425,1,3,-0.5334,0.0809,0.0469,0,2.0
circuit_1256.jpg,598,551,1,3,-0.8875,0.0502,0.0469,0,2.0
circuit_1256.jpg,456,555,1,4,-0.2254,0.1724,0.0469,0,2.0
circuit_1256.jpg,835,554,1,2,-1.2122,0.0373,0.0469,0,2.0
circuit_1256.jpg,306,556,1,2,-0.7345,0.0601,0.0469,0,2.0
circuit_1256.jpg,854,556,1,3,-0.1447,0.2449,0.0469,0,2.0
circuit_1256.jpg,721,581,1,2,-0.7569,0.0584,0.0469,0,2.0
circuit_1256.jpg,851,713,1,2,-0.7681,0.0576,0.0469,0,2.0
circuit_1256.jpg,672,722,1,2,-1.1202,0.0402,0.0469,0,2.0
circuit_1256.jpg,734,722,1,4,-0.5185,0.083,0.0469,0,2.0
circuit_1256.jpg,600,724,1,3,-0.3324,0.1237,0.0469,0,2.0
circuit_1256.jpg,462,725,1,3,-0.3883,0.1079,0.0469,0,2.0
circuit_1256.jpg,733,752,1,1,-0.484,0.0884,0.0469,0,2.0
circuit_1256.jpg,461,870,1,2,-0.6267,0.0697,0.0469,0,2.0
circuit_1256.jpg,850,873,1,2,-0.4035,0.1042,0.0469,0,2.0
circuit_1256.jpg,474,873,1,2,-0.6337,0.069,0.0469,0,2.0
circuit_1256.jpg,728,873,1,3,-0.624,0.07,0.0469,0,2.0
circuit_1256.jpg,764,878,1,2,-0.7276,0.0606,0.0469,0,2.0
circuit_1258.jpg,644,333,1,2,-0.0413,0.8968,0.3593,0,18.0
circuit_1258.jpg,530,342,1,2,-0.6787,0.3462,0.3593,0,18.0
circuit_1258.jpg,542,341,1,2,-0.6623,0.3517,0.3593,0,18.0
circuit_1258.jpg,645,344,1,2,-0.3473,0.5085,0.3593,0,18.0
circuit_1258.jpg,506,346,1,3,-0.1687,0.6805,0.3593,0,18.0
circuit_1258.jpg,442,356,1,2,-0.2539,0.5859,0.3593,0,18.0
circuit_1258.jpg,300,363,0,2,-0.4176,0.4625,0.3593,0,18.0
circuit_1258.jpg,289,365,0,3,-0.2216,0.6185,0.3593,0,18.0
circuit_1258.jpg,146,378,0,2,-0.0732,0.8308,0.3593,0,18.0
circuit_1258.jpg,515,454,0,1,-0.1637,0.687,0.3593,0,18.0
circuit_1258.jpg,519,492,0,2,-0.1131,0.7606,0.3593,0,18.0
circuit_1258.jpg,318,494,0,1,-0.0353,0.9106,0.3593,0,18.0
circuit_1258.jpg,522,510,0,2,-0.0006,0.9982,0.3593,0,18.0
circuit_1258.jpg,320,512,0,2,-0.1833,0.6622,0.3593,0,18.0
circuit_1258.jpg,152,513,0,1,-0.3175,0.5309,0.3593,0,18.0
circuit_1258.jpg,610,519,1,3,-0.0561,0.8649,0.3593,0,18.0
circuit_1258.jpg,520,528,1,3,-0.2916,0.552,0.3593,0,18.0
circuit_1258.jpg,321,535,0,3,-0.2353,0.6043,0.3593,0,18.0
circuit_1258.jpg,302,539,0,2,-0.1379,0.7226,0.3593,0,18.0
circuit_1258.jpg,276,542,0,2,-0.2295,0.6102,0.3593,0,18.0
circuit_1258.jpg,161,548,0,2,-0.1072,0.7701,0.3593,0,18.0
circuit_1262.jpg,574,380,0,3,-0.3187,0.0803,0.0278,0,1.0
circuit_1262.jpg,866,383,1,2,-0.3395,0.0758,0.0278,0,1.0
circuit_1262.jpg,868,412,1,2,-1.0353,0.0262,0.0278,0,1.0
circuit_1262.jpg,579,434,0,2,-0.6996,0.0383,0.0278,0,1.0
circuit_1262.jpg,580,444,0,2,-0.6495,0.0411,0.0278,0,1.0
circuit_1262.jpg,548,553,0,1,-0.7352,0.0365,0.0278,0,1.0
circuit_1262.jpg,566,553,0,2,-0.956,0.0283,0.0278,0,1.0
circuit_1262.jpg,589,555,0,2,-0.6651,0.0402,0.0278,0,1.0
circuit_1262.jpg,594,588,0,2,-0.8698,0.031,0.0278,0,1.0
circuit_1262.jpg,597,602,0,2,-0.708,0.0378,0.0278,0,1.0
circuit_1262.jpg,602,655,1,2,-0.4982,0.0529,0.0278,0,1.0
circuit_1262.jpg,882,652,1,3,-0.2683,0.094,0.0278,0,1.0
circuit_1262.jpg,218,659,1,2,-0.6649,0.0402,0.0278,0,1.0
circuit_1262.jpg,346,661,1,2,-1.0746,0.0252,0.0278,0,1.0
circuit_1262.jpg,496,662,1,2,-0.6328,0.0421,0.0278,0,1.0
circuit_1262.jpg,252,663,1,2,-0.9003,0.03,0.0278,0,1.0
circuit_1268.jpg,619,238,1,3,-0.3293,0.0712,0.0252,0,1.0
circuit_1268.jpg,429,239,1,3,-0.4539,0.0527,0.0252,0,1.0
circuit_1268.jpg,806,243,1,3,-0.2732,0.0846,0.0252,0,1.0
circuit_1268.jpg,246,245,0,3,-0.4532,0.0528,0.0252,0,1.0
circuit_1268.jpg,38,256,0,2,-0.6059,0.04,0.0252,0,1.0
circuit_1268.jpg,940,255,1,2,-0.2047,0.1098,0.0252,0,1.0
circuit_1268.jpg,245,292,0,2,-0.8159,0.03,0.0252,0,1.0
circuit_1268.jpg,428,292,0,2,-0.7872,0.0311,0.0252,0,1.0
circuit_1268.jpg,641,358,0,2,-0.2284,0.0995,0.0252,0,1.0
circuit_1268.jpg,934,360,1,3,-0.4575,0.0523,0.0252,0,1.0
circuit_1268.jpg,818,366,0,1,-0.5462,0.0442,0.0252,0,1.0
circuit_1268.jpg,239,370,0,2,-0.9375,0.0262,0.0252,0,1.0
circuit_1268.jpg,456,379,0,2,-0.6375,0.0381,0.0252,0,1.0
circuit_1268.jpg,636,374,0,2,-0.5356,0.045,0.0252,0,1.0
circuit_1268.jpg,404,377,0,2,-0.4084,0.0582,0.0252,0,1.0
circuit_1268.jpg,614,377,1,3,-0.4802,0.0499,0.0252,0,1.0
circuit_1268.jpg,372,380,0,2,-0.4516,0.0529,0.0252,0,1.0
circuit_1268.jpg,354,382,0,2,-0.2846,0.0815,0.0252,0,1.0
circuit_1268.jpg,270,390,0,2,-0.3078,0.0758,0.0252,0,1.0
circuit_1268.jpg,196,395,0,2,-0.4867,0.0493,0.0252,0,1.0
circuit_1268.jpg,168,399,0,2,-0.3579,0.0659,0.0252,0,1.0
circuit_1268.jpg,239,402,0,3,-0.6044,0.0401,0.0252,0,1.0
circuit_1268.jpg,122,406,0,2,-0.3684,0.0641,0.0252,0,1.0
circuit_1268.jpg,36,417,0,3,-0.6224,0.039,0.0252,0,1.0
circuit_1268.jpg,800,527,1,3,-0.032,0.4407,0.0252,0,1.0
circuit_1268.jpg,640,529,0,2,-0.2582,0.0891,0.0252,0,1.0
circuit_1268.jpg,613,548,1,3,-0.6275,0.0387,0.0252,0,1.0
circuit_1268.jpg,212,565,0,2,-0.3139,0.0744,0.0252,0,1.0
circuit_1268.jpg,314,563,0,2,-0.5222,0.0461,0.0252,0,1.0
circuit_1268.jpg,880,570,1,1,-0.6707,0.0363,0.0252,0,1.0
circuit_1268.jpg,928,570,1,4,-0.3203,0.0731,0.0252,0,1.0
circuit_1268.jpg,34,573,0,3,-0.1375,0.1551,0.0252,0,1.0
circuit_1268.jpg,29,672,0,2,-0.9035,0.0272,0.0252,0,1.0
circuit_1268.jpg,613,711,1,3,-0.624,0.0389,0.0252,0,1.0
circuit_1268.jpg,922,712,1,3,-0.7099,0.0343,0.0252,0,1.0
circuit_1268.jpg,258,722,0,2,-0.6311,0.0385,0.0252,0,1.0
circuit_1268.jpg,421,714,0,3,-0.1172,0.1772,0.0252,0,1.0
circuit_1268.jpg,210,722,0,2,-0.4206,0.0566,0.0252,0,1.0
circuit_1268.jpg,80,723,0,2,-0.4308,0.0554,0.0252,0,1.0
circuit_1268.jpg,29,727,0,3,-0.6229,0.039,0.0252,0,1.0
circuit_1268.jpg,916,896,1,2,-0.4145,0.0574,0.0252,0,1.0
circuit_1268.jpg,224,906,0,3,-0.3291,0.0713,0.0252,0,1.0
circuit_1272.jpg,454,221,1,3,-0.4242,0.1385,0.0682,0,3.0
circuit_1272.jpg,198,228,1,2,-0.8173,0.077,0.0682,0,3.0
circuit_1272.jpg,284,228,1,3,-0.4427,0.1335,0.0682,0,3.0
circuit_1272.jpg,387,291,0,2,-0.9486,0.0671,0.0682,0,3.0
circuit_1272.jpg,291,333,0,1,-0.119,0.3643,0.0682,0,3.0
circuit_1272.jpg,293,370,1,2,-0.6656,0.0929,0.0682,0,3.0
circuit_1272.jpg,312,408,1,2,-0.665,0.093,0.0682,0,3.0
circuit_1272.jpg,576,407,1,2,-1.1811,0.0546,0.0682,0,3.0
circuit_1272.jpg,322,409,1,2,-0.7434,0.084,0.0682,0,3.0
circuit_1272.jpg,458,412,1,4,-0.5297,0.1141,0.0682,0,3.0
circuit_1272.jpg,235,416,1,2,-0.9465,0.0672,0.0682,0,3.0
circuit_1272.jpg,387,424,0,2,-0.6663,0.0929,0.0682,0,3.0
circuit_1272.jpg,794,470,1,2,-0.7868,0.0798,0.0682,0,3.0
circuit_1272.jpg,238,472,1,2,-0.6676,0.0927,0.0682,0,3.0
circuit_1272.jpg,708,489,0,2,-0.3594,0.1595,0.0682,0,3.0
circuit_1272.jpg,125,548,1,3,-0.5239,0.1152,0.0682,0,3.0
circuit_1272.jpg,238,552,1,3,-0.7146,0.0871,0.0682,0,3.0
circuit_1272.jpg,399,552,0,3,-0.2948,0.1879,0.0682,0,3.0
circuit_1272.jpg,394,574,0,2,-0.7047,0.0882,0.0682,0,3.0
circuit_1272.jpg,379,577,0,2,-0.3532,0.1618,0.0682,0,3.0
circuit_1272.jpg,702,599,0,3,-0.3841,0.1508,0.0682,0,3.0
circuit_1272.jpg,634,601,0,2,-1.2493,0.0518,0.0682,0,3.0
circuit_1272.jpg,465,604,0,3,-1.2856,0.0504,0.0682,0,3.0
circuit_1272.jpg,745,608,1,2,-0.7161,0.087,0.0682,0,3.0
circuit_1272.jpg,378,612,1,3,-0.3685,0.1562,0.0682,0,3.0
circuit_1272.jpg,289,626,1,2,-0.7737,0.081,0.0682,0,3.0
circuit_1272.jpg,890,645,0,1,-0.9709,0.0656,0.0682,0,3.0
circuit_1272.jpg,376,691,1,2,-0.6619,0.0934,0.0682,0,3.0
circuit_1272.jpg,129,694,1,2,-0.3739,0.1542,0.0682,0,3.0
circuit_1272.jpg,747,712,0,1,-0.6202,0.0991,0.0682,0,3.0
circuit_1272.jpg,454,720,0,1,-0.3679,0.1564,0.0682,0,3.0
circuit_1272.jpg,452,740,0,2,-0.9303,0.0683,0.0682,0,3.0
circuit_1272.jpg,805,746,1,2,-0.9056,0.07,0.0682,0,3.0
circuit_1272.jpg,286,760,1,3,-0.6448,0.0957,0.0682,0,3.0
circuit_1272.jpg,132,762,1,2,-0.363,0.1582,0.0682,0,3.0
circuit_1272.jpg,246,761,1,2,-0.9393,0.0677,0.0682,0,3.0
circuit_1272.jpg,448,767,1,3,-0.9847,0.0648,0.0682,0,3.0
circuit_1272.jpg,804,768,1,3,-0.4689,0.127,0.0682,0,3.0
circuit_1272.jpg,889,768,1,2,-0.5456,0.1111,0.0682,0,3.0
circuit_1272.jpg,702,770,1,4,-0.5258,0.1148,0.0682,0,3.0
circuit_1272.jpg,738,770,1,2,-1.0337,0.0619,0.0682,0,3.0
circuit_1272.jpg,490,771,1,3,-0.4607,0.1289,0.0682,0,3.0
circuit_136.jpg,603,358,0,3,0.0842,1.1118,0.8372,0,47.0
circuit_136.jpg,398,362,0,3,0.3638,1.7686,0.8372,0,47.0
circuit_136.jpg,214,512,1,2,0.4872,2.3919,0.8372,0,47.0
circuit_136.jpg,613,541,1,3,0.2373,1.3955,0.8372,0,47.0
circuit_136.jpg,506,542,1,3,-0.1451,0.8523,0.8372,0,47.0
circuit_136.jpg,402,544,1,3,-0.0384,0.9562,0.8372,0,47.0
circuit_136.jpg,216,547,1,2,-0.1178,0.8767,0.8372,0,47.0
circuit_138.jpg,772,316,0,2,-0.4103,0.0599,0.0261,0,1.0
circuit_138.jpg,193,386,1,2,-0.3955,0.062,0.0261,0,1.0
circuit_138.jpg,774,428,0,2,-0.7733,0.0327,0.0261,0,1.0
circuit_138.jpg,196,476,1,3,-0.4323,0.057,0.0261,0,1.0
circuit_138.jpg,578,495,1,2,-0.2078,0.1117,0.0261,0,1.0
circuit_138.jpg,774,506,1,3,-0.408,0.0602,0.0261,0,1.0
circuit_138.jpg,199,763,1,2,-0.5407,0.0461,0.0261,0,1.0
circuit_138.jpg,222,765,1,2,-0.1716,0.1321,0.0261,0,1.0
circuit_138.jpg,234,766,1,2,-0.1443,0.1533,0.0261,0,1.0
circuit_138.jpg,418,772,1,2,-0.2935,0.0817,0.0261,0,1.0
circuit_138.jpg,769,782,1,3,-0.4563,0.0541,0.0261,0,1.0
circuit_14.jpg,811,184,0,2,-0.6768,0.0353,0.0248,0,1.0
circuit_14.jpg,380,186,0,2,-0.2908,0.0786,0.0248,0,1.0
circuit_14.jpg,578,187,0,3,-0.287,0.0795,0.0248,0,1.0
circuit_14.jpg,810,242,0,2,-0.6487,0.0368,0.0248,0,1.0
circuit_14.jpg,246,280,0,2,-0.2902,0.0787,0.0248,0,1.0
circuit_14.jpg,377,284,0,3,-0.3032,0.0756,0.0248,0,1.0
circuit_14.jpg,747,314,0,2,-0.5571,0.0426,0.0248,0,1.0
circuit_14.jpg,379,366,0,1,-0.6035,0.0395,0.0248,0,1.0
circuit_14.jpg,378,410,0,3,-0.2985,0.0767,0.0248,0,1.0
circuit_14.jpg,500,410,0,3,-0.7697,0.0312,0.0248,0,1.0
circuit_14.jpg,570,410,1,4,-0.2939,0.0778,0.0248,0,1.0
circuit_14.jpg,806,420,0,4,-0.29,0.0788,0.0248,0,1.0
circuit_14.jpg,501,438,0,3,-0.7887,0.0305,0.0248,0,1.0
circuit_14.jpg,939,465,0,2,-0.8205,0.0293,0.0248,0,1.0
circuit_14.jpg,670,522,0,2,-0.6585,0.0363,0.0248,0,1.0
circuit_14.jpg,678,524,0,2,-0.393,0.0594,0.0248,0,1.0
circuit_14.jpg,851,526,0,2,-0.4469,0.0526,0.0248,0,1.0
circuit_14.jpg,938,532,0,3,-0.5692,0.0417,0.0248,0,1.0
circuit_14.jpg,934,574,0,2,-0.4735,0.0498,0.0248,0,1.0
circuit_14.jpg,145,580,0,3,-0.6646,0.036,0.0248,0,1.0
circuit_14.jpg,765,603,0,3,-0.4672,0.0504,0.0248,0,1.0
circuit_14.jpg,930,602,0,2,-0.4224,0.0555,0.0248,0,1.0
circuit_14.jpg,761,664,0,2,-0.8398,0.0287,0.0248,0,1.0
circuit_14.jpg,567,681,1,3,-0.2192,0.1016,0.0248,0,1.0
circuit_14.jpg,626,683,1,2,-0.8251,0.0292,0.0248,0,1.0
circuit_14.jpg,844,684,0,2,-0.4255,0.0551,0.0248,0,1.0
circuit_14.jpg,842,702,0,2,-0.5332,0.0444,0.0248,0,1.0
circuit_14.jpg,759,711,0,1,-0.2639,0.0859,0.0248,0,1.0
circuit_14.jpg,789,718,0,1,-0.3438,0.0673,0.0248,0,1.0
circuit_14.jpg,688,741,0,2,-0.5587,0.0425,0.0248,0,1.0
circuit_14.jpg,422,747,0,1,-0.9866,0.0245,0.0248,0,1.0
circuit_14.jpg,452,754,0,2,-0.7417,0.0324,0.0248,0,1.0
circuit_14.jpg,624,762,1,2,-0.2069,0.107,0.0248,0,1.0
circuit_14.jpg,508,764,0,2,-0.7849,0.0306,0.0248,0,1.0
circuit_14.jpg,518,766,0,1,-0.6359,0.0375,0.0248,0,1.0
circuit_14.jpg,694,788,0,1,-0.761,0.0316,0.0248,0,1.0
circuit_14.jpg,282,879,1,3,-0.458,0.0514,0.0248,0,1.0
circuit_14.jpg,151,879,0,2,-0.4148,0.0564,0.0248,0,1.0
circuit_14.jpg,365,882,1,3,-0.3777,0.0616,0.0248,0,1.0
circuit_14.jpg,559,896,0,4,-0.2622,0.0864,0.0248,0,1.0
circuit_14.jpg,925,894,0,3,-0.4573,0.0514,0.0248,0,1.0
circuit_14.jpg,684,896,0,3,-0.8861,0.0272,0.0248,0,1.0
circuit_14.jpg,789,898,0,3,-0.0703,0.2607,0.0248,0,1.0
circuit_14.jpg,740,899,0,2,-0.8992,0.0268,0.0248,0,1.0
circuit_153.jpg,96,270,1,2,-0.4787,0.2903,0.1958,0,9.0
circuit_153.jpg,252,270,1,2,-0.2048,0.4888,0.1958,0,9.0
circuit_153.jpg,264,269,1,3,-0.5033,0.2801,0.1958,0,9.0
circuit_153.jpg,428,271,1,3,-0.3568,0.3544,0.1958,0,9.0
circuit_153.jpg,570,269,1,3,-0.6236,0.239,0.1958,0,9.0
circuit_153.jpg,710,274,1,3,-0.3532,0.3567,0.1958,0,9.0
circuit_153.jpg,100,412,1,3,-0.292,0.4014,0.1958,0,9.0
circuit_153.jpg,853,416,1,3,-0.8529,0.1867,0.1958,0,9.0
circuit_153.jpg,196,418,1,2,-0.5927,0.2484,0.1958,0,9.0
circuit_153.jpg,326,419,1,2,-0.7285,0.2119,0.1958,0,9.0
circuit_153.jpg,245,421,1,2,-0.6135,0.242,0.1958,0,9.0
circuit_153.jpg,291,422,1,2,-0.5944,0.2478,0.1958,0,9.0
circuit_153.jpg,288,430,1,2,-0.5945,0.2478,0.1958,0,9.0
circuit_153.jpg,572,432,1,3,-0.5275,0.2707,0.1958,0,9.0
circuit_153.jpg,272,437,1,2,-0.5938,0.248,0.1958,0,9.0
circuit_153.jpg,575,498,1,2,-1.0573,0.1563,0.1958,0,9.0
circuit_153.jpg,719,566,1,3,-0.606,0.2442,0.1958,0,9.0
circuit_153.jpg,587,568,1,2,-0.615,0.2415,0.1958,0,9.0
circuit_153.jpg,107,572,1,3,-0.4393,0.3084,0.1958,0,9.0
circuit_153.jpg,290,577,1,3,-0.4461,0.3051,0.1958,0,9.0
circuit_153.jpg,453,574,1,3,-0.6429,0.2335,0.1958,0,9.0
circuit_153.jpg,860,572,1,4,-0.4401,0.308,0.1958,0,9.0
circuit_153.jpg,132,573,1,2,-0.6044,0.2447,0.1958,0,9.0
circuit_153.jpg,438,583,1,3,-0.4544,0.3012,0.1958,0,9.0
circuit_153.jpg,274,587,1,1,-0.6934,0.2203,0.1958,0,9.0
circuit_153.jpg,440,737,1,3,-0.3847,0.3374,0.1958,0,9.0
circuit_153.jpg,109,740,1,3,-0.7187,0.2141,0.1958,0,9.0
circuit_153.jpg,484,740,1,1,-0.546,0.264,0.1958,0,9.0
circuit_153.jpg,580,743,1,3,-0.5052,0.2794,0.1958,0,9.0
circuit_153.jpg,858,748,1,3,-0.4725,0.293,0.1958,0,9.0
circuit_153.jpg,280,895,1,3,-0.0355,0.8464,0.1958,0,9.0
circuit_153.jpg,222,896,1,2,-0.5186,0.2741,0.1958,0,9.0
circuit_153.jpg,432,904,1,2,-0.3688,0.3468,0.1958,0,9.0
circuit_153.jpg,580,906,1,2,-0.6358,0.2355,0.1958,0,9.0
circuit_153.jpg,696,908,1,2,-0.2692,0.4211,0.1958,0,9.0
circuit_153.jpg,855,914,1,2,-0.6911,0.2208,0.1958,0,9.0
circuit_155.jpg,128,312,0,2,-0.3218,0.0729,0.0253,0,1.0
circuit_155.jpg,332,319,0,3,-0.3027,0.0772,0.0253,0,1.0
circuit_155.jpg,410,322,0,2,-1.0301,0.024,0.0253,0,1.0
circuit_155.jpg,424,323,0,2,-0.782,0.0313,0.0253,0,1.0
circuit_155.jpg,498,328,1,3,-0.5568,0.0435,0.0253,0,1.0
circuit_155.jpg,685,333,0,3,-0.6962,0.0351,0.0253,0,1.0
circuit_155.jpg,817,336,0,2,-0.0798,0.2409,0.0253,0,1.0
circuit_155.jpg,121,475,1,4,-0.1034,0.1966,0.0253,0,1.0
circuit_155.jpg,330,484,1,4,-0.3665,0.0646,0.0253,0,1.0
circuit_155.jpg,946,487,0,2,-0.5686,0.0426,0.0253,0,1.0
circuit_155.jpg,503,490,1,4,-0.1361,0.1568,0.0253,0,1.0
circuit_155.jpg,688,491,1,4,-0.3787,0.0627,0.0253,0,1.0
circuit_155.jpg,828,492,1,4,-0.2354,0.0971,0.0253,0,1.0
circuit_155.jpg,831,528,0,1,-0.4361,0.0548,0.0253,0,1.0
circuit_155.jpg,837,664,1,2,-0.7586,0.0323,0.0253,0,1.0
circuit_155.jpg,955,664,0,1,-0.4986,0.0483,0.0253,0,1.0
circuit_155.jpg,694,670,1,3,-0.6392,0.0381,0.0253,0,1.0
circuit_155.jpg,134,676,1,2,-0.201,0.1118,0.0253,0,1.0
circuit_155.jpg,340,678,1,3,-0.1681,0.1309,0.0253,0,1.0
circuit_155.jpg,506,678,1,3,-0.4932,0.0488,0.0253,0,1.0
circuit_170.jpg,834,333,0,2,-0.5363,0.2315,0.1615,0,8.0
circuit_170.jpg,808,336,0,1,-0.4934,0.2466,0.1615,0,8.0
circuit_170.jpg,632,354,1,3,-0.1534,0.5129,0.1615,0,8.0
circuit_170.jpg,404,371,0,3,-0.5374,0.2311,0.1615,0,8.0
circuit_170.jpg,238,382,1,2,-0.7416,0.1789,0.1615,0,8.0
circuit_170.jpg,153,393,1,2,-0.4128,0.2813,0.1615,0,8.0
circuit_170.jpg,638,503,0,2,-0.5484,0.2275,0.1615,0,8.0
circuit_170.jpg,420,507,0,2,-0.5151,0.2387,0.1615,0,8.0
circuit_170.jpg,584,511,1,2,-0.681,0.1917,0.1615,0,8.0
circuit_170.jpg,424,529,0,3,-0.1491,0.52,0.1615,0,8.0
circuit_170.jpg,358,537,0,2,-0.583,0.2169,0.1615,0,8.0
circuit_170.jpg,340,541,0,1,-0.3204,0.3352,0.1615,0,8.0
circuit_178.jpg,325,332,0,2,-0.3946,0.4581,0.3336,0,16.0
circuit_178.jpg,325,354,0,2,-0.2445,0.5771,0.3336,0,16.0
circuit_178.jpg,570,409,1,4,0.0281,1.0919,0.3336,0,16.0
circuit_178.jpg,326,410,1,4,-0.0511,0.8672,0.3336,0,16.0
circuit_178.jpg,760,412,1,2,-0.4462,0.4278,0.3336,0,16.0
circuit_178.jpg,181,420,0,1,-0.4679,0.4162,0.3336,0,16.0
circuit_178.jpg,186,581,0,3,-0.6495,0.3393,0.3336,0,16.0
circuit_178.jpg,277,587,0,6,-0.5162,0.3926,0.3336,0,16.0
circuit_178.jpg,200,582,0,3,-0.5096,0.3956,0.3336,0,16.0
circuit_178.jpg,247,588,0,2,-0.7573,0.3058,0.3336,0,16.0
circuit_178.jpg,297,594,0,5,-0.3594,0.4814,0.3336,0,16.0
circuit_178.jpg,570,648,1,3,-0.2518,0.5699,0.3336,0,16.0
circuit_178.jpg,765,648,1,2,-0.5749,0.3672,0.3336,0,16.0
circuit_178.jpg,466,652,1,2,-0.1673,0.666,0.3336,0,16.0
circuit_178.jpg,334,654,1,3,-0.2635,0.5587,0.3336,0,16.0
circuit_178.jpg,174,657,0,2,-0.3116,0.5171,0.3336,0,16.0
circuit_184.jpg,520,280,1,3,-0.1345,0.7815,0.481,0,22.0
circuit_184.jpg,694,281,1,2,-0.787,0.3793,0.481,0,22.0
circuit_184.jpg,92,294,0,2,-0.9898,0.327,0.481,0,22.0
circuit_184.jpg,314,294,1,3,-0.3108,0.6075,0.481,0,22.0
circuit_184.jpg,191,296,0,3,-0.1515,0.7605,0.481,0,22.0
circuit_184.jpg,842,397,1,2,-0.4006,0.5456,0.481,0,22.0
circuit_184.jpg,556,402,0,1,-0.4711,0.5052,0.481,0,22.0
circuit_184.jpg,93,418,0,3,-0.1611,0.7491,0.481,0,22.0
circuit_184.jpg,334,422,0,2,-0.3935,0.55,0.481,0,22.0
circuit_184.jpg,313,430,0,2,-0.1876,0.7194,0.481,0,22.0
circuit_184.jpg,92,520,0,3,-0.4783,0.5014,0.481,0,22.0
circuit_184.jpg,552,523,1,2,-0.4435,0.5203,0.481,0,22.0
circuit_184.jpg,697,532,1,4,0.0228,1.0498,0.481,0,22.0
circuit_184.jpg,830,532,1,2,-0.3137,0.6052,0.481,0,22.0
circuit_184.jpg,843,532,1,4,-0.6389,0.4295,0.481,0,22.0
circuit_184.jpg,189,538,0,2,-0.5925,0.448,0.481,0,22.0
circuit_184.jpg,842,600,1,2,-0.5265,0.4774,0.481,0,22.0
circuit_184.jpg,692,642,1,3,-0.2139,0.6922,0.481,0,22.0
circuit_184.jpg,88,644,0,3,-0.3556,0.5749,0.481,0,22.0
circuit_184.jpg,146,643,0,2,-0.3594,0.5723,0.481,0,22.0
circuit_184.jpg,314,644,0,3,-0.1741,0.7342,0.481,0,22.0
circuit_184.jpg,442,643,1,2,0.1106,1.2987,0.481,0,22.0
circuit_184.jpg,730,644,1,2,-0.27,0.6405,0.481,0,22.0
circuit_184.jpg,523,648,1,3,-0.3156,0.6038,0.481,0,22.0
circuit_184.jpg,836,648,1,3,-0.1858,0.7213,0.481,0,22.0
circuit_184.jpg,85,738,0,2,-0.3756,0.5615,0.481,0,22.0
circuit_184.jpg,184,742,0,3,0.1029,1.2721,0.481,0,22.0
circuit_184.jpg,631,752,1,2,0.0176,1.0381,0.481,0,22.0
circuit_185.jpg,692,378,1,2,-0.0518,0.9198,0.5943,0,31.0
circuit_185.jpg,288,380,1,2,-0.7643,0.4375,0.5943,0,31.0
circuit_185.jpg,220,386,1,2,0.233,1.645,0.5943,0,31.0
circuit_185.jpg,222,584,1,2,-0.2722,0.6858,0.5943,0,31.0
circuit_185.jpg,702,592,1,2,-0.0112,0.9815,0.5943,0,31.0
circuit_185.jpg,672,594,1,2,-0.5924,0.5008,0.5943,0,31.0
circuit_185.jpg,470,598,1,3,0.1621,1.3751,0.5943,0,31.0
circuit_185.jpg,390,600,1,2,-0.7216,0.4517,0.5943,0,31.0
circuit_185.jpg,223,610,1,2,0.115,1.24,0.5943,0,31.0
circuit_187.jpg,458,29,1,3,-0.5342,0.0815,0.0474,0,2.0
circuit_187.jpg,624,29,1,3,-0.5315,0.0819,0.0474,0,2.0
circuit_187.jpg,248,32,1,3,-0.5496,0.0794,0.0474,0,2.0
circuit_187.jpg,864,35,1,2,-0.6103,0.0721,0.0474,0,2.0
circuit_187.jpg,463,64,1,2,-0.7536,0.0592,0.0474,0,2.0
circuit_187.jpg,466,110,1,2,-1.0705,0.0424,0.0474,0,2.0
circuit_187.jpg,60,152,1,2,-0.5483,0.0796,0.0474,0,2.0
circuit_187.jpg,259,172,1,3,-0.5415,0.0805,0.0474,0,2.0
circuit_187.jpg,738,171,1,2,-1.2275,0.0372,0.0474,0,2.0
circuit_187.jpg,754,172,1,2,-1.0251,0.0442,0.0474,0,2.0
circuit_187.jpg,784,175,1,2,-1.0429,0.0435,0.0474,0,2.0
circuit_187.jpg,63,178,1,3,-0.179,0.2093,0.0474,0,2.0
circuit_187.jpg,808,178,1,2,-1.2657,0.0361,0.0474,0,2.0
circuit_187.jpg,842,180,1,2,-0.9564,0.0472,0.0474,0,2.0
circuit_187.jpg,867,181,1,3,-0.5962,0.0737,0.0474,0,2.0
circuit_187.jpg,72,268,1,1,-0.8333,0.0538,0.0474,0,2.0
circuit_187.jpg,472,306,1,2,-0.4796,0.09,0.0474,0,2.0
circuit_187.jpg,474,324,1,2,-0.5649,0.0774,0.0474,0,2.0
circuit_187.jpg,272,367,1,3,-0.1614,0.227,0.0474,0,2.0
circuit_187.jpg,694,370,1,2,-1.038,0.0437,0.0474,0,2.0
circuit_187.jpg,272,382,1,2,-0.7308,0.0609,0.0474,0,2.0
circuit_187.jpg,868,384,1,4,-0.2529,0.1578,0.0474,0,2.0
circuit_187.jpg,99,400,1,2,-0.6676,0.0663,0.0474,0,2.0
circuit_187.jpg,104,448,1,2,-0.6352,0.0694,0.0474,0,2.0
circuit_187.jpg,284,564,1,3,-0.0714,0.399,0.0474,0,2.0
circuit_187.jpg,870,576,1,3,-0.2449,0.1622,0.0474,0,2.0
circuit_187.jpg,110,616,1,2,-0.5175,0.0839,0.0474,0,2.0
circuit_187.jpg,941,656,0,4,-0.5683,0.077,0.0474,0,2.0
circuit_187.jpg,959,662,0,3,-0.3816,0.1105,0.0474,0,2.0
circuit_187.jpg,911,669,0,2,-0.2299,0.1709,0.0474,0,2.0
circuit_187.jpg,950,664,0,3,-0.4547,0.0944,0.0474,0,2.0
circuit_187.jpg,674,688,0,3,-0.764,0.0584,0.0474,0,2.0
circuit_187.jpg,699,695,0,4,-0.8186,0.0547,0.0474,0,2.0
circuit_187.jpg,496,774,1,3,-0.1406,0.2522,0.0474,0,2.0
circuit_187.jpg,872,782,1,3,-0.4272,0.0999,0.0474,0,2.0
circuit_187.jpg,112,930,1,2,-1.0747,0.0422,0.0474,0,2.0
circuit_187.jpg,294,930,1,4,-0.1626,0.2257,0.0474,0,2.0
circuit_187.jpg,500,943,1,3,-0.6014,0.0731,0.0474,0,2.0
circuit_187.jpg,656,950,1,3,-1.2,0.038,0.0474,0,2.0
circuit_187.jpg,873,956,1,2,-0.3248,0.1274,0.0474,0,2.0
circuit_19.jpg,806,389,0,2,-0.2753,0.3373,0.1402,0,7.0
circuit_19.jpg,540,396,0,2,-0.3015,0.3174,0.1402,0,7.0
circuit_19.jpg,570,395,0,3,-0.2244,0.3845,0.1402,0,7.0
circuit_19.jpg,348,401,0,2,-0.6619,0.1748,0.1402,0,7.0
circuit_19.jpg,386,402,0,3,-0.2565,0.3534,0.1402,0,7.0
circuit_19.jpg,570,589,0,3,-0.3285,0.2991,0.1402,0,7.0
circuit_19.jpg,720,591,0,3,-0.3369,0.2938,0.1402,0,7.0
circuit_19.jpg,386,595,1,3,-0.1924,0.4215,0.1402,0,7.0
circuit_193.jpg,686,336,0,3,-0.1254,0.6239,0.2081,0,9.0
circuit_193.jpg,803,335,0,2,-0.3639,0.3638,0.2081,0,9.0
circuit_193.jpg,531,338,1,3,-0.3074,0.4036,0.2081,0,9.0
circuit_193.jpg,361,343,1,3,-0.4464,0.3179,0.2081,0,9.0
circuit_193.jpg,108,344,0,2,-0.2015,0.508,0.2081,0,9.0
circuit_193.jpg,358,364,0,2,-0.3405,0.3793,0.2081,0,9.0
circuit_193.jpg,514,430,0,1,-0.4662,0.3086,0.2081,0,9.0
circuit_193.jpg,668,438,0,2,-0.4171,0.3328,0.2081,0,9.0
circuit_193.jpg,101,456,0,2,-0.6724,0.2363,0.2081,0,9.0
circuit_193.jpg,508,467,1,2,-0.5955,0.2589,0.2081,0,9.0
circuit_193.jpg,337,474,0,2,-0.4612,0.3109,0.2081,0,9.0
circuit_193.jpg,662,481,0,4,-0.0703,0.7475,0.2081,0,9.0
circuit_193.jpg,777,480,0,3,-0.2602,0.4443,0.2081,0,9.0
circuit_193.jpg,502,485,1,4,-0.1142,0.6456,0.2081,0,9.0
circuit_193.jpg,96,496,0,3,-0.279,0.4272,0.2081,0,9.0
circuit_193.jpg,337,497,1,4,-0.1413,0.5956,0.2081,0,9.0
circuit_193.jpg,215,503,0,2,-0.4688,0.3074,0.2081,0,9.0
circuit_193.jpg,334,520,1,2,-0.8182,0.2027,0.2081,0,9.0
circuit_193.jpg,752,606,0,3,-0.5297,0.282,0.2081,0,9.0
circuit_193.jpg,480,618,0,2,-0.5548,0.2727,0.2081,0,9.0
circuit_193.jpg,204,620,0,2,-0.6435,0.2443,0.2081,0,9.0
circuit_193.jpg,748,622,0,2,-0.7823,0.2101,0.2081,0,9.0
circuit_193.jpg,312,638,0,2,-0.3657,0.3626,0.2081,0,9.0
circuit_193.jpg,478,642,0,2,-0.6101,0.2543,0.2081,0,9.0
circuit_193.jpg,93,664,0,2,-0.6313,0.2479,0.2081,0,9.0
circuit_193.jpg,738,668,0,2,-0.6972,0.2298,0.2081,0,9.0
circuit_193.jpg,473,670,0,2,-0.7157,0.2252,0.2081,0,9.0
circuit_193.jpg,193,674,0,2,-0.6184,0.2517,0.2081,0,9.0
circuit_193.jpg,472,685,0,4,-0.2646,0.4402,0.2081,0,9.0
circuit_193.jpg,454,685,0,3,-0.4595,0.3117,0.2081,0,9.0
circuit_193.jpg,628,684,0,3,-0.1489,0.5829,0.2081,0,9.0
circuit_193.jpg,733,685,0,1,-0.3942,0.3455,0.2081,0,9.0
circuit_193.jpg,308,686,0,3,-0.4115,0.3358,0.2081,0,9.0
circuit_193.jpg,438,687,0,2,-0.551,0.2741,0.2081,0,9.0
circuit_193.jpg,90,689,0,2,-0.2596,0.4449,0.2081,0,9.0
circuit_193.jpg,191,690,0,3,-0.3665,0.3621,0.2081,0,9.0
circuit_198.jpg,392,322,1,3,-0.3083,0.3333,0.1542,0,7.0
circuit_198.jpg,552,324,1,3,-0.5792,0.2102,0.1542,0,7.0
circuit_198.jpg,729,328,1,3,-0.8392,0.1552,0.1542,0,7.0
circuit_198.jpg,398,438,0,1,-0.3667,0.296,0.1542,0,7.0
circuit_198.jpg,725,461,1,4,-0.2372,0.3939,0.1542,0,7.0
circuit_198.jpg,872,462,1,4,-0.2317,0.3995,0.1542,0,7.0
circuit_198.jpg,555,467,1,4,-0.2446,0.3866,0.1542,0,7.0
circuit_198.jpg,953,465,1,2,-0.4504,0.255,0.1542,0,7.0
circuit_198.jpg,399,470,1,4,-0.2597,0.3725,0.1542,0,7.0
circuit_198.jpg,136,476,1,4,-0.5577,0.2165,0.1542,0,7.0
circuit_198.jpg,136,500,1,2,-0.5149,0.2304,0.1542,0,7.0
circuit_198.jpg,559,500,1,2,-0.4294,0.2642,0.1542,0,7.0
circuit_198.jpg,413,596,1,2,-0.6089,0.202,0.1542,0,7.0
circuit_198.jpg,872,628,0,2,-0.5058,0.2336,0.1542,0,7.0
circuit_198.jpg,148,650,0,2,-0.4007,0.2778,0.1542,0,7.0
circuit_198.jpg,560,650,1,3,-0.2416,0.3895,0.1542,0,7.0
circuit_198.jpg,416,652,1,3,-0.5482,0.2195,0.1542,0,7.0
circuit_198.jpg,870,653,0,2,-0.6941,0.1817,0.1542,0,7.0
circuit_198.jpg,741,654,0,3,-0.647,0.1924,0.1542,0,7.0
circuit_205.jpg,134,212,1,2,-0.6861,0.1133,0.0877,0,4.0
circuit_205.jpg,268,219,1,3,-0.389,0.184,0.0877,0,4.0
circuit_205.jpg,507,227,1,3,-0.2914,0.2313,0.0877,0,4.0
circuit_205.jpg,365,305,1,2,-0.7167,0.109,0.0877,0,4.0
circuit_205.jpg,510,349,1,4,-0.3115,0.2197,0.0877,0,4.0
circuit_205.jpg,208,473,1,4,-0.5121,0.1462,0.0877,0,4.0
circuit_205.jpg,300,474,1,2,-1.12,0.0726,0.0877,0,4.0
circuit_205.jpg,228,475,1,3,-0.5273,0.1426,0.0877,0,4.0
circuit_205.jpg,126,477,1,3,-0.1454,0.3763,0.0877,0,4.0
circuit_205.jpg,957,488,1,2,-0.9093,0.088,0.0877,0,4.0
circuit_205.jpg,370,504,1,2,-0.8969,0.0891,0.0877,0,4.0
circuit_205.jpg,367,532,1,3,-0.7106,0.1098,0.0877,0,4.0
circuit_205.jpg,286,537,1,2,-0.842,0.0943,0.0877,0,4.0
circuit_205.jpg,681,556,0,3,-0.0923,0.4873,0.0877,0,4.0
circuit_205.jpg,514,558,0,3,-0.465,0.1586,0.0877,0,4.0
circuit_205.jpg,824,560,0,2,-0.5893,0.1295,0.0877,0,4.0
circuit_205.jpg,992,584,0,1,-0.9023,0.0886,0.0877,0,4.0
circuit_205.jpg,972,586,0,2,-0.456,0.1613,0.0877,0,4.0
circuit_205.jpg,953,587,0,2,-0.7437,0.1055,0.0877,0,4.0
circuit_205.jpg,754,632,1,2,-0.8445,0.0941,0.0877,0,4.0
circuit_205.jpg,751,645,1,2,-0.6467,0.1194,0.0877,0,4.0
circuit_205.jpg,812,656,1,2,-0.5849,0.1304,0.0877,0,4.0
circuit_205.jpg,946,662,1,2,-0.6032,0.1269,0.0877,0,4.0
circuit_205.jpg,940,683,1,2,-0.3411,0.2045,0.0877,0,4.0
circuit_205.jpg,812,688,1,3,-0.3894,0.1838,0.0877,0,4.0
circuit_205.jpg,677,690,1,3,-0.4949,0.1505,0.0877,0,4.0
circuit_205.jpg,130,691,1,2,-0.3847,0.1856,0.0877,0,4.0
circuit_205.jpg,272,696,1,3,-0.5291,0.1422,0.0877,0,4.0
circuit_205.jpg,470,694,1,2,-0.9773,0.0823,0.0877,0,4.0
circuit_205.jpg,518,696,1,3,-0.4579,0.1607,0.0877,0,4.0
circuit_205.jpg,580,698,1,3,-0.4894,0.1519,0.0877,0,4.0
circuit_210.jpg,220,252,1,3,-0.1017,0.3177,0.0474,0,2.0
circuit_210.jpg,494,252,1,3,-0.2274,0.1724,0.0474,0,2.0
circuit_210.jpg,94,259,0,2,-0.787,0.0568,0.0474,0,2.0
circuit_210.jpg,64,262,0,2,-0.8965,0.0502,0.0474,0,2.0
circuit_210.jpg,64,274,0,2,-0.7034,0.0631,0.0474,0,2.0
circuit_210.jpg,66,308,0,1,-0.6584,0.0671,0.0474,0,2.0
circuit_210.jpg,428,329,1,2,-0.9226,0.0488,0.0474,0,2.0
circuit_210.jpg,391,331,1,2,-0.7334,0.0607,0.0474,0,2.0
circuit_210.jpg,492,363,1,4,-0.1639,0.2242,0.0474,0,2.0
circuit_210.jpg,342,365,1,2,-0.8505,0.0528,0.0474,0,2.0
circuit_210.jpg,744,365,1,2,-0.5379,0.0809,0.0474,0,2.0
circuit_210.jpg,176,462,1,3,-0.2059,0.187,0.0474,0,2.0
circuit_210.jpg,66,464,1,3,-0.2812,0.1442,0.0474,0,2.0
circuit_210.jpg,288,464,1,2,-0.7681,0.0581,0.0474,0,2.0
circuit_210.jpg,416,473,1,2,-0.8527,0.0526,0.0474,0,2.0
circuit_210.jpg,380,525,1,3,-0.3404,0.1222,0.0474,0,2.0
circuit_210.jpg,492,543,0,3,-0.1654,0.2226,0.0474,0,2.0
circuit_210.jpg,739,546,1,3,-0.1069,0.307,0.0474,0,2.0
circuit_210.jpg,844,597,0,2,-0.9927,0.0455,0.0474,0,2.0
circuit_210.jpg,465,686,1,2,-0.2815,0.144,0.0474,0,2.0
circuit_210.jpg,382,687,1,2,-0.3819,0.1103,0.0474,0,2.0
circuit_210.jpg,73,717,0,2,-0.6987,0.0635,0.0474,0,2.0
circuit_210.jpg,416,715,0,2,-1.0298,0.044,0.0474,0,2.0
circuit_210.jpg,490,717,0,3,-0.1165,0.289,0.0474,0,2.0
circuit_210.jpg,518,718,0,2,-0.9142,0.0493,0.0474,0,2.0
circuit_210.jpg,241,719,0,3,-0.1343,0.2607,0.0474,0,2.0
circuit_210.jpg,574,723,0,3,-0.5987,0.0733,0.0474,0,2.0
circuit_210.jpg,691,728,0,2,-0.8021,0.0558,0.0474,0,2.0
circuit_210.jpg,734,730,1,3,-0.1448,0.2465,0.0474,0,2.0
circuit_210.jpg,816,732,1,2,-0.8124,0.0551,0.0474,0,2.0
circuit_210.jpg,844,733,1,3,-0.345,0.1207,0.0474,0,2.0
circuit_210.jpg,912,733,1,2,-0.9778,0.0462,0.0474,0,2.0
circuit_215.jpg,268,250,1,3,-0.2072,0.3938,0.1345,0,6.0
circuit_215.jpg,64,258,0,2,-0.6929,0.1626,0.1345,0,6.0
circuit_215.jpg,486,257,1,3,-0.4058,0.249,0.1345,0,6.0
circuit_215.jpg,320,319,0,2,-0.3899,0.2565,0.1345,0,6.0
circuit_215.jpg,159,338,1,2,-0.3848,0.2591,0.1345,0,6.0
circuit_215.jpg,273,374,0,2,-0.681,0.165,0.1345,0,6.0
circuit_215.jpg,282,376,0,2,-0.4339,0.2367,0.1345,0,6.0
circuit_215.jpg,428,385,0,2,-0.8779,0.1329,0.1345,0,6.0
circuit_215.jpg,493,388,0,4,-0.3043,0.3066,0.1345,0,6.0
circuit_215.jpg,321,397,0,2,-0.8396,0.1381,0.1345,0,6.0
circuit_215.jpg,737,394,0,2,-0.2967,0.312,0.1345,0,6.0
circuit_215.jpg,166,466,1,3,-0.3171,0.2979,0.1345,0,6.0
circuit_215.jpg,68,472,1,3,-0.1774,0.4314,0.1345,0,6.0
circuit_215.jpg,814,473,1,2,-0.9306,0.1263,0.1345,0,6.0
circuit_215.jpg,846,475,1,2,-0.6727,0.1667,0.1345,0,6.0
circuit_215.jpg,864,477,1,2,-0.6301,0.176,0.1345,0,6.0
circuit_215.jpg,978,478,1,2,-0.6626,0.1688,0.1345,0,6.0
circuit_215.jpg,488,498,0,1,-0.7993,0.1441,0.1345,0,6.0
circuit_215.jpg,316,540,1,3,-0.5861,0.1867,0.1345,0,6.0
circuit_215.jpg,729,571,0,3,-0.5307,0.2022,0.1345,0,6.0
circuit_215.jpg,492,572,0,3,-0.6522,0.171,0.1345,0,6.0
circuit_215.jpg,658,574,0,2,-0.5891,0.1859,0.1345,0,6.0
circuit_215.jpg,645,576,0,2,-0.1543,0.4658,0.1345,0,6.0
circuit_215.jpg,631,590,0,3,-0.6097,0.1808,0.1345,0,6.0
circuit_215.jpg,490,588,0,2,-0.6483,0.1719,0.1345,0,6.0
circuit_215.jpg,607,589,0,3,-0.857,0.1357,0.1345,0,6.0
circuit_215.jpg,590,595,0,1,-0.5083,0.2093,0.1345,0,6.0
circuit_215.jpg,917,598,0,1,-0.3756,0.2637,0.1345,0,6.0
circuit_215.jpg,803,599,1,2,-0.7163,0.1581,0.1345,0,6.0
circuit_215.jpg,861,601,1,2,-0.6354,0.1748,0.1345,0,6.0
circuit_215.jpg,927,614,0,2,-0.413,0.2457,0.1345,0,6.0
circuit_215.jpg,803,610,1,2,-0.4451,0.2321,0.1345,0,6.0
circuit_215.jpg,976,612,0,2,-0.5897,0.1858,0.1345,0,6.0
circuit_215.jpg,800,684,1,2,-0.5796,0.1884,0.1345,0,6.0
circuit_215.jpg,323,686,1,2,-0.8124,0.1421,0.1345,0,6.0
circuit_215.jpg,493,720,0,2,-0.822,0.1407,0.1345,0,6.0
circuit_215.jpg,218,741,1,3,-0.6038,0.1822,0.1345,0,6.0
circuit_215.jpg,491,742,1,3,-0.6444,0.1727,0.1345,0,6.0
circuit_215.jpg,725,742,1,3,-0.304,0.3068,0.1345,0,6.0
circuit_215.jpg,854,742,1,3,-0.3843,0.2593,0.1345,0,6.0
circuit_215.jpg,554,743,1,3,-0.1484,0.4755,0.1345,0,6.0
circuit_215.jpg,940,743,1,2,-0.1592,0.458,0.1345,0,6.0
circuit_215.jpg,963,743,1,2,-0.2317,0.3673,0.1345,0,6.0
circuit_226.jpg,268,160,0,2,-1.1502,0.0565,0.0689,0,3.0
circuit_226.jpg,459,160,0,2,-0.7227,0.087,0.0689,0,3.0
circuit_226.jpg,804,180,0,2,-0.7976,0.0795,0.0689,0,3.0
circuit_226.jpg,820,180,0,2,-0.5423,0.1127,0.0689,0,3.0
circuit_226.jpg,463,204,0,2,-0.9523,0.0675,0.0689,0,3.0
circuit_226.jpg,263,209,1,3,-0.6179,0.1003,0.0689,0,3.0
circuit_226.jpg,202,211,1,2,-0.9909,0.065,0.0689,0,3.0
circuit_226.jpg,620,234,0,3,-0.1214,0.3621,0.0689,0,3.0
circuit_226.jpg,464,246,0,3,-0.154,0.3091,0.0689,0,3.0
circuit_226.jpg,818,248,0,3,-0.1387,0.3319,0.0689,0,3.0
circuit_226.jpg,644,267,0,2,-0.7207,0.0873,0.0689,0,3.0
circuit_226.jpg,636,365,0,2,-0.4779,0.126,0.0689,0,3.0
circuit_226.jpg,422,371,0,2,-1.1122,0.0583,0.0689,0,3.0
circuit_226.jpg,377,374,0,2,-0.4869,0.124,0.0689,0,3.0
circuit_226.jpg,381,466,0,2,-0.844,0.0755,0.0689,0,3.0
circuit_226.jpg,547,474,0,2,-1.0976,0.0591,0.0689,0,3.0
circuit_226.jpg,150,523,0,2,-0.652,0.0956,0.0689,0,3.0
circuit_226.jpg,176,526,0,1,-1.1127,0.0583,0.0689,0,3.0
circuit_226.jpg,301,530,0,3,-0.6952,0.0902,0.0689,0,3.0
circuit_226.jpg,383,530,0,4,-0.096,0.4177,0.0689,0,3.0
circuit_226.jpg,546,534,0,3,-0.4745,0.1268,0.0689,0,3.0
circuit_226.jpg,974,536,0,2,-0.8011,0.0792,0.0689,0,3.0
circuit_226.jpg,707,552,0,3,-0.0956,0.4188,0.0689,0,3.0
circuit_226.jpg,968,557,0,3,-0.1002,0.4073,0.0689,0,3.0
circuit_226.jpg,384,602,0,2,-0.9271,0.0692,0.0689,0,3.0
circuit_226.jpg,53,616,0,2,-0.6775,0.0923,0.0689,0,3.0
circuit_226.jpg,148,616,0,4,-0.1806,0.2761,0.0689,0,3.0
circuit_226.jpg,299,623,0,2,-0.3817,0.1529,0.0689,0,3.0
circuit_226.jpg,151,640,0,3,-0.915,0.07,0.0689,0,3.0
circuit_226.jpg,530,732,0,3,-0.5919,0.1043,0.0689,0,3.0
circuit_226.jpg,529,786,0,3,-0.3516,0.1639,0.0689,0,3.0
circuit_226.jpg,714,809,0,3,-0.4032,0.1459,0.0689,0,3.0
circuit_226.jpg,959,809,0,2,-0.8498,0.075,0.0689,0,3.0
circuit_226.jpg,698,811,0,2,-0.6099,0.1015,0.0689,0,3.0
circuit_226.jpg,738,811,0,2,-0.4364,0.1364,0.0689,0,3.0
circuit_230.jpg,384,387,1,3,-0.4055,0.0612,0.0265,0,1.0
circuit_230.jpg,604,388,0,3,-0.3583,0.0688,0.0265,0,1.0
circuit_230.jpg,816,389,1,2,-0.4994,0.0503,0.0265,0,1.0
circuit_230.jpg,144,397,1,2,-0.6151,0.0412,0.0265,0,1.0
circuit_230.jpg,162,558,1,2,-0.5485,0.046,0.0265,0,1.0
circuit_230.jpg,398,580,1,2,-0.7723,0.0331,0.0265,0,1.0
circuit_230.jpg,166,582,1,2,-0.7074,0.036,0.0265,0,1.0
circuit_230.jpg,172,602,1,2,-0.5742,0.044,0.0265,0,1.0
circuit_230.jpg,616,601,1,3,-0.6534,0.0389,0.0265,0,1.0
circuit_230.jpg,399,600,1,3,-0.2562,0.0936,0.0265,0,1.0
circuit_230.jpg,518,603,1,2,-0.5845,0.0433,0.0265,0,1.0
circuit_236.jpg,319,356,0,1,-0.6605,0.0974,0.0713,0,3.0
circuit_236.jpg,481,358,1,3,-0.2895,0.1975,0.0713,0,3.0
circuit_236.jpg,657,357,1,2,-0.6182,0.1034,0.0713,0,3.0
circuit_236.jpg,660,568,1,2,-0.712,0.091,0.0713,0,3.0
circuit_236.jpg,482,572,1,2,-0.4493,0.1369,0.0713,0,3.0
circuit_236.jpg,479,688,0,2,-0.2618,0.214,0.0713,0,3.0
circuit_236.jpg,323,692,0,2,-0.3869,0.1555,0.0713,0,3.0
circuit_238.jpg,718,262,1,3,-0.5215,0.3121,0.2366,0,11.0
circuit_238.jpg,247,266,0,3,-0.5323,0.3078,0.2366,0,11.0
circuit_238.jpg,566,265,1,3,-0.6791,0.2584,0.2366,0,11.0
circuit_238.jpg,418,268,0,3,-0.3963,0.3739,0.2366,0,11.0
circuit_238.jpg,943,274,1,2,-0.7867,0.2312,0.2366,0,11.0
circuit_238.jpg,26,280,1,2,-0.2255,0.5121,0.2366,0,11.0
circuit_238.jpg,715,336,1,2,-0.7735,0.2343,0.2366,0,11.0
circuit_238.jpg,946,392,1,3,-0.2975,0.443,0.2366,0,11.0
circuit_238.jpg,564,398,1,2,-0.3032,0.4383,0.2366,0,11.0
circuit_238.jpg,27,433,1,3,-0.2581,0.4783,0.2366,0,11.0
circuit_238.jpg,27,466,1,2,-0.8691,0.214,0.2366,0,11.0
circuit_238.jpg,714,482,1,2,-0.3636,0.3943,0.2366,0,11.0
circuit_238.jpg,940,502,1,2,-0.9329,0.2023,0.2366,0,11.0
circuit_238.jpg,714,549,1,3,-0.6558,0.2652,0.2366,0,11.0
circuit_238.jpg,934,549,1,4,-0.2399,0.4966,0.2366,0,11.0
circuit_238.jpg,32,554,1,2,-0.8379,0.2202,0.2366,0,11.0
circuit_238.jpg,448,553,1,1,-0.4537,0.3428,0.2366,0,11.0
circuit_238.jpg,338,555,1,2,-0.7324,0.2442,0.2366,0,11.0
circuit_238.jpg,316,558,1,2,-0.6542,0.2656,0.2366,0,11.0
circuit_238.jpg,272,560,1,2,-0.6845,0.2569,0.2366,0,11.0
circuit_238.jpg,33,570,1,3,-0.3664,0.3924,0.2366,0,11.0
circuit_238.jpg,414,584,0,2,-0.6336,0.2719,0.2366,0,11.0
circuit_238.jpg,412,596,0,2,-0.6239,0.275,0.2366,0,11.0
circuit_238.jpg,32,620,1,2,-1.1133,0.1753,0.2366,0,11.0
circuit_238.jpg,406,650,0,2,-0.8781,0.2123,0.2366,0,11.0
circuit_238.jpg,405,689,0,3,-0.0681,0.7765,0.2366,0,11.0
circuit_238.jpg,926,692,1,3,-0.2398,0.4967,0.2366,0,11.0
circuit_238.jpg,560,698,1,3,-0.6669,0.2619,0.2366,0,11.0
circuit_238.jpg,134,700,1,2,-0.8136,0.2253,0.2366,0,11.0
circuit_238.jpg,116,702,1,2,-0.5847,0.2881,0.2366,0,11.0
circuit_238.jpg,35,704,1,3,-0.75,0.2398,0.2366,0,11.0
circuit_238.jpg,925,738,1,2,-1.1421,0.1716,0.2366,0,11.0
circuit_238.jpg,37,816,1,2,-0.6419,0.2693,0.2366,0,11.0
circuit_238.jpg,124,823,1,1,-0.3401,0.4103,0.2366,0,11.0
circuit_238.jpg,204,830,0,1,-0.8196,0.224,0.2366,0,11.0
circuit_238.jpg,236,832,0,2,-0.764,0.2365,0.2366,0,11.0
circuit_238.jpg,442,840,1,2,-0.7207,0.2472,0.2366,0,11.0
circuit_238.jpg,472,842,1,2,-0.6755,0.2594,0.2366,0,11.0
circuit_238.jpg,920,856,1,2,-0.2602,0.4763,0.2366,0,11.0
circuit_238.jpg,670,862,1,2,-0.4989,0.3217,0.2366,0,11.0
circuit_238.jpg,678,863,1,2,-0.7011,0.2523,0.2366,0,11.0
circuit_260.jpg,208,355,1,2,-0.9947,0.2769,0.3809,0,19.0
circuit_260.jpg,402,356,1,3,-0.0285,0.9304,0.3809,0,19.0
circuit_260.jpg,414,357,1,2,-0.5336,0.4165,0.3809,0,19.0
circuit_260.jpg,167,363,1,2,-0.0425,0.8995,0.3809,0,19.0
circuit_260.jpg,595,363,1,2,-0.3508,0.5205,0.3809,0,19.0
circuit_260.jpg,164,414,1,2,-0.1714,0.6897,0.3809,0,19.0
circuit_260.jpg,406,614,1,4,-0.296,0.5627,0.3809,0,19.0
circuit_260.jpg,602,616,1,2,-0.2473,0.6064,0.3809,0,19.0
circuit_260.jpg,166,621,1,2,-0.0658,0.8528,0.3809,0,19.0
circuit_263.jpg,742,374,1,2,-0.2511,0.0979,0.0273,0,1.0
circuit_263.jpg,148,378,1,2,-0.771,0.0341,0.0273,0,1.0
circuit_263.jpg,380,380,1,2,-0.7335,0.0358,0.0273,0,1.0
circuit_263.jpg,396,380,1,2,-0.438,0.0586,0.0273,0,1.0
circuit_263.jpg,400,392,1,2,-0.4969,0.052,0.0273,0,1.0
circuit_263.jpg,405,440,1,2,-0.8185,0.0322,0.0273,0,1.0
circuit_263.jpg,749,442,1,2,-1.0419,0.0255,0.0273,0,1.0
circuit_263.jpg,594,584,1,2,-0.6713,0.039,0.0273,0,1.0
circuit_263.jpg,765,592,1,2,-0.9129,0.029,0.0273,0,1.0
circuit_263.jpg,594,610,1,3,-0.4213,0.0608,0.0273,0,1.0
circuit_263.jpg,416,612,1,3,-0.7476,0.0352,0.0273,0,1.0
circuit_263.jpg,584,613,1,2,-0.7903,0.0333,0.0273,0,1.0
circuit_263.jpg,274,614,1,2,-0.8448,0.0312,0.0273,0,1.0
circuit_263.jpg,492,614,1,3,-0.3815,0.0667,0.0273,0,1.0
circuit_263.jpg,765,616,1,2,-0.5591,0.0465,0.0273,0,1.0
circuit_263.jpg,730,618,1,2,-1.0211,0.026,0.0273,0,1.0
circuit_263.jpg,186,619,1,2,-0.5026,0.0514,0.0273,0,1.0
circuit_267.jpg,663,377,1,2,-0.1679,0.1897,0.0393,0,2.0
circuit_267.jpg,196,381,1,2,-0.7503,0.0498,0.0393,0,2.0
circuit_267.jpg,432,381,0,2,-0.3474,0.1016,0.0393,0,2.0
circuit_267.jpg,410,383,0,3,-0.2269,0.1476,0.0393,0,2.0
circuit_267.jpg,413,408,0,2,-0.5688,0.0646,0.0393,0,2.0
circuit_267.jpg,203,570,1,2,-0.7047,0.0528,0.0393,0,2.0
circuit_267.jpg,434,594,1,2,-0.3602,0.0984,0.0393,0,2.0
circuit_267.jpg,668,614,1,2,-0.5126,0.0712,0.0393,0,2.0
circuit_267.jpg,436,616,1,3,-0.2741,0.1254,0.0393,0,2.0
circuit_267.jpg,462,618,1,2,-0.4678,0.0775,0.0393,0,2.0
circuit_267.jpg,209,623,1,2,-0.3476,0.1016,0.0393,0,2.0
circuit_294.jpg,548,251,1,3,-0.448,0.46,0.3817,0,18.0
circuit_294.jpg,764,249,1,2,-1.1043,0.2568,-0.2544,0,18.0
circuit_294.jpg,838,249,1,2,-0.2232,0.631,0.3817,0,18.0
circuit_294.jpg,856,252,1,2,-0.6374,0.3745,0.3817,0,18.0
circuit_294.jpg,240,348,1,3,-0.1205,0.76,0.3817,0,18.0
circuit_294.jpg,757,356,0,2,-0.1779,0.682,0.3817,0,18.0
circuit_294.jpg,847,430,0,4,-0.1762,0.6842,0.3817,0,18.0
circuit_294.jpg,930,432,0,2,-0.5542,0.4078,0.3817,0,18.0
circuit_294.jpg,466,444,1,4,-0.0492,0.8859,0.3817,0,18.0
circuit_294.jpg,241,452,1,3,0.1673,1.7808,0.3817,0,18.0
circuit_294.jpg,847,502,0,2,-0.4554,0.4559,0.3817,0,18.0
circuit_294.jpg,208,504,0,1,-0.9329,0.2903,0.3817,0,18.0
circuit_294.jpg,890,511,0,1,-0.3594,0.515,0.3817,0,18.0
circuit_294.jpg,587,519,1,2,-0.6624,0.3656,0.3817,0,18.0
circuit_294.jpg,590,538,1,2,-0.3477,0.5233,0.3817,0,18.0
circuit_294.jpg,886,562,0,3,-0.0318,0.9231,0.3817,0,18.0
circuit_294.jpg,592,574,1,3,0.1606,1.7265,0.3817,0,18.0
circuit_294.jpg,93,578,0,2,0.2188,2.3438,0.3817,0,18.0
circuit_294.jpg,654,588,0,2,-0.1414,0.7297,0.3817,0,18.0
circuit_294.jpg,90,590,1,2,-0.3489,0.5224,0.3817,0,18.0
circuit_294.jpg,668,589,0,1,-0.5167,0.4248,0.3817,0,18.0
circuit_294.jpg,764,607,1,3,0.1082,1.3957,0.3817,0,18.0
circuit_294.jpg,87,620,1,2,-0.4002,0.4881,0.3817,0,18.0
circuit_294.jpg,466,638,1,3,-0.1781,0.6818,0.3817,0,18.0
circuit_294.jpg,521,638,1,2,-0.3492,0.5222,0.3817,0,18.0
circuit_294.jpg,527,682,1,2,-0.1969,0.6597,0.3817,0,18.0
circuit_294.jpg,558,695,1,2,-0.5495,0.4099,0.3817,0,18.0
circuit_294.jpg,825,708,0,2,-0.4046,0.4854,0.3817,0,18.0
circuit_294.jpg,162,769,1,3,-0.3424,0.5271,0.3817,0,18.0
circuit_294.jpg,232,768,1,3,0.0392,1.1146,0.3817,0,18.0
circuit_294.jpg,89,770,1,2,-0.1745,0.6862,0.3817,0,18.0
circuit_294.jpg,580,770,1,3,-0.8237,0.3166,0.1908,0,18.0
circuit_294.jpg,760,772,1,3,-0.1841,0.6746,0.3817,0,18.0
circuit_294.jpg,464,774,1,3,-0.1452,0.7245,0.3817,0,18.0
circuit_294.jpg,876,776,1,3,-0.0382,0.9091,0.3817,0,18.0
circuit_297.jpg,543,185,0,3,-0.2409,0.6378,0.4241,0,20.0
circuit_297.jpg,249,188,0,2,0.0628,1.1737,0.4241,0,20.0
circuit_297.jpg,783,230,0,2,-0.6192,0.4065,0.4241,0,20.0
circuit_297.jpg,242,318,0,3,-0.397,0.5165,0.4241,0,20.0
circuit_297.jpg,152,326,0,2,-0.1228,0.7755,0.4241,0,20.0
circuit_297.jpg,652,443,1,2,-0.3207,0.5694,0.4241,0,20.0
circuit_297.jpg,243,466,0,3,-0.1529,0.7351,0.4241,0,20.0
circuit_297.jpg,794,464,0,4,0.2143,2.0218,0.4241,0,20.0
circuit_297.jpg,774,466,0,2,-0.5008,0.4586,0.4241,0,20.0
circuit_297.jpg,422,469,0,4,0.187,1.7886,0.4241,0,20.0
circuit_297.jpg,664,471,0,4,-0.4259,0.4989,0.4241,0,20.0
circuit_297.jpg,369,471,0,2,-0.3268,0.5648,0.4241,0,20.0
circuit_297.jpg,387,470,0,3,-1.2288,0.2566,-0.4877,0,20.0
circuit_297.jpg,386,486,0,2,-0.6998,0.3774,0.4241,0,20.0
circuit_297.jpg,655,486,1,2,-0.6097,0.4103,0.4241,0,20.0
circuit_297.jpg,366,488,0,3,-0.668,0.3883,0.4241,0,20.0
circuit_297.jpg,342,493,0,2,-1.2087,0.2597,0.0424,0,20.0
circuit_297.jpg,332,498,0,3,-0.1402,0.7516,0.4241,0,20.0
circuit_297.jpg,314,501,0,2,-0.3505,0.5475,0.4241,0,20.0
circuit_297.jpg,315,513,0,2,-0.6765,0.3854,0.4241,0,20.0
circuit_297.jpg,792,524,0,2,0.1581,1.5945,0.4241,0,20.0
circuit_297.jpg,144,596,0,2,-0.5588,0.4315,0.4241,0,20.0
circuit_297.jpg,517,604,0,2,-0.6024,0.4131,0.4241,0,20.0
circuit_297.jpg,802,612,0,3,-0.3029,0.5834,0.4241,0,20.0
circuit_297.jpg,724,619,0,2,-0.3976,0.5161,0.4241,0,20.0
circuit_297.jpg,808,638,0,2,0.0976,1.2991,0.4241,0,20.0
circuit_297.jpg,52,657,0,3,-0.4153,0.5053,0.4241,0,20.0
circuit_297.jpg,811,670,0,2,-0.4211,0.5018,0.4241,0,20.0
circuit_297.jpg,523,672,0,1,-0.5757,0.4242,0.4241,0,20.0
circuit_297.jpg,641,679,0,3,-0.2124,0.6663,0.4241,0,20.0
circuit_297.jpg,412,686,0,2,-0.3923,0.5195,0.4241,0,20.0
circuit_297.jpg,639,696,0,2,-0.1609,0.725,0.4241,0,20.0
circuit_297.jpg,641,742,0,2,-0.475,0.4717,0.4241,0,20.0
circuit_297.jpg,643,760,0,2,-0.4231,0.5006,0.4241,0,20.0
circuit_297.jpg,413,772,0,3,0.1613,1.6137,0.4241,0,20.0
circuit_297.jpg,453,772,0,2,-0.4059,0.5109,0.4241,0,20.0
circuit_297.jpg,646,776,0,2,-0.5182,0.4501,0.4241,0,20.0
circuit_297.jpg,455,786,0,2,-0.5938,0.4167,0.4241,0,20.0
circuit_297.jpg,137,814,0,2,-0.5909,0.4179,0.4241,0,20.0
circuit_297.jpg,740,821,0,2,-0.5286,0.4452,0.4241,0,20.0
circuit_297.jpg,352,824,0,2,-1.0879,0.2805,0.4241,0,20.0
circuit_297.jpg,459,854,0,2,-0.1522,0.7359,0.4241,0,20.0
circuit_297.jpg,512,857,0,2,-0.9919,0.2995,0.4241,0,20.0
circuit_297.jpg,133,872,0,2,-0.4913,0.4633,0.4241,0,20.0
circuit_297.jpg,830,888,0,3,0.0755,1.2165,0.4241,0,20.0
circuit_297.jpg,764,895,0,2,-0.5118,0.4532,0.4241,0,20.0
circuit_297.jpg,714,902,0,2,-0.7993,0.3467,0.4241,0,20.0
circuit_297.jpg,60,904,0,2,-0.5471,0.4367,0.4241,0,20.0
circuit_297.jpg,697,904,0,2,-1.1918,0.2625,0.4029,0,20.0
circuit_297.jpg,640,912,1,3,-0.2315,0.6469,0.4241,0,20.0
circuit_297.jpg,668,909,0,2,-0.7104,0.3738,0.4241,0,20.0
circuit_297.jpg,624,913,1,2,-1.0674,0.2844,0.4241,0,20.0
circuit_297.jpg,520,917,1,3,-0.0597,0.8766,0.4241,0,20.0
circuit_297.jpg,409,921,1,3,-0.2503,0.6288,0.4241,0,20.0
circuit_297.jpg,326,925,1,2,-0.7581,0.3587,0.4241,0,20.0
circuit_297.jpg,130,929,0,3,-0.6125,0.4091,0.4241,0,20.0
circuit_297.jpg,223,929,1,3,-0.4612,0.479,0.4241,0,20.0
circuit_297.jpg,63,929,0,2,-0.2892,0.5946,0.4241,0,20.0
circuit_299.jpg,549,375,1,3,-0.2453,0.161,0.0471,0,2.0
circuit_299.jpg,116,378,1,2,-0.3266,0.126,0.0471,0,2.0
circuit_299.jpg,216,381,1,3,-0.1757,0.2113,0.0471,0,2.0
circuit_299.jpg,696,382,1,3,-0.4619,0.0925,0.0471,0,2.0
circuit_299.jpg,823,389,1,2,-0.612,0.0714,0.0471,0,2.0
circuit_299.jpg,696,512,0,2,-0.8172,0.0545,0.0471,0,2.0
circuit_299.jpg,695,526,0,2,-0.8275,0.0538,0.0471,0,2.0
circuit_299.jpg,692,578,1,2,-0.323,0.1272,0.0471,0,2.0
circuit_299.jpg,553,581,1,4,-0.3904,0.1076,0.0471,0,2.0
circuit_299.jpg,500,585,1,2,-0.307,0.1329,0.0471,0,2.0
circuit_299.jpg,440,590,1,2,-0.4513,0.0945,0.0471,0,2.0
circuit_299.jpg,117,596,0,2,-0.5784,0.0753,0.0471,0,2.0
circuit_299.jpg,220,600,1,3,-0.5682,0.0765,0.0471,0,2.0
circuit_300.jpg,375,361,0,2,-0.3304,0.1851,0.0751,0,3.0
circuit_300.jpg,373,410,0,2,-0.7354,0.0926,0.0751,0,3.0
circuit_300.jpg,171,468,0,4,-0.7422,0.0918,0.0751,0,3.0
circuit_300.jpg,365,467,0,3,-0.4095,0.1549,0.0751,0,3.0
circuit_300.jpg,494,474,0,2,-0.4664,0.1386,0.0751,0,3.0
circuit_300.jpg,895,484,0,2,-0.5642,0.1174,0.0751,0,3.0
circuit_300.jpg,357,563,0,3,-0.6296,0.1065,0.0751,0,3.0
circuit_300.jpg,504,563,0,3,-0.3443,0.179,0.0751,0,3.0
circuit_300.jpg,764,616,0,2,-1.2668,0.0559,0.0751,0,3.0
circuit_300.jpg,777,617,0,2,-0.5219,0.1257,0.0751,0,3.0
circuit_300.jpg,652,625,0,2,-0.5181,0.1265,0.0751,0,3.0
circuit_300.jpg,511,630,0,2,-0.303,0.1985,0.0751,0,3.0
circuit_300.jpg,779,630,0,2,-0.7901,0.0868,0.0751,0,3.0
circuit_303.jpg,268,356,1,3,-0.8379,0.3284,0.4098,0,19.0
circuit_303.jpg,90,357,0,2,-0.293,0.5831,0.4098,0,19.0
circuit_303.jpg,602,358,1,3,-0.4493,0.477,0.4098,0,19.0
circuit_303.jpg,432,360,1,3,-0.4348,0.4852,0.4098,0,19.0
circuit_303.jpg,756,359,1,2,-0.5212,0.4402,0.4098,0,19.0
circuit_303.jpg,90,374,0,2,-0.4574,0.4725,0.4098,0,19.0
circuit_303.jpg,262,454,0,2,-0.3433,0.5441,0.4098,0,19.0
circuit_303.jpg,600,489,1,4,-0.1987,0.6735,0.4098,0,19.0
circuit_303.jpg,766,489,1,4,-0.623,0.3968,0.4098,0,19.0
circuit_303.jpg,884,492,0,2,-0.77,0.3473,0.4098,0,19.0
circuit_303.jpg,432,498,1,4,-0.1532,0.7278,0.4098,0,19.0
circuit_303.jpg,230,500,1,2,-0.316,0.5646,0.4098,0,19.0
circuit_303.jpg,259,501,1,4,-0.4451,0.4794,0.4098,0,19.0
circuit_303.jpg,91,506,1,4,-0.067,0.8595,0.4098,0,19.0
circuit_303.jpg,772,594,1,2,-0.2844,0.5903,0.4098,0,19.0
circuit_303.jpg,604,600,1,2,-0.5021,0.4494,0.4098,0,19.0
circuit_303.jpg,605,644,1,3,-0.3774,0.5205,0.4098,0,19.0
circuit_303.jpg,770,644,1,2,-0.8066,0.3369,0.4098,0,19.0
circuit_303.jpg,434,653,1,3,-0.3343,0.5507,0.4098,0,19.0
circuit_303.jpg,81,658,0,2,-0.248,0.623,0.4098,0,19.0
circuit_303.jpg,254,657,1,3,-0.5659,0.42,0.4098,0,19.0
circuit_303.jpg,232,661,0,2,-0.4529,0.475,0.4098,0,19.0
circuit_303.jpg,332,661,1,2,-0.5499,0.427,0.4098,0,19.0
circuit_312.jpg,425,265,1,3,-0.3564,0.0677,0.0259,0,1.0
circuit_312.jpg,179,265,1,2,-0.495,0.0497,0.0259,0,1.0
circuit_312.jpg,900,268,0,3,-0.2534,0.0927,0.0259,0,1.0
circuit_312.jpg,492,269,0,2,-0.2452,0.0955,0.0259,0,1.0
circuit_312.jpg,889,501,0,2,-0.1845,0.1231,0.0259,0,1.0
circuit_312.jpg,434,504,1,4,-0.2149,0.1075,0.0259,0,1.0
circuit_312.jpg,876,504,1,3,-0.3993,0.0609,0.0259,0,1.0
circuit_312.jpg,181,510,1,2,-0.4704,0.0522,0.0259,0,1.0
circuit_312.jpg,436,720,0,3,-0.1527,0.145,0.0259,0,1.0
circuit_312.jpg,512,721,0,2,-0.7654,0.0327,0.0259,0,1.0
circuit_312.jpg,864,727,1,2,-0.3113,0.0768,0.0259,0,1.0
circuit_318.jpg,416,341,0,2,0.0954,1.205,0.5608,0,28.0
circuit_318.jpg,554,341,0,2,-0.0114,0.98,0.5608,0,28.0
circuit_318.jpg,573,341,0,2,-0.0496,0.9188,0.5608,0,28.0
circuit_318.jpg,414,366,0,3,-0.2018,0.7354,0.5608,0,28.0
circuit_318.jpg,576,368,0,3,-0.0464,0.9237,0.5608,0,28.0
circuit_318.jpg,704,374,0,1,-0.1249,0.8178,0.5608,0,28.0
circuit_318.jpg,713,376,0,2,-0.1853,0.7517,0.5608,0,28.0
circuit_318.jpg,573,386,0,2,-0.0871,0.8656,0.5608,0,28.0
circuit_318.jpg,418,401,0,2,-0.241,0.6994,0.5608,0,28.0
circuit_318.jpg,715,619,0,2,-0.0793,0.8761,0.5608,0,28.0
circuit_318.jpg,586,626,0,2,-0.823,0.4053,0.5608,0,28.0
circuit_318.jpg,598,625,0,2,-0.6874,0.4493,0.5608,0,28.0
circuit_318.jpg,434,632,0,3,0.039,1.0747,0.5608,0,28.0
circuit_324.jpg,128,296,0,2,-0.3836,0.1093,0.0471,0,2.0
circuit_324.jpg,324,315,1,3,-0.616,0.071,0.0471,0,2.0
circuit_324.jpg,496,316,1,3,-0.9208,0.0486,0.0471,0,2.0
circuit_324.jpg,857,324,1,2,-0.5283,0.0818,0.0471,0,2.0
circuit_324.jpg,692,327,1,3,-0.197,0.1928,0.0471,0,2.0
circuit_324.jpg,324,416,1,2,-0.6973,0.0632,0.0471,0,2.0
circuit_324.jpg,133,447,1,4,-0.1696,0.2172,0.0471,0,2.0
circuit_324.jpg,329,449,1,4,-0.3822,0.1096,0.0471,0,2.0
circuit_324.jpg,497,451,1,4,-0.2807,0.1436,0.0471,0,2.0
circuit_324.jpg,440,454,0,5,-0.4784,0.0896,0.0471,0,2.0
circuit_324.jpg,689,459,1,4,-0.8263,0.0539,0.0471,0,2.0
circuit_324.jpg,714,463,0,2,-1.1199,0.0403,0.0471,0,2.0
circuit_324.jpg,744,466,0,2,-1.1505,0.0393,0.0471,0,2.0
circuit_324.jpg,440,472,0,4,-0.9163,0.0488,0.0471,0,2.0
circuit_324.jpg,826,481,0,2,-0.5132,0.084,0.0471,0,2.0
circuit_324.jpg,850,483,1,4,-0.3892,0.1079,0.0471,0,2.0
circuit_324.jpg,401,484,0,3,-0.8531,0.0523,0.0471,0,2.0
circuit_324.jpg,436,486,0,3,-0.3071,0.1329,0.0471,0,2.0
circuit_324.jpg,929,487,1,2,-0.6246,0.0701,0.0471,0,2.0
circuit_324.jpg,410,493,0,3,-0.269,0.1489,0.0471,0,2.0
circuit_324.jpg,298,682,0,2,-0.6283,0.0697,0.0471,0,2.0
circuit_324.jpg,340,682,1,3,-0.3994,0.1054,0.0471,0,2.0
circuit_324.jpg,274,685,0,1,-1.0459,0.0431,0.0471,0,2.0
circuit_324.jpg,503,687,1,3,-0.3312,0.1244,0.0471,0,2.0
circuit_324.jpg,702,692,1,3,-0.4016,0.1049,0.0471,0,2.0
circuit_324.jpg,849,693,1,4,-0.1877,0.2004,0.0471,0,2.0
circuit_324.jpg,926,694,0,2,-0.994,0.0452,0.0471,0,2.0
circuit_327.jpg,372,412,1,2,-0.659,0.0992,0.0726,0,3.0
circuit_327.jpg,841,370,1,2,-0.5133,0.1239,0.0726,0,3.0
circuit_327.jpg,166,374,0,2,-0.8843,0.0759,0.0726,0,3.0
circuit_327.jpg,703,373,1,3,-0.6796,0.0965,0.0726,0,3.0
circuit_327.jpg,411,493,0,2,-0.4662,0.1347,0.0726,0,3.0
circuit_327.jpg,511,543,1,2,-0.5053,0.1256,0.0726,0,3.0
circuit_327.jpg,859,585,0,2,-0.3314,0.1797,0.0726,0,3.0
circuit_327.jpg,860,608,0,2,-0.242,0.2308,0.0726,0,3.0
circuit_327.jpg,654,612,1,2,-0.6412,0.1017,0.0726,0,3.0
circuit_327.jpg,705,612,1,4,-0.1507,0.3251,0.0726,0,3.0
circuit_327.jpg,798,611,0,2,-0.611,0.1062,0.0726,0,3.0
circuit_327.jpg,286,617,0,2,-0.5026,0.1262,0.0726,0,3.0
circuit_327.jpg,163,621,0,2,-0.6201,0.1048,0.0726,0,3.0
circuit_328.jpg,339,146,0,2,-0.7026,0.0894,0.0689,0,3.0
circuit_328.jpg,625,153,0,2,-1.1139,0.0583,0.0689,0,3.0
circuit_328.jpg,825,156,0,2,-0.5874,0.105,0.0689,0,3.0
circuit_328.jpg,233,204,1,2,-0.6451,0.0966,0.0689,0,3.0
circuit_328.jpg,340,205,1,3,-0.1502,0.3146,0.0689,0,3.0
circuit_328.jpg,381,207,0,5,-0.9083,0.0705,0.0689,0,3.0
circuit_328.jpg,496,215,0,3,-0.3722,0.1563,0.0689,0,3.0
circuit_328.jpg,622,216,0,3,-0.6495,0.096,0.0689,0,3.0
circuit_328.jpg,826,218,0,4,-0.2746,0.2007,0.0689,0,3.0
circuit_328.jpg,381,225,0,5,0.0689,3000000.0,0.0689,0,3.0
circuit_328.jpg,990,229,0,2,-0.8898,0.0719,0.0689,0,3.0
circuit_328.jpg,525,311,1,2,-0.8603,0.0742,0.0689,0,3.0
circuit_328.jpg,803,410,0,2,-0.695,0.0902,0.0689,0,3.0
circuit_328.jpg,804,484,0,2,-0.8422,0.0757,0.0689,0,3.0
circuit_328.jpg,655,502,0,3,-0.8644,0.0739,0.0689,0,3.0
circuit_328.jpg,486,505,1,3,-0.6348,0.098,0.0689,0,3.0
circuit_328.jpg,526,506,1,4,-0.5316,0.1148,0.0689,0,3.0
circuit_328.jpg,804,514,0,3,-0.1275,0.3509,0.0689,0,3.0
circuit_328.jpg,978,522,0,3,-0.9269,0.0692,0.0689,0,3.0
circuit_328.jpg,199,558,1,2,-0.446,0.1339,0.0689,0,3.0
circuit_328.jpg,350,560,1,3,-0.5643,0.1089,0.0689,0,3.0
circuit_328.jpg,486,578,1,2,-0.6542,0.0953,0.0689,0,3.0
circuit_328.jpg,306,598,0,2,-0.4588,0.1306,0.0689,0,3.0
circuit_328.jpg,815,667,0,2,-0.5615,0.1094,0.0689,0,3.0
circuit_328.jpg,820,740,0,3,-0.4673,0.1286,0.0689,0,3.0
circuit_328.jpg,534,746,0,2,-0.3848,0.152,0.0689,0,3.0
circuit_328.jpg,630,747,0,3,-0.7904,0.0802,0.0689,0,3.0
circuit_328.jpg,555,750,0,2,-0.4239,0.1399,0.0689,0,3.0
circuit_328.jpg,971,752,0,2,-0.4098,0.144,0.0689,0,3.0
circuit_328.jpg,556,777,0,2,-0.4222,0.1404,0.0689,0,3.0
circuit_333.jpg,310,374,0,1,-0.7789,0.1087,0.095,0,4.0
circuit_333.jpg,128,377,1,2,-0.4821,0.1646,0.095,0,4.0
circuit_333.jpg,457,377,0,2,-0.7272,0.1155,0.095,0,4.0
circuit_333.jpg,791,473,1,3,-0.4426,0.1767,0.095,0,4.0
circuit_333.jpg,464,479,0,3,-0.5516,0.1469,0.095,0,4.0
circuit_333.jpg,908,479,1,2,-0.563,0.1444,0.095,0,4.0
circuit_333.jpg,504,482,0,3,-0.4408,0.1773,0.095,0,4.0
circuit_333.jpg,295,485,0,2,-0.8562,0.0999,0.095,0,4.0
circuit_333.jpg,146,592,1,2,-0.559,0.1453,0.095,0,4.0
circuit_333.jpg,301,606,1,2,-0.5864,0.1394,0.095,0,4.0
circuit_333.jpg,799,617,1,2,-0.591,0.1385,0.095,0,4.0
circuit_333.jpg,389,620,1,4,-0.507,0.1578,0.095,0,4.0
circuit_333.jpg,354,623,1,2,-0.747,0.1128,0.095,0,4.0
circuit_333.jpg,303,625,1,3,-0.4638,0.17,0.095,0,4.0
circuit_333.jpg,906,626,0,2,-0.3668,0.2057,0.095,0,4.0
circuit_333.jpg,148,628,1,2,-0.5575,0.1456,0.095,0,4.0
circuit_337.jpg,564,106,0,3,-0.7161,0.0876,0.0687,0,3.0
circuit_337.jpg,646,108,0,2,-1.3912,0.0471,-0.756,0,3.0
circuit_337.jpg,825,116,0,2,-0.7579,0.0831,0.0687,0,3.0
circuit_337.jpg,740,218,1,2,-1.2714,0.0513,-0.252,0,3.0
circuit_337.jpg,318,232,0,3,-0.285,0.1943,0.0687,0,3.0
circuit_337.jpg,811,302,1,2,-0.6552,0.0949,0.0687,0,3.0
circuit_337.jpg,805,350,1,2,-0.3186,0.1774,0.0687,0,3.0
circuit_337.jpg,500,374,1,4,-0.686,0.0911,0.0687,0,3.0
circuit_337.jpg,803,374,1,4,-0.8839,0.0721,0.0687,0,3.0
circuit_337.jpg,456,377,1,2,-0.5823,0.1056,0.0687,0,3.0
circuit_337.jpg,687,380,1,1,-0.5477,0.1115,0.0687,0,3.0
circuit_337.jpg,324,380,0,3,-0.282,0.1959,0.0687,0,3.0
circuit_337.jpg,396,401,0,4,-0.4505,0.1324,0.0687,0,3.0
circuit_337.jpg,450,397,0,4,-0.0756,0.4762,0.0687,0,3.0
circuit_337.jpg,412,402,0,3,-0.6558,0.0949,0.0687,0,3.0
circuit_337.jpg,856,461,1,2,-0.9038,0.0707,0.0687,0,3.0
circuit_337.jpg,803,464,1,3,-0.8204,0.0773,0.0687,0,3.0
circuit_337.jpg,859,494,1,2,-1.0595,0.0609,0.0687,0,3.0
circuit_337.jpg,861,505,1,2,-0.9615,0.0667,0.0687,0,3.0
circuit_337.jpg,634,518,1,2,-0.6058,0.1019,0.0687,0,3.0
circuit_337.jpg,570,522,1,2,-0.7167,0.0875,0.0687,0,3.0
circuit_337.jpg,688,560,1,3,-0.3724,0.1558,0.0687,0,3.0
circuit_337.jpg,69,566,0,3,-0.4294,0.138,0.0687,0,3.0
circuit_337.jpg,901,584,1,2,-0.5592,0.1095,0.0687,0,3.0
circuit_337.jpg,682,678,1,2,-0.9797,0.0656,0.0687,0,3.0
circuit_337.jpg,754,689,1,2,-0.923,0.0693,0.0687,0,3.0
circuit_337.jpg,496,699,1,2,-0.2793,0.1975,0.0687,0,3.0
circuit_337.jpg,535,699,1,2,-0.8641,0.0737,0.0687,0,3.0
circuit_337.jpg,636,766,0,3,-0.5222,0.1163,0.0687,0,3.0
circuit_337.jpg,825,773,0,2,-0.8214,0.0772,0.0687,0,3.0
circuit_337.jpg,537,787,1,2,-0.3818,0.1525,0.0687,0,3.0
circuit_337.jpg,632,795,1,4,-0.2749,0.2,0.0687,0,3.0
circuit_337.jpg,71,840,0,2,-0.5086,0.119,0.0687,0,3.0
circuit_337.jpg,902,852,0,2,-0.7602,0.0829,0.0687,0,3.0
circuit_337.jpg,773,855,0,3,-0.4452,0.1337,0.0687,0,3.0
circuit_337.jpg,327,857,1,3,-0.3931,0.1488,0.0687,0,3.0
circuit_337.jpg,874,855,0,3,-0.7061,0.0887,0.0687,0,3.0
circuit_337.jpg,630,857,1,3,-0.8736,0.0729,0.0687,0,3.0
circuit_337.jpg,502,860,1,3,-0.9028,0.0707,0.0687,0,3.0
circuit_337.jpg,204,864,0,3,-0.4673,0.1282,0.0687,0,3.0
circuit_337.jpg,98,868,0,2,-1.1726,0.0554,0.0687,0,3.0
circuit_344.jpg,564,258,1,3,-0.6751,0.1168,0.0892,0,4.0
circuit_344.jpg,644,262,1,2,-0.9973,0.0821,0.0892,0,4.0
circuit_344.jpg,328,266,1,3,-0.5105,0.1488,0.0892,0,4.0
circuit_344.jpg,774,265,1,2,-1.1624,0.0713,0.0892,0,4.0
circuit_344.jpg,827,266,1,2,-0.8127,0.099,0.0892,0,4.0
circuit_344.jpg,156,268,0,2,-1.147,0.0722,0.0892,0,4.0
circuit_344.jpg,238,381,0,2,-0.5801,0.1333,0.0892,0,4.0
circuit_344.jpg,440,417,0,2,-0.3052,0.2263,0.0892,0,4.0
circuit_344.jpg,571,418,1,3,-0.5427,0.1412,0.0892,0,4.0
circuit_344.jpg,336,432,1,2,-0.8997,0.0902,0.0892,0,4.0
circuit_344.jpg,572,437,1,2,-0.3135,0.2216,0.0892,0,4.0
circuit_344.jpg,437,450,0,1,-0.4846,0.1555,0.0892,0,4.0
circuit_344.jpg,435,466,0,2,-0.8302,0.0971,0.0892,0,4.0
circuit_344.jpg,76,496,0,3,-0.6678,0.1179,0.0892,0,4.0
circuit_344.jpg,222,497,0,3,-0.5892,0.1315,0.0892,0,4.0
circuit_344.jpg,446,498,0,3,-0.766,0.1043,0.0892,0,4.0
circuit_344.jpg,874,501,0,2,-0.8527,0.0947,0.0892,0,4.0
circuit_344.jpg,439,520,0,2,-0.6214,0.1256,0.0892,0,4.0
circuit_344.jpg,213,573,0,2,-0.7248,0.1096,0.0892,0,4.0
circuit_344.jpg,433,574,0,3,-0.3117,0.2226,0.0892,0,4.0
circuit_344.jpg,726,583,0,3,-0.5956,0.1303,0.0892,0,4.0
circuit_344.jpg,612,586,0,3,-0.8289,0.0972,0.0892,0,4.0
circuit_344.jpg,806,605,0,1,-0.4139,0.1774,0.0892,0,4.0
circuit_344.jpg,430,624,0,2,-0.6796,0.1161,0.0892,0,4.0
circuit_344.jpg,550,652,0,2,-0.7226,0.1099,0.0892,0,4.0
circuit_344.jpg,209,686,0,2,-0.574,0.1346,0.0892,0,4.0
circuit_344.jpg,212,733,0,2,-0.7723,0.1036,0.0892,0,4.0
circuit_344.jpg,911,728,0,2,-0.589,0.1316,0.0892,0,4.0
circuit_344.jpg,514,732,0,3,-0.6335,0.1235,0.0892,0,4.0
circuit_344.jpg,712,732,0,3,-0.6019,0.1291,0.0892,0,4.0
circuit_344.jpg,810,732,0,3,-0.6509,0.1206,0.0892,0,4.0
circuit_344.jpg,606,734,0,3,-0.468,0.1601,0.0892,0,4.0
circuit_344.jpg,98,735,0,2,-0.6764,0.1166,0.0892,0,4.0
circuit_35.jpg,718,364,0,2,-0.7422,0.096,0.0788,0,4.0
circuit_35.jpg,358,391,0,2,-0.574,0.1207,0.0788,0,4.0
circuit_35.jpg,217,401,1,2,-0.5833,0.119,0.0788,0,4.0
circuit_35.jpg,219,448,1,2,-0.3634,0.1782,0.0788,0,4.0
circuit_35.jpg,728,458,0,3,-0.4714,0.1432,0.0788,0,4.0
circuit_35.jpg,696,460,0,2,-0.8865,0.0816,0.0788,0,4.0
circuit_35.jpg,628,468,0,2,-0.402,0.1639,0.0788,0,4.0
circuit_35.jpg,280,508,0,2,-0.2462,0.2424,0.0788,0,4.0
circuit_35.jpg,234,512,1,2,-0.2129,0.2701,0.0788,0,4.0
circuit_35.jpg,739,526,0,2,-0.2887,0.2144,0.0788,0,4.0
circuit_35.jpg,316,564,0,4,-0.4678,0.1441,0.0788,0,4.0
circuit_35.jpg,745,565,0,2,-0.3165,0.1993,0.0788,0,4.0
circuit_35.jpg,704,574,0,2,-0.8187,0.0878,0.0788,0,4.0
circuit_35.jpg,246,576,1,2,-0.568,0.1218,0.0788,0,4.0
circuit_35.jpg,690,576,0,2,-0.762,0.0937,0.0788,0,4.0
circuit_35.jpg,678,578,0,2,-0.5352,0.1283,0.0788,0,4.0
circuit_35.jpg,654,581,0,2,-0.4432,0.1509,0.0788,0,4.0
circuit_35.jpg,254,633,1,3,-0.2714,0.225,0.0788,0,4.0
circuit_35.jpg,758,651,0,1,-0.4411,0.1516,0.0788,0,4.0
circuit_35.jpg,258,656,0,2,-0.4334,0.1538,0.0788,0,4.0
circuit_35.jpg,654,665,0,2,-0.4377,0.1526,0.0788,0,4.0
circuit_35.jpg,260,670,0,2,-0.3982,0.1652,0.0788,0,4.0
circuit_35.jpg,264,696,0,2,-0.3437,0.1865,0.0788,0,4.0
circuit_350.jpg,606,281,0,2,-0.6797,0.0357,0.0251,0,1.0
circuit_350.jpg,705,282,1,3,-0.4297,0.0553,0.0251,0,1.0
circuit_350.jpg,512,284,1,3,-0.2747,0.0838,0.0251,0,1.0
circuit_350.jpg,63,286,0,2,-0.6706,0.0361,0.0251,0,1.0
circuit_350.jpg,264,286,0,2,-0.9658,0.0254,0.0251,0,1.0
circuit_350.jpg,276,287,1,3,-0.4499,0.0529,0.0251,0,1.0
circuit_350.jpg,867,414,0,1,-0.5961,0.0405,0.0251,0,1.0
circuit_350.jpg,512,454,1,2,-0.2969,0.078,0.0251,0,1.0
circuit_350.jpg,862,505,1,4,-0.2331,0.0973,0.0251,0,1.0
circuit_350.jpg,510,506,1,4,-0.3505,0.0669,0.0251,0,1.0
circuit_350.jpg,704,506,1,4,-0.3807,0.0619,0.0251,0,1.0
circuit_350.jpg,939,506,0,2,-1.0362,0.0237,0.0251,0,1.0
circuit_350.jpg,274,509,1,4,-0.5673,0.0424,0.0251,0,1.0
circuit_350.jpg,836,509,1,2,-0.9336,0.0262,0.0251,0,1.0
circuit_350.jpg,63,514,1,3,-0.2782,0.0829,0.0251,0,1.0
circuit_350.jpg,853,694,1,2,-0.7929,0.0307,0.0251,0,1.0
circuit_350.jpg,851,710,1,2,-0.6369,0.038,0.0251,0,1.0
circuit_350.jpg,695,715,1,3,-0.3244,0.0719,0.0251,0,1.0
circuit_350.jpg,269,724,1,3,-0.1944,0.1145,0.0251,0,1.0
circuit_350.jpg,546,721,0,2,-1.043,0.0235,0.0251,0,1.0
circuit_350.jpg,504,723,1,3,-0.6227,0.0388,0.0251,0,1.0
circuit_350.jpg,66,737,1,2,-0.6582,0.0368,0.0251,0,1.0
circuit_355.jpg,589,364,0,3,-0.7061,0.0915,0.0711,0,3.0
circuit_355.jpg,396,365,0,3,-0.5013,0.1242,0.0711,0,3.0
circuit_355.jpg,194,434,0,1,-0.4937,0.1259,0.0711,0,3.0
circuit_355.jpg,391,540,0,2,-0.653,0.0982,0.0711,0,3.0
circuit_355.jpg,201,602,0,2,-0.3496,0.169,0.0711,0,3.0
circuit_355.jpg,919,602,0,2,-0.4663,0.1323,0.0711,0,3.0
circuit_355.jpg,388,603,0,3,-0.5496,0.1145,0.0711,0,3.0
circuit_355.jpg,596,603,0,3,-0.3923,0.1534,0.0711,0,3.0
circuit_356.jpg,368,382,1,3,-0.3908,0.5009,0.3923,0,20.0
circuit_356.jpg,567,383,1,3,-0.5738,0.406,0.3923,0,20.0
circuit_356.jpg,232,387,0,2,0.0101,1.0264,0.3923,0,20.0
circuit_356.jpg,368,580,1,3,-0.6832,0.3647,0.3923,0,20.0
circuit_356.jpg,472,580,1,3,-0.1976,0.665,0.3923,0,20.0
circuit_356.jpg,566,585,1,3,-0.1205,0.765,0.3923,0,20.0
circuit_361.jpg,865,376,0,2,-0.4521,0.118,0.0605,0,3.0
circuit_361.jpg,680,382,0,3,-0.2356,0.2043,0.0605,0,3.0
circuit_361.jpg,471,386,0,3,-0.2099,0.2237,0.0605,0,3.0
circuit_361.jpg,473,504,0,2,-0.6836,0.0813,0.0605,0,3.0
circuit_361.jpg,857,564,0,2,-0.2508,0.1943,0.0605,0,3.0
circuit_361.jpg,682,567,0,3,-0.328,0.1557,0.0605,0,3.0
circuit_361.jpg,475,570,0,4,-0.2499,0.1948,0.0605,0,3.0
circuit_372.jpg,798,360,1,2,-0.6782,0.4055,0.4626,0,23.0
circuit_372.jpg,173,365,1,2,-0.3933,0.5405,0.4626,0,23.0
circuit_372.jpg,526,362,0,3,-0.1138,0.8026,0.4626,0,23.0
circuit_372.jpg,390,364,0,3,-0.7094,0.3947,0.4626,0,23.0
circuit_372.jpg,387,400,0,2,-0.7954,0.3677,0.4626,0,23.0
circuit_372.jpg,801,456,1,2,-0.1467,0.7593,0.4626,0,23.0
circuit_372.jpg,379,540,0,1,-0.3108,0.5981,0.4626,0,23.0
circuit_372.jpg,156,590,1,2,-0.0324,0.9346,0.4626,0,23.0
circuit_372.jpg,528,632,1,4,0.0827,1.2178,0.4626,0,23.0
circuit_372.jpg,799,630,1,2,-0.3419,0.575,0.4626,0,23.0
circuit_372.jpg,378,633,1,3,-0.1875,0.7116,0.4626,0,23.0
circuit_372.jpg,386,633,1,2,-0.7844,0.371,0.4626,0,23.0
circuit_374.jpg,208,360,0,2,0.1138,1.3653,0.4254,0,23.0
circuit_374.jpg,523,366,1,3,-0.0633,0.8705,0.4254,0,23.0
circuit_374.jpg,533,560,1,2,-0.5514,0.4355,0.4254,0,23.0
circuit_374.jpg,498,577,0,2,-0.3616,0.5405,0.4254,0,23.0
circuit_374.jpg,531,580,1,3,-0.0652,0.867,0.4254,0,23.0
circuit_383.jpg,797,391,0,2,-0.7243,0.0548,0.042,0,2.0
circuit_383.jpg,386,394,1,3,-0.2427,0.1474,0.042,0,2.0
circuit_383.jpg,135,396,0,2,-0.5589,0.0698,0.042,0,2.0
circuit_383.jpg,570,395,0,3,-0.3154,0.1174,0.042,0,2.0
circuit_383.jpg,807,600,0,2,-0.5579,0.0699,0.042,0,2.0
circuit_383.jpg,579,614,1,3,-0.4879,0.0792,0.042,0,2.0
circuit_383.jpg,558,618,1,2,-0.3794,0.0996,0.042,0,2.0
circuit_383.jpg,526,622,1,3,-0.1926,0.1789,0.042,0,2.0
circuit_383.jpg,390,629,1,2,-0.5099,0.076,0.042,0,2.0
circuit_383.jpg,326,641,0,2,-0.747,0.0532,0.042,0,2.0
circuit_383.jpg,308,644,0,2,-0.8286,0.0482,0.042,0,2.0
circuit_383.jpg,280,647,0,2,-0.3967,0.0957,0.042,0,2.0
circuit_383.jpg,242,651,0,2,-0.7256,0.0547,0.042,0,2.0
circuit_383.jpg,222,654,0,2,-0.7228,0.0549,0.042,0,2.0
circuit_383.jpg,149,661,0,2,-0.2846,0.1285,0.042,0,2.0
circuit_384.jpg,302,361,0,2,-0.5864,0.1187,0.079,0,3.0
circuit_384.jpg,644,366,0,2,-0.3613,0.1793,0.079,0,3.0
circuit_384.jpg,680,460,0,2,-0.6122,0.1142,0.079,0,3.0
circuit_384.jpg,490,464,1,3,-0.9783,0.0747,0.079,0,3.0
circuit_384.jpg,297,468,0,3,-0.4614,0.1461,0.079,0,3.0
circuit_384.jpg,493,656,0,2,-0.0942,0.456,0.079,0,3.0
circuit_384.jpg,468,659,0,2,-0.4917,0.1384,0.079,0,3.0
circuit_384.jpg,297,672,0,2,-0.6869,0.1031,0.079,0,3.0
circuit_386.jpg,795,360,0,2,-0.3514,0.3306,0.1735,0,8.0
circuit_386.jpg,498,368,0,3,-0.3615,0.3243,0.1735,0,8.0
circuit_386.jpg,162,368,0,3,-0.3021,0.3649,0.1735,0,8.0
circuit_386.jpg,436,370,1,2,-0.1553,0.5278,0.1735,0,8.0
circuit_386.jpg,476,373,1,3,-0.3275,0.3464,0.1735,0,8.0
circuit_386.jpg,397,409,0,2,-0.9064,0.1607,0.1735,0,8.0
circuit_386.jpg,558,417,0,2,-0.4736,0.2682,0.1735,0,8.0
circuit_386.jpg,477,414,0,1,-0.4968,0.2589,0.1735,0,8.0
circuit_386.jpg,162,426,0,1,-0.2372,0.4225,0.1735,0,8.0
circuit_386.jpg,333,440,0,1,-0.3055,0.3623,0.1735,0,8.0
circuit_386.jpg,624,454,0,1,-0.3955,0.305,0.1735,0,8.0
circuit_386.jpg,153,534,1,2,-0.4225,0.2911,0.1735,0,8.0
circuit_386.jpg,178,544,1,2,-0.6143,0.2203,0.1735,0,8.0
circuit_386.jpg,197,552,1,2,-0.68,0.2033,0.1735,0,8.0
circuit_386.jpg,259,574,1,2,-0.4829,0.2644,0.1735,0,8.0
circuit_386.jpg,640,574,0,3,-0.2056,0.4577,0.1735,0,8.0
circuit_386.jpg,796,576,0,3,-0.3483,0.3326,0.1735,0,8.0
circuit_386.jpg,576,605,0,2,-0.5532,0.2388,0.1735,0,8.0
circuit_386.jpg,332,597,1,3,-0.4258,0.2895,0.1735,0,8.0
circuit_386.jpg,360,611,1,2,-0.5158,0.2517,0.1735,0,8.0
circuit_386.jpg,386,622,1,1,-0.4594,0.2742,0.1735,0,8.0
circuit_386.jpg,406,630,1,2,-0.4213,0.2918,0.1735,0,8.0
circuit_386.jpg,515,642,0,3,-1.41,0.1096,-0.4122,0,8.0
circuit_386.jpg,414,649,0,3,0.1639,18.0,0.1735,0,8.0
circuit_386.jpg,152,647,0,2,-0.4997,0.2578,0.1735,0,8.0
circuit_386.jpg,180,648,0,2,-0.4782,0.2663,0.1735,0,8.0
circuit_386.jpg,475,653,0,4,0.0058,1.0346,0.1735,0,8.0
circuit_386.jpg,800,650,0,2,-0.3786,0.3143,0.1735,0,8.0
circuit_386.jpg,660,697,0,4,-0.523,0.2491,0.1735,0,8.0
circuit_386.jpg,679,701,0,4,-0.5315,0.2462,0.1735,0,8.0
circuit_386.jpg,608,730,0,5,-0.48,0.2656,0.0868,0,8.0
circuit_386.jpg,36,730,0,3,-1.4209,0.1088,-0.0217,0,8.0
circuit_386.jpg,58,730,0,4,-1.6548,0.0949,-0.2169,0,8.0
circuit_386.jpg,101,728,0,3,-1.9678,0.081,-0.9762,0,8.0
circuit_386.jpg,124,730,0,4,-1.6161,0.097,-1.4751,0,8.0
circuit_386.jpg,155,727,0,3,-1.2582,0.1212,0.1735,0,8.0
circuit_386.jpg,294,727,0,3,-1.2473,0.1221,-0.0868,0,8.0
circuit_386.jpg,311,730,0,3,-0.6773,0.204,0.1735,0,8.0
circuit_386.jpg,382,730,0,3,-1.5305,0.1018,-0.0217,0,8.0
circuit_386.jpg,410,727,0,3,-1.5836,0.0988,0.0434,0,8.0
circuit_386.jpg,428,730,0,3,-0.8042,0.1775,0.1735,0,8.0
circuit_386.jpg,470,727,0,3,-1.5315,0.1018,0.1735,0,8.0
circuit_386.jpg,510,727,0,3,-1.6053,0.0976,0.0868,0,8.0
circuit_386.jpg,562,726,0,4,-1.6327,0.0961,0.1735,0,8.0
circuit_386.jpg,638,730,0,3,-0.4098,0.2975,0.1518,0,8.0
circuit_386.jpg,772,727,0,3,-1.4041,0.11,0.0651,0,8.0
circuit_386.jpg,789,730,0,4,-0.2073,0.4557,0.1735,0,8.0
circuit_386.jpg,860,727,0,2,-1.6039,0.0976,0.1735,0,8.0
circuit_386.jpg,964,727,0,3,-1.2424,0.1226,0.0434,0,8.0
circuit_386.jpg,1002,727,0,3,-0.8867,0.1637,0.1302,0,8.0
circuit_386.jpg,76,733,0,2,-1.3679,0.1126,0.1735,0,8.0
circuit_386.jpg,165,732,0,2,-1.141,0.132,0.1735,0,8.0
circuit_386.jpg,210,732,0,4,-0.4377,0.2839,0.1735,0,8.0
circuit_386.jpg,452,732,0,2,-1.4202,0.1089,0.1735,0,8.0
circuit_386.jpg,480,731,0,3,-1.4585,0.1063,0.1085,0,8.0
circuit_386.jpg,529,732,0,2,-0.8706,0.1662,0.1735,0,8.0
circuit_386.jpg,659,732,0,2,-0.6393,0.2135,0.1735,0,8.0
circuit_386.jpg,830,732,0,3,-0.5491,0.2402,0.1735,0,8.0
circuit_386.jpg,873,732,0,2,-0.3764,0.3155,0.1735,0,8.0
circuit_386.jpg,977,732,0,2,-0.8791,0.1649,0.1735,0,8.0
circuit_386.jpg,1012,731,0,2,-0.9563,0.1536,0.1735,0,8.0
circuit_386.jpg,568,735,0,2,-1.4968,0.1039,0.1735,0,8.0
circuit_394.jpg,892,160,1,2,-0.4788,0.3686,0.2796,0,13.0
circuit_394.jpg,730,164,1,2,0.0958,1.5213,0.2796,0,13.0
circuit_394.jpg,545,168,1,3,-0.0733,0.7922,0.2796,0,13.0
circuit_394.jpg,194,174,0,3,-0.1193,0.7009,0.2796,0,13.0
circuit_394.jpg,342,173,1,2,-0.2158,0.5643,0.2796,0,13.0
circuit_394.jpg,367,174,1,3,-0.2431,0.5349,0.2796,0,13.0
circuit_394.jpg,892,242,1,2,-1.1681,0.1931,0.2796,0,13.0
circuit_394.jpg,44,308,1,3,-0.0091,0.9685,0.2796,0,13.0
circuit_394.jpg,768,310,0,2,-0.9069,0.2356,0.2796,0,13.0
circuit_394.jpg,890,310,1,3,-0.487,0.3647,0.2796,0,13.0
circuit_394.jpg,210,312,1,1,-0.412,0.4042,0.2796,0,13.0
circuit_394.jpg,294,313,1,2,-0.6193,0.311,0.2796,0,13.0
circuit_394.jpg,386,317,1,3,-0.393,0.4157,0.2796,0,13.0
circuit_394.jpg,410,316,1,2,-0.486,0.3652,0.2796,0,13.0
circuit_394.jpg,752,321,0,2,-0.2788,0.5007,0.2796,0,13.0
circuit_394.jpg,561,325,1,2,-0.8118,0.2562,0.2796,0,13.0
circuit_394.jpg,731,324,1,3,-0.513,0.3527,0.2796,0,13.0
circuit_394.jpg,541,329,1,2,-0.6678,0.2951,0.2796,0,13.0
circuit_394.jpg,885,438,1,2,-0.9602,0.2255,0.2796,0,13.0
circuit_394.jpg,882,487,1,4,0.0486,1.2103,0.2796,0,13.0
circuit_394.jpg,726,492,1,3,-0.2601,0.5181,0.2796,0,13.0
circuit_394.jpg,41,495,1,3,-0.5006,0.3583,0.2796,0,13.0
circuit_394.jpg,203,496,1,2,-0.5383,0.3418,0.2796,0,13.0
circuit_394.jpg,562,495,1,2,-0.3729,0.4284,0.2796,0,13.0
circuit_394.jpg,554,500,1,1,-0.2581,0.52,0.2796,0,13.0
circuit_394.jpg,542,504,1,3,-0.623,0.3097,0.2796,0,13.0
circuit_394.jpg,538,632,1,2,-1.0333,0.2129,0.2796,0,13.0
circuit_394.jpg,586,708,1,2,-0.4927,0.362,0.2796,0,13.0
circuit_394.jpg,542,710,1,3,-0.1788,0.6099,0.2796,0,13.0
circuit_394.jpg,879,711,1,3,-0.1888,0.5969,0.2796,0,13.0
circuit_394.jpg,372,715,0,3,-0.1866,0.5997,0.2796,0,13.0
circuit_394.jpg,205,722,1,2,-0.5591,0.3333,0.2796,0,13.0
circuit_394.jpg,32,724,1,3,-0.3745,0.4274,0.2796,0,13.0
circuit_394.jpg,879,910,1,2,-0.2242,0.5549,0.2796,0,13.0
circuit_394.jpg,800,914,1,2,-0.2876,0.4929,0.2796,0,13.0
circuit_394.jpg,750,918,1,2,-0.6041,0.3164,0.2796,0,13.0
circuit_394.jpg,186,931,0,3,-0.24,0.5381,0.2796,0,13.0
circuit_41.jpg,553,377,1,3,-0.0382,0.9351,0.5508,0,26.0
circuit_41.jpg,400,379,1,3,0.0315,1.0606,0.5508,0,26.0
circuit_41.jpg,556,561,1,3,0.0276,1.0528,0.5508,0,26.0
circuit_41.jpg,403,563,1,3,-0.255,0.6835,0.5508,0,26.0
circuit_41.jpg,482,563,1,3,-0.1751,0.7588,0.5508,0,26.0
circuit_41.jpg,706,563,1,2,-0.8696,0.3878,0.5508,0,26.0
circuit_41.jpg,748,566,1,2,-0.1456,0.7909,0.5508,0,26.0
circuit_415.jpg,145,194,0,2,-0.3729,0.4474,0.3019,0,14.0
circuit_415.jpg,206,195,0,2,-1.8116,0.1429,-1.0352,0,14.0
circuit_415.jpg,303,203,0,2,-0.5954,0.3365,0.3019,0,14.0
circuit_415.jpg,322,203,0,2,-1.7404,0.1478,-1.2508,0,14.0
circuit_415.jpg,335,203,0,2,-1.8223,0.1421,-1.1861,0,14.0
circuit_415.jpg,473,210,0,2,-0.9979,0.2323,0.2588,0,14.0
circuit_415.jpg,498,212,0,3,-0.6362,0.3218,0.3019,0,14.0
circuit_415.jpg,722,219,0,2,-1.6805,0.1523,-0.8195,0,14.0
circuit_415.jpg,758,219,0,2,-0.6326,0.3231,0.3019,0,14.0
circuit_415.jpg,302,354,1,2,-0.677,0.3084,0.3019,0,14.0
circuit_415.jpg,302,366,1,2,-0.8238,0.2682,0.3019,0,14.0
circuit_415.jpg,506,376,1,3,-0.0486,0.8613,0.3019,0,14.0
circuit_415.jpg,708,378,1,2,-0.3768,0.4448,0.3019,0,14.0
circuit_415.jpg,908,443,1,2,-0.276,0.5224,0.3019,0,14.0
circuit_415.jpg,142,470,1,3,-0.0455,0.869,0.3019,0,14.0
circuit_415.jpg,245,477,1,3,-0.3395,0.4707,0.3019,0,14.0
circuit_415.jpg,472,482,0,2,-0.378,0.444,0.3019,0,14.0
circuit_415.jpg,511,486,0,2,-0.1241,0.7086,0.3019,0,14.0
circuit_415.jpg,677,520,0,3,-0.1222,0.7119,0.3019,0,14.0
circuit_415.jpg,616,523,0,2,-0.2441,0.553,0.3019,0,14.0
circuit_415.jpg,405,530,0,2,-0.5945,0.3368,0.3019,0,14.0
circuit_415.jpg,745,531,0,2,-0.3235,0.4828,0.3019,0,14.0
circuit_415.jpg,781,534,0,2,-0.4411,0.4064,0.3019,0,14.0
circuit_415.jpg,820,544,0,1,-0.2817,0.5173,0.3019,0,14.0
circuit_415.jpg,266,558,0,2,-0.7265,0.2936,0.3019,0,14.0
circuit_415.jpg,405,562,0,3,-0.053,0.8506,0.3019,0,14.0
circuit_415.jpg,514,594,0,2,-0.4888,0.3818,0.3019,0,14.0
circuit_415.jpg,607,593,0,2,-0.4914,0.3806,0.3019,0,14.0
circuit_415.jpg,738,620,0,2,-0.891,0.2531,0.3019,0,14.0
circuit_415.jpg,898,631,0,2,-0.8709,0.2574,0.3019,0,14.0
circuit_415.jpg,514,640,0,2,-1.043,0.2245,0.3019,0,14.0
circuit_415.jpg,139,642,0,2,-0.4608,0.3958,0.3019,0,14.0
circuit_415.jpg,682,671,0,3,-0.6219,0.3268,0.3019,0,14.0
circuit_415.jpg,782,675,0,3,-0.6039,0.3333,0.3019,0,14.0
circuit_415.jpg,270,682,0,2,-0.6992,0.3016,0.3019,0,14.0
circuit_415.jpg,890,683,0,2,-0.1471,0.6724,0.3019,0,14.0
circuit_415.jpg,404,688,0,2,-0.7029,0.3005,0.3019,0,14.0
circuit_415.jpg,404,699,0,2,-0.7154,0.2968,0.3019,0,14.0
circuit_415.jpg,270,750,0,3,-0.3938,0.434,0.3019,0,14.0
circuit_415.jpg,513,758,0,4,0.1011,1.5037,0.3019,0,14.0
circuit_415.jpg,681,780,0,2,-0.6017,0.3341,0.3019,0,14.0
circuit_417.jpg,255,391,0,1,-0.0593,0.8544,0.3481,0,18.0
circuit_417.jpg,823,422,1,2,-0.4597,0.4309,0.3481,0,18.0
circuit_417.jpg,834,619,0,2,-0.6329,0.3548,0.3481,0,18.0
circuit_417.jpg,556,628,0,3,-0.2186,0.6143,0.3481,0,18.0
circuit_417.jpg,396,632,0,2,-0.5969,0.3683,0.3481,0,18.0
circuit_427.jpg,481,325,0,3,-0.1079,0.4348,0.083,0,4.0
circuit_427.jpg,566,325,0,2,-1.2783,0.061,0.083,0,4.0
circuit_427.jpg,292,330,0,2,-0.2102,0.283,0.083,0,4.0
circuit_427.jpg,285,466,1,2,-0.3714,0.1827,0.083,0,4.0
circuit_427.jpg,650,478,0,3,-0.2749,0.2319,0.083,0,4.0
circuit_427.jpg,480,487,0,4,-0.3651,0.1852,0.083,0,4.0
circuit_427.jpg,434,490,0,2,-0.9479,0.0805,0.083,0,4.0
circuit_427.jpg,286,494,1,3,-0.3595,0.1876,0.083,0,4.0
circuit_427.jpg,285,512,1,1,-0.7197,0.1034,0.083,0,4.0
circuit_427.jpg,216,571,0,3,-0.5472,0.1317,0.083,0,4.0
circuit_427.jpg,190,572,0,2,-0.5529,0.1305,0.083,0,4.0
circuit_427.jpg,655,686,1,1,-0.4986,0.1427,0.083,0,4.0
circuit_427.jpg,528,693,1,2,-0.3999,0.1719,0.083,0,4.0
circuit_427.jpg,284,702,1,2,-0.2058,0.2874,0.083,0,4.0
circuit_427.jpg,336,705,1,2,-0.9818,0.0779,0.083,0,4.0
circuit_437.jpg,888,198,1,2,-0.7111,0.0869,0.0676,0,3.0
circuit_437.jpg,395,203,1,3,-0.6222,0.098,0.0676,0,3.0
circuit_437.jpg,602,203,1,3,-1.0175,0.0623,0.0676,0,3.0
circuit_437.jpg,147,206,1,2,-0.3649,0.1564,0.0676,0,3.0
circuit_437.jpg,306,205,1,2,-0.6681,0.0919,0.0676,0,3.0
circuit_437.jpg,394,242,0,2,-0.868,0.0723,0.0676,0,3.0
circuit_437.jpg,314,329,1,2,-0.6641,0.0924,0.0676,0,3.0
circuit_437.jpg,672,403,0,2,-0.6872,0.0896,0.0676,0,3.0
circuit_437.jpg,617,406,0,4,-0.1886,0.264,0.0676,0,3.0
circuit_437.jpg,399,409,0,2,-0.7068,0.0873,0.0676,0,3.0
circuit_437.jpg,154,436,1,3,-0.6411,0.0954,0.0676,0,3.0
circuit_437.jpg,312,438,1,3,-0.5197,0.1151,0.0676,0,3.0
circuit_437.jpg,313,472,1,2,-0.664,0.0924,0.0676,0,3.0
circuit_437.jpg,280,493,1,2,-0.8823,0.0712,0.0676,0,3.0
circuit_437.jpg,259,495,1,2,-0.2747,0.1976,0.0676,0,3.0
circuit_437.jpg,504,520,0,2,-0.5629,0.1073,0.0676,0,3.0
circuit_437.jpg,260,522,1,2,-0.594,0.1022,0.0676,0,3.0
circuit_437.jpg,263,552,1,2,-0.7446,0.0833,0.0676,0,3.0
circuit_437.jpg,312,556,1,2,-0.6279,0.0972,0.0676,0,3.0
circuit_437.jpg,962,560,0,2,-0.6489,0.0944,0.0676,0,3.0
circuit_437.jpg,422,567,1,2,-0.6617,0.0927,0.0676,0,3.0
circuit_437.jpg,454,572,1,2,-0.6645,0.0924,0.0676,0,3.0
circuit_437.jpg,496,573,1,2,-0.7867,0.0792,0.0676,0,3.0
circuit_437.jpg,962,629,0,2,-0.3494,0.1622,0.0676,0,3.0
circuit_437.jpg,834,648,0,2,-0.4801,0.1235,0.0676,0,3.0
circuit_437.jpg,626,652,0,3,-0.7903,0.0788,0.0676,0,3.0
circuit_437.jpg,482,653,1,2,-0.5963,0.1019,0.0676,0,3.0
circuit_437.jpg,505,654,1,3,-0.3885,0.1483,0.0676,0,3.0
circuit_437.jpg,830,664,0,3,-0.4283,0.1364,0.0676,0,3.0
circuit_437.jpg,874,691,0,2,-0.3502,0.1619,0.0676,0,3.0
circuit_437.jpg,904,695,0,1,-0.7377,0.084,0.0676,0,3.0
circuit_437.jpg,867,714,0,2,-0.6275,0.0973,0.0676,0,3.0
circuit_437.jpg,931,754,0,2,-0.6889,0.0894,0.0676,0,3.0
circuit_437.jpg,955,754,1,3,-0.6312,0.0968,0.0676,0,3.0
circuit_437.jpg,903,757,0,2,-0.4885,0.1216,0.0676,0,3.0
circuit_437.jpg,914,757,0,3,-0.7049,0.0875,0.0676,0,3.0
circuit_437.jpg,863,767,0,2,-0.4856,0.1222,0.0676,0,3.0
circuit_437.jpg,906,783,0,4,-0.6347,0.0963,0.0676,0,3.0
circuit_437.jpg,952,785,0,3,-0.7246,0.0854,0.0676,0,3.0
circuit_437.jpg,622,811,1,3,-1.1135,0.0573,0.0676,0,3.0
circuit_437.jpg,380,811,1,3,-0.4335,0.135,0.0676,0,3.0
circuit_437.jpg,183,814,1,2,-0.2977,0.1851,0.0676,0,3.0
circuit_437.jpg,318,814,1,2,-0.6497,0.0943,0.0676,0,3.0
circuit_437.jpg,328,813,1,2,-0.8295,0.0754,0.0676,0,3.0
circuit_437.jpg,820,818,1,3,-0.7324,0.0845,0.0676,0,3.0
circuit_437.jpg,868,823,1,2,-0.6527,0.0939,0.0676,0,3.0
circuit_437.jpg,896,826,1,3,-0.3038,0.1821,0.0676,0,3.0
circuit_437.jpg,930,830,0,2,-0.7483,0.0829,0.0676,0,3.0
circuit_437.jpg,954,837,0,3,-0.5179,0.1155,0.0676,0,3.0
circuit_438.jpg,726,266,1,2,-0.2737,0.6155,0.438,0,21.0
circuit_438.jpg,855,265,1,2,-0.3271,0.5725,0.438,0,21.0
circuit_438.jpg,705,270,1,3,-0.8085,0.3514,0.438,0,21.0
circuit_438.jpg,546,273,1,3,0.0199,1.0476,0.438,0,21.0
circuit_438.jpg,384,281,1,3,-0.1206,0.7842,0.438,0,21.0
circuit_438.jpg,110,292,1,2,0.1718,1.6454,0.438,0,21.0
circuit_438.jpg,385,292,1,2,-0.4608,0.4873,0.438,0,21.0
circuit_438.jpg,862,422,1,2,-0.3975,0.5242,0.438,0,21.0
circuit_438.jpg,861,454,1,4,-0.3332,0.5679,0.438,0,21.0
circuit_438.jpg,708,459,1,4,0.0154,1.0364,0.438,0,21.0
circuit_438.jpg,550,464,1,4,-0.3662,0.5446,0.438,0,21.0
circuit_438.jpg,388,472,1,4,-0.1011,0.8124,0.438,0,21.0
circuit_438.jpg,372,473,1,2,-0.5266,0.4541,0.438,0,21.0
circuit_438.jpg,114,481,1,4,0.0945,1.2753,0.438,0,21.0
circuit_438.jpg,547,620,1,2,-0.3862,0.5314,0.438,0,21.0
circuit_438.jpg,709,649,1,3,-0.1224,0.7816,0.438,0,21.0
circuit_438.jpg,546,649,1,3,-0.3834,0.5332,0.438,0,21.0
circuit_438.jpg,386,653,1,3,-0.3182,0.5792,0.438,0,21.0
circuit_438.jpg,852,654,1,2,-0.2684,0.62,0.438,0,21.0
circuit_439.jpg,358,394,1,3,-0.3081,0.113,0.0392,0,2.0
circuit_439.jpg,588,394,1,2,-1.0801,0.0351,0.0392,0,2.0
circuit_439.jpg,189,396,1,2,-0.6751,0.0549,0.0392,0,2.0
circuit_439.jpg,560,396,1,3,-0.3811,0.0933,0.0392,0,2.0
circuit_439.jpg,727,396,1,2,-0.4997,0.0728,0.0392,0,2.0
circuit_439.jpg,367,570,1,2,-0.5823,0.0631,0.0392,0,2.0
circuit_439.jpg,729,616,1,2,-0.4472,0.0807,0.0392,0,2.0
circuit_439.jpg,373,616,1,3,-0.4295,0.0837,0.0392,0,2.0
circuit_439.jpg,540,616,0,2,-0.6628,0.0559,0.0392,0,2.0
circuit_439.jpg,564,618,1,3,-0.2368,0.1421,0.0392,0,2.0
circuit_439.jpg,293,626,1,2,-0.7871,0.0475,0.0392,0,2.0
circuit_439.jpg,268,628,1,2,-0.4298,0.0837,0.0392,0,2.0
circuit_439.jpg,216,629,1,2,-0.5911,0.0622,0.0392,0,2.0
circuit_455.jpg,260,320,0,2,-0.3756,0.0626,0.0251,0,1.0
circuit_455.jpg,577,327,0,2,-0.4309,0.055,0.0251,0,1.0
circuit_455.jpg,258,407,0,4,-0.4163,0.0568,0.0251,0,1.0
circuit_455.jpg,576,408,1,4,-0.295,0.0783,0.0251,0,1.0
circuit_455.jpg,680,412,1,3,-0.2944,0.0785,0.0251,0,1.0
circuit_455.jpg,812,412,1,2,-0.5719,0.042,0.0251,0,1.0
circuit_455.jpg,134,578,0,2,-0.3366,0.0693,0.0251,0,1.0
circuit_455.jpg,814,602,1,2,-0.3093,0.075,0.0251,0,1.0
circuit_455.jpg,682,606,1,3,-0.3276,0.0711,0.0251,0,1.0
circuit_455.jpg,133,610,0,2,-0.2791,0.0824,0.0251,0,1.0
circuit_455.jpg,253,612,1,3,-0.563,0.0426,0.0251,0,1.0
circuit_455.jpg,566,612,1,4,-0.2187,0.1029,0.0251,0,1.0
circuit_468.jpg,610,41,1,2,-0.1861,0.4508,0.1527,0,7.0
circuit_468.jpg,466,48,1,2,-0.8996,0.1451,0.1527,0,7.0
circuit_468.jpg,444,50,1,2,-0.3084,0.3312,0.1527,0,7.0
circuit_468.jpg,376,52,1,3,-0.6835,0.1827,0.1527,0,7.0
circuit_468.jpg,191,62,1,3,-0.6042,0.2018,0.1527,0,7.0
circuit_468.jpg,59,68,1,2,-1.0335,0.1288,0.1527,0,7.0
circuit_468.jpg,605,96,1,2,-0.5222,0.2263,0.1527,0,7.0
circuit_468.jpg,57,190,1,1,-0.9006,0.145,0.1527,0,7.0
circuit_468.jpg,595,210,1,3,-0.249,0.3802,0.1527,0,7.0
circuit_468.jpg,382,213,1,2,-0.0172,0.8986,0.1527,0,7.0
circuit_468.jpg,859,214,1,3,-0.3323,0.3149,0.1527,0,7.0
circuit_468.jpg,756,216,1,2,-0.9006,0.145,0.1527,0,7.0
circuit_468.jpg,56,241,1,3,-0.2744,0.3575,0.1527,0,7.0
circuit_468.jpg,54,276,1,2,-0.5868,0.2065,0.1527,0,7.0
circuit_468.jpg,378,318,1,2,-0.175,0.466,0.1527,0,7.0
circuit_468.jpg,373,374,1,2,-0.2531,0.3763,0.1527,0,7.0
circuit_468.jpg,853,376,1,3,-0.1453,0.5125,0.1527,0,7.0
circuit_468.jpg,188,408,0,3,-0.2351,0.3938,0.1527,0,7.0
circuit_468.jpg,850,533,1,3,-0.3108,0.3295,0.1527,0,7.0
circuit_468.jpg,600,550,1,3,-0.8019,0.16,0.1527,0,7.0
circuit_468.jpg,186,564,1,3,-0.4152,0.269,0.1527,0,7.0
circuit_468.jpg,376,564,1,2,-0.6425,0.1921,0.1527,0,7.0
circuit_468.jpg,280,565,1,2,-1.3819,0.0995,0.0873,0,7.0
circuit_468.jpg,847,716,1,3,-0.5215,0.2265,0.1527,0,7.0
circuit_468.jpg,795,722,1,2,-1.3715,0.1002,0.1527,0,7.0
circuit_468.jpg,758,726,1,2,-0.9619,0.137,0.1527,0,7.0
circuit_468.jpg,532,742,1,2,-1.0879,0.1231,0.1527,0,7.0
circuit_468.jpg,485,747,1,2,-0.3672,0.2938,0.1527,0,7.0
circuit_468.jpg,364,759,1,5,-0.8358,0.1545,0.1527,0,7.0
circuit_468.jpg,346,761,1,3,-0.6118,0.1998,0.1527,0,7.0
circuit_468.jpg,187,766,1,3,-0.5962,0.2039,0.1527,0,7.0
circuit_468.jpg,185,782,1,2,-0.6027,0.2022,0.1527,0,7.0
circuit_468.jpg,836,852,1,2,-0.6278,0.1957,0.1527,0,7.0
circuit_468.jpg,42,890,1,2,-0.2578,0.372,0.1527,0,7.0
circuit_468.jpg,832,896,1,2,-0.7992,0.1605,0.1527,0,7.0
circuit_468.jpg,811,898,1,1,-1.2752,0.107,0.1527,0,7.0
circuit_468.jpg,672,914,1,2,-1.1892,0.1138,0.1527,0,7.0
circuit_468.jpg,636,919,1,2,-0.9353,0.1404,0.1527,0,7.0
circuit_468.jpg,588,927,1,3,-0.5935,0.2047,0.1527,0,7.0
circuit_468.jpg,482,930,1,2,-0.7766,0.1643,0.1527,0,7.0
circuit_468.jpg,367,940,1,4,-0.407,0.2729,0.1527,0,7.0
circuit_468.jpg,282,946,1,2,-0.4095,0.2717,0.1527,0,7.0
circuit_468.jpg,190,952,1,4,-0.4444,0.2558,0.1527,0,7.0
circuit_468.jpg,36,964,1,2,-0.65,0.1903,0.1527,0,7.0
circuit_469.jpg,666,358,1,2,-0.1792,0.7273,0.4778,0,24.0
circuit_469.jpg,486,360,1,2,-0.1167,0.8037,0.4778,0,24.0
circuit_469.jpg,706,360,1,2,-0.2713,0.6378,0.4778,0,24.0
circuit_469.jpg,436,484,1,2,-0.2278,0.6772,0.4778,0,24.0
circuit_469.jpg,486,484,1,3,-0.4266,0.5283,0.4778,0,24.0
circuit_469.jpg,277,618,1,2,-0.1013,0.8251,0.4778,0,24.0
circuit_469.jpg,706,635,1,2,-0.3002,0.6141,0.4778,0,24.0
circuit_469.jpg,489,640,1,3,-0.3496,0.5775,0.4778,0,24.0
circuit_470.jpg,183,55,1,2,-0.657,0.0661,0.0465,0,2.0
circuit_470.jpg,355,58,1,3,-0.1776,0.2075,0.0465,0,2.0
circuit_470.jpg,704,61,1,3,-0.1166,0.2851,0.0465,0,2.0
circuit_470.jpg,534,61,1,3,-0.0957,0.3271,0.0465,0,2.0
circuit_470.jpg,738,168,1,2,-1.1614,0.0385,0.0465,0,2.0
circuit_470.jpg,758,170,1,2,-1.1916,0.0376,0.0465,0,2.0
circuit_470.jpg,180,181,1,3,-0.1124,0.2926,0.0465,0,2.0
circuit_470.jpg,854,184,1,3,-0.1063,0.3043,0.0465,0,2.0
circuit_470.jpg,349,200,1,3,-0.8677,0.0509,0.0465,0,2.0
circuit_470.jpg,181,202,1,2,-0.4115,0.1015,0.0465,0,2.0
circuit_470.jpg,690,334,1,3,-0.4074,0.1024,0.0465,0,2.0
circuit_470.jpg,846,351,1,3,-0.1412,0.2477,0.0465,0,2.0
circuit_470.jpg,690,352,1,4,-1.3387,0.0336,0.0233,0,2.0
circuit_470.jpg,367,362,1,3,-0.23,0.1682,0.0465,0,2.0
circuit_470.jpg,690,370,1,3,-0.4509,0.0935,0.0465,0,2.0
circuit_470.jpg,695,490,1,3,-0.5677,0.0757,0.0465,0,2.0
circuit_470.jpg,844,508,1,3,-0.2222,0.173,0.0465,0,2.0
circuit_470.jpg,693,515,1,4,-0.846,0.0521,0.0465,0,2.0
circuit_470.jpg,371,519,1,3,-0.2708,0.1466,0.0465,0,2.0
circuit_470.jpg,523,540,1,4,-0.6366,0.0681,0.0465,0,2.0
circuit_470.jpg,523,566,1,2,-0.3805,0.1089,0.0465,0,2.0
circuit_470.jpg,729,645,1,2,-0.8038,0.0547,0.0465,0,2.0
circuit_470.jpg,740,646,1,1,-0.4308,0.0974,0.0465,0,2.0
circuit_470.jpg,785,663,1,3,-0.2842,0.1406,0.0465,0,2.0
circuit_470.jpg,751,667,1,2,-0.5411,0.0791,0.0465,0,2.0
circuit_470.jpg,724,664,1,4,-0.744,0.0588,0.0465,0,2.0
circuit_470.jpg,700,668,1,3,-1.189,0.0376,0.0465,0,2.0
circuit_470.jpg,373,702,1,2,-0.3872,0.1072,0.0465,0,2.0
circuit_470.jpg,843,703,1,3,-0.1643,0.2206,0.0465,0,2.0
circuit_470.jpg,524,708,1,3,-0.1065,0.3039,0.0465,0,2.0
circuit_470.jpg,596,708,1,2,-0.8536,0.0517,0.0465,0,2.0
circuit_470.jpg,705,707,1,2,-0.6484,0.0669,0.0465,0,2.0
circuit_470.jpg,845,720,1,2,-0.4061,0.1027,0.0465,0,2.0
circuit_470.jpg,683,726,1,2,-0.5263,0.0812,0.0465,0,2.0
circuit_470.jpg,704,728,1,3,-0.1939,0.1934,0.0465,0,2.0
circuit_470.jpg,524,738,1,2,-0.3139,0.129,0.0465,0,2.0
circuit_470.jpg,169,883,1,2,-0.9889,0.0449,0.0465,0,2.0
circuit_470.jpg,378,886,1,3,-0.2787,0.143,0.0465,0,2.0
circuit_470.jpg,527,888,1,4,-0.3501,0.1172,0.0465,0,2.0
circuit_470.jpg,542,891,1,2,-0.715,0.0611,0.0465,0,2.0
circuit_470.jpg,848,894,1,2,-0.5794,0.0743,0.0465,0,2.0
circuit_470.jpg,693,900,1,2,-0.2967,0.1355,0.0465,0,2.0
circuit_472.jpg,896,308,0,2,-0.5043,0.4359,0.3897,0,17.0
circuit_472.jpg,500,325,1,3,-0.2069,0.6532,0.3897,0,17.0
circuit_472.jpg,384,327,1,3,-0.2781,0.5836,0.3897,0,17.0
circuit_472.jpg,183,330,1,2,-0.3349,0.5378,0.3897,0,17.0
circuit_472.jpg,274,329,1,3,-0.2397,0.6191,0.3897,0,17.0
circuit_472.jpg,628,406,1,2,-0.6054,0.3916,0.3897,0,17.0
circuit_472.jpg,174,436,0,3,-0.355,0.5233,0.3897,0,17.0
circuit_472.jpg,55,438,0,2,-0.3488,0.5277,0.3897,0,17.0
circuit_472.jpg,492,482,0,2,-0.372,0.5116,0.3897,0,17.0
circuit_472.jpg,491,496,0,2,-0.5141,0.4312,0.3897,0,17.0
circuit_472.jpg,490,520,0,3,0.1153,1.4204,0.3897,0,17.0
circuit_472.jpg,896,590,0,3,-0.6703,0.3676,0.3897,0,17.0
circuit_472.jpg,258,594,1,3,-0.2696,0.5911,0.3897,0,17.0
circuit_472.jpg,49,602,1,2,-0.2651,0.5951,0.3897,0,17.0
circuit_472.jpg,72,601,1,2,-0.5779,0.4027,0.3897,0,17.0
circuit_472.jpg,733,602,1,2,-0.6291,0.3825,0.3897,0,17.0
circuit_472.jpg,171,690,1,2,-0.4046,0.4906,0.3897,0,17.0
circuit_472.jpg,890,695,0,2,-0.5336,0.4221,0.3897,0,17.0
circuit_472.jpg,626,706,0,3,-0.4856,0.4452,0.3897,0,17.0
circuit_472.jpg,481,711,1,3,-0.3827,0.5045,0.3897,0,17.0
circuit_472.jpg,372,714,1,3,-0.2662,0.5941,0.3897,0,17.0
circuit_472.jpg,254,717,1,3,-0.1566,0.7133,0.3897,0,17.0
circuit_472.jpg,172,719,1,2,-0.4388,0.4704,0.3897,0,17.0
circuit_481.jpg,768,350,0,2,-0.3215,0.6394,0.5701,0,28.0
circuit_481.jpg,528,354,0,2,-0.5387,0.5141,-0.4479,0,28.0
circuit_481.jpg,500,356,0,3,-0.0696,0.8911,0.5701,0,28.0
circuit_481.jpg,246,362,0,2,0.0209,1.0381,0.5701,0,28.0
circuit_481.jpg,769,512,0,3,-0.0241,0.9594,0.5701,0,28.0
circuit_481.jpg,508,516,0,4,-0.1211,0.8248,0.5701,0,28.0
circuit_481.jpg,246,524,0,3,-0.1517,0.7898,0.5701,0,28.0
circuit_481.jpg,517,678,0,3,-0.0418,0.9317,0.5701,0,28.0
circuit_481.jpg,374,684,0,2,-0.6719,0.459,0.5701,0,28.0
circuit_481.jpg,256,691,0,2,-0.7166,0.443,0.5701,0,28.0
circuit_485.jpg,518,278,0,3,-0.3937,0.0,0.0,0,0.0
circuit_485.jpg,803,282,1,2,-0.2237,0.0,0.0,0,0.0
circuit_485.jpg,806,314,1,2,-0.2894,0.0,0.0,0,0.0
circuit_485.jpg,197,542,1,2,-0.0968,0.0,0.0,0,0.0
circuit_485.jpg,811,572,1,2,-0.317,0.0,0.0,0,0.0
circuit_485.jpg,202,599,1,2,-0.2798,0.0,0.0,0,0.0
circuit_485.jpg,244,602,1,2,-0.3953,0.0,0.0,0,0.0
circuit_485.jpg,812,601,1,2,-0.2343,0.0,0.0,0,0.0
circuit_485.jpg,294,603,1,2,-0.3697,0.0,0.0,0,0.0
circuit_485.jpg,533,605,1,4,-0.1188,0.0,0.0,0,0.0
circuit_492.jpg,870,186,1,2,-0.8528,0.1716,0.1767,0,8.0
circuit_492.jpg,852,188,1,2,-0.4536,0.2803,0.1767,0,8.0
circuit_492.jpg,582,199,1,3,-0.2891,0.3793,0.1767,0,8.0
circuit_492.jpg,471,208,1,2,-0.6192,0.222,0.1767,0,8.0
circuit_492.jpg,818,306,0,2,-0.2663,0.3988,0.1767,0,8.0
circuit_492.jpg,723,310,0,2,-0.6553,0.2124,0.1767,0,8.0
circuit_492.jpg,326,354,1,2,-0.5264,0.2513,0.1767,0,8.0
circuit_492.jpg,326,364,1,3,-0.2517,0.4125,0.1767,0,8.0
circuit_492.jpg,230,368,1,2,-0.8068,0.1797,0.1767,0,8.0
circuit_492.jpg,552,412,1,2,-0.3835,0.3154,0.1767,0,8.0
circuit_492.jpg,336,452,1,2,-0.4514,0.2813,0.1767,0,8.0
circuit_492.jpg,902,453,1,4,-0.2306,0.4338,0.1767,0,8.0
circuit_492.jpg,944,452,1,2,-0.4558,0.2794,0.1767,0,8.0
circuit_492.jpg,550,454,1,4,-0.5859,0.2317,0.1767,0,8.0
circuit_492.jpg,728,468,1,2,-0.5327,0.2491,0.1767,0,8.0
circuit_492.jpg,899,500,1,2,-0.5264,0.2513,0.1767,0,8.0
circuit_492.jpg,135,554,1,3,0.0721,1.6894,0.1767,0,8.0
circuit_492.jpg,895,569,1,3,-0.0341,0.8384,0.1767,0,8.0
circuit_492.jpg,841,569,1,2,-0.6313,0.2187,0.1767,0,8.0
circuit_492.jpg,544,636,1,2,-0.5049,0.2593,0.1767,0,8.0
circuit_492.jpg,717,647,1,3,-0.1332,0.5702,0.1767,0,8.0
circuit_492.jpg,892,656,1,2,-0.6909,0.2037,0.1767,0,8.0
circuit_492.jpg,578,668,1,2,-0.6976,0.2021,0.1767,0,8.0
circuit_492.jpg,546,670,0,3,-0.182,0.4926,0.1767,0,8.0
circuit_492.jpg,649,698,0,3,-0.3278,0.3503,0.1767,0,8.0
circuit_492.jpg,713,697,1,3,-0.7353,0.1937,0.1767,0,8.0
circuit_492.jpg,630,695,0,2,-0.496,0.2627,0.1767,0,8.0
circuit_492.jpg,682,697,1,3,-0.6261,0.2201,0.1767,0,8.0
circuit_492.jpg,578,700,1,2,-0.5706,0.2365,0.1767,0,8.0
circuit_492.jpg,630,706,1,3,-0.2966,0.3733,0.1767,0,8.0
circuit_492.jpg,628,728,1,2,-0.6017,0.227,0.1767,0,8.0
circuit_492.jpg,576,756,1,2,-0.233,0.4313,0.1767,0,8.0
circuit_492.jpg,628,776,1,4,-0.744,0.1919,0.1767,0,8.0
circuit_492.jpg,852,816,0,2,-1.0087,0.1491,0.1767,0,8.0
circuit_492.jpg,883,816,0,3,-0.161,0.5232,0.1767,0,8.0
circuit_492.jpg,626,818,1,3,-0.1054,0.6263,0.1767,0,8.0
circuit_492.jpg,708,818,0,3,-1.4322,0.1098,0.1767,0,8.0
circuit_492.jpg,536,820,1,3,-0.9506,0.1567,0.1767,0,8.0
circuit_492.jpg,320,824,1,3,-0.3675,0.3247,0.1767,0,8.0
circuit_492.jpg,212,827,1,3,-0.8643,0.1697,0.1767,0,8.0
circuit_506.jpg,903,256,0,3,-0.4828,0.0889,0.0471,0,2.0
circuit_506.jpg,526,257,1,3,-1.0177,0.0443,0.0471,0,2.0
circuit_506.jpg,414,260,1,2,-0.2613,0.1528,0.0471,0,2.0
circuit_506.jpg,430,260,1,3,-0.8291,0.0538,0.0471,0,2.0
circuit_506.jpg,382,262,1,2,-0.8922,0.0502,0.0471,0,2.0
circuit_506.jpg,307,272,1,3,-1.3774,0.0331,0.0471,0,2.0
circuit_506.jpg,190,274,0,2,-0.6512,0.0675,0.0471,0,2.0
circuit_506.jpg,428,290,1,2,-0.3393,0.122,0.0471,0,2.0
circuit_506.jpg,902,306,0,1,-0.5451,0.0796,0.0471,0,2.0
circuit_506.jpg,689,377,1,1,-0.4413,0.0965,0.0471,0,2.0
circuit_506.jpg,687,392,1,2,-0.4911,0.0876,0.0471,0,2.0
circuit_506.jpg,188,440,0,3,-0.4101,0.1031,0.0471,0,2.0
circuit_506.jpg,75,449,0,2,-0.6606,0.0666,0.0471,0,2.0
circuit_506.jpg,519,472,1,2,-0.581,0.075,0.0471,0,2.0
circuit_506.jpg,518,488,1,3,-0.5606,0.0775,0.0471,0,2.0
circuit_506.jpg,534,489,1,2,-0.5325,0.0813,0.0471,0,2.0
circuit_506.jpg,890,590,1,2,-0.4581,0.0933,0.0471,0,2.0
circuit_506.jpg,171,594,0,1,-0.4037,0.1045,0.0471,0,2.0
circuit_506.jpg,308,593,1,3,-0.7057,0.0626,0.0471,0,2.0
circuit_506.jpg,201,598,1,3,-0.3579,0.1164,0.0471,0,2.0
circuit_506.jpg,74,608,0,2,-0.2111,0.1825,0.0471,0,2.0
circuit_506.jpg,888,611,1,3,-0.6512,0.0675,0.0471,0,2.0
circuit_506.jpg,676,634,1,2,-0.68,0.0648,0.0471,0,2.0
circuit_506.jpg,509,650,1,2,-0.5744,0.0758,0.0471,0,2.0
circuit_506.jpg,637,751,1,3,-0.4392,0.0969,0.0471,0,2.0
circuit_506.jpg,662,749,1,2,-0.5169,0.0836,0.0471,0,2.0
circuit_506.jpg,612,754,1,2,-0.6686,0.0658,0.0471,0,2.0
circuit_506.jpg,578,756,1,2,-0.595,0.0734,0.0471,0,2.0
circuit_506.jpg,500,760,1,4,-0.3459,0.1199,0.0471,0,2.0
circuit_506.jpg,532,759,1,2,-0.6362,0.069,0.0471,0,2.0
circuit_506.jpg,411,764,1,3,-0.6272,0.0699,0.0471,0,2.0
circuit_506.jpg,202,766,1,2,-0.3193,0.1286,0.0471,0,2.0
circuit_506.jpg,374,768,1,2,-0.8159,0.0546,0.0471,0,2.0
circuit_506.jpg,309,774,1,3,-0.3623,0.1151,0.0471,0,2.0
circuit_506.jpg,206,776,1,2,-0.5324,0.0813,0.0471,0,2.0
circuit_522.jpg,594,177,1,3,-0.2041,0.189,0.0476,0,2.0
circuit_522.jpg,851,192,1,2,-0.3227,0.1285,0.0476,0,2.0
circuit_522.jpg,310,290,1,3,-0.2002,0.192,0.0476,0,2.0
circuit_522.jpg,224,293,1,1,-0.717,0.0622,0.0476,0,2.0
circuit_522.jpg,924,373,0,2,-0.8023,0.056,0.0476,0,2.0
circuit_522.jpg,838,378,0,4,-0.3404,0.1226,0.0476,0,2.0
circuit_522.jpg,479,391,1,4,-0.0279,0.6303,0.0476,0,2.0
circuit_522.jpg,312,396,1,3,-0.1229,0.279,0.0476,0,2.0
circuit_522.jpg,837,520,0,2,-1.1648,0.0392,0.0476,0,2.0
circuit_522.jpg,833,533,0,3,-0.4076,0.1045,0.0476,0,2.0
circuit_522.jpg,793,539,0,2,-0.7504,0.0596,0.0476,0,2.0
circuit_522.jpg,90,545,1,3,-0.3315,0.1255,0.0476,0,2.0
circuit_522.jpg,516,554,1,1,-0.6722,0.0661,0.0476,0,2.0
circuit_522.jpg,732,597,0,2,-0.181,0.2081,0.0476,0,2.0
circuit_522.jpg,578,730,0,1,-1.1826,0.0387,0.0476,0,2.0
circuit_522.jpg,786,733,0,2,-0.882,0.0512,0.0476,0,2.0
circuit_522.jpg,466,743,1,3,-0.1233,0.2784,0.0476,0,2.0
circuit_522.jpg,341,783,0,2,-0.7866,0.057,0.0476,0,2.0
circuit_522.jpg,503,782,0,2,-0.5718,0.0768,0.0476,0,2.0
circuit_522.jpg,366,798,0,2,-0.5994,0.0735,0.0476,0,2.0
circuit_522.jpg,502,800,0,2,-0.6812,0.0653,0.0476,0,2.0
circuit_522.jpg,390,807,0,2,-0.6605,0.0672,0.0476,0,2.0
circuit_522.jpg,412,814,0,3,-0.6365,0.0695,0.0476,0,2.0
circuit_522.jpg,94,822,1,2,-0.4662,0.0926,0.0476,0,2.0
circuit_522.jpg,865,824,1,2,-0.5092,0.0854,0.0476,0,2.0
circuit_522.jpg,295,888,1,2,-0.4229,0.1011,0.0476,0,2.0
circuit_522.jpg,860,899,1,3,-0.1683,0.2204,0.0476,0,2.0
circuit_522.jpg,764,900,1,2,-0.7172,0.0622,0.0476,0,2.0
circuit_522.jpg,456,902,1,3,-0.0962,0.331,0.0476,0,2.0
circuit_522.jpg,564,903,1,3,-0.2818,0.1444,0.0476,0,2.0
circuit_522.jpg,297,907,1,3,-0.1048,0.3122,0.0476,0,2.0
circuit_522.jpg,208,913,1,3,-0.8686,0.0519,0.0476,0,2.0
circuit_522.jpg,94,922,1,2,-0.5122,0.085,0.0476,0,2.0
circuit_524.jpg,835,260,0,2,-0.3953,0.0635,0.0268,0,1.0
circuit_524.jpg,428,268,0,2,-0.5172,0.0493,0.0268,0,1.0
circuit_524.jpg,423,358,1,3,-0.1981,0.1192,0.0268,0,1.0
circuit_524.jpg,457,361,1,2,-0.3835,0.0654,0.0268,0,1.0
circuit_524.jpg,206,365,0,2,-0.4047,0.0622,0.0268,0,1.0
circuit_524.jpg,458,397,1,3,-0.4249,0.0594,0.0268,0,1.0
circuit_524.jpg,457,626,1,3,-0.3673,0.0681,0.0268,0,1.0
circuit_524.jpg,494,629,0,2,-0.693,0.0373,0.0268,0,1.0
circuit_524.jpg,548,632,0,2,-0.6519,0.0395,0.0268,0,1.0
circuit_524.jpg,601,632,0,2,-0.4906,0.0518,0.0268,0,1.0
circuit_524.jpg,829,674,1,2,-0.5742,0.0446,0.0268,0,1.0
circuit_524.jpg,526,717,1,2,-0.4087,0.0616,0.0268,0,1.0
circuit_524.jpg,453,721,1,4,-0.1597,0.1438,0.0268,0,1.0
circuit_525.jpg,808,108,0,2,-0.8512,0.0536,0.0482,0,2.0
circuit_525.jpg,464,118,0,2,-0.377,0.1133,0.0482,0,2.0
circuit_525.jpg,662,128,0,2,-0.9094,0.0503,0.0482,0,2.0
circuit_525.jpg,837,190,0,3,-0.4123,0.1046,0.0482,0,2.0
circuit_525.jpg,667,194,0,2,-0.2504,0.1613,0.0482,0,2.0
circuit_525.jpg,463,214,0,3,-0.4904,0.0894,0.0482,0,2.0
circuit_525.jpg,200,219,0,3,-0.5889,0.0756,0.0482,0,2.0
circuit_525.jpg,130,224,0,2,-1.3789,0.0337,0.0482,0,2.0
circuit_525.jpg,667,286,0,2,-0.396,0.1084,0.0482,0,2.0
circuit_525.jpg,590,294,0,2,-0.9234,0.0496,0.0482,0,2.0
circuit_525.jpg,563,297,0,2,-0.7237,0.0624,0.0482,0,2.0
circuit_525.jpg,562,342,0,2,-0.411,0.1049,0.0482,0,2.0
circuit_525.jpg,83,388,0,2,-0.7931,0.0573,0.0482,0,2.0
circuit_525.jpg,867,415,0,2,-0.5921,0.0752,0.0482,0,2.0
circuit_525.jpg,360,475,0,2,-0.4988,0.0881,0.0482,0,2.0
circuit_525.jpg,180,478,0,2,-0.6246,0.0716,0.0482,0,2.0
circuit_525.jpg,985,488,0,3,-0.4335,0.1,0.0482,0,2.0
circuit_525.jpg,708,495,0,3,-0.5606,0.0791,0.0482,0,2.0
circuit_525.jpg,672,497,0,1,-0.6903,0.0652,0.0482,0,2.0
circuit_525.jpg,988,506,0,2,-0.2966,0.1397,0.0482,0,2.0
circuit_525.jpg,554,514,0,4,-0.2475,0.1629,0.0482,0,2.0
circuit_525.jpg,523,518,0,2,-0.4947,0.0887,0.0482,0,2.0
circuit_525.jpg,521,549,0,2,-0.7449,0.0607,0.0482,0,2.0
circuit_525.jpg,180,551,1,3,-0.4208,0.1027,0.0482,0,2.0
circuit_525.jpg,363,554,0,3,-0.3403,0.124,0.0482,0,2.0
circuit_525.jpg,338,557,0,2,-0.6086,0.0733,0.0482,0,2.0
circuit_525.jpg,824,727,0,2,-0.421,0.1026,0.0482,0,2.0
circuit_525.jpg,968,767,0,2,-0.4816,0.0909,0.0482,0,2.0
circuit_525.jpg,997,768,0,2,-0.4883,0.0898,0.0482,0,2.0
circuit_525.jpg,828,774,0,3,-0.5045,0.0872,0.0482,0,2.0
circuit_525.jpg,673,802,0,3,-0.5337,0.0828,0.0482,0,2.0
circuit_525.jpg,826,803,0,2,-0.9918,0.0463,0.0482,0,2.0
circuit_525.jpg,552,807,0,2,-0.4385,0.099,0.0482,0,2.0
circuit_537.jpg,237,368,1,2,-0.5818,0.1103,0.0721,0,3.0
circuit_537.jpg,538,368,1,3,-0.3359,0.1767,0.0721,0,3.0
circuit_537.jpg,684,372,1,3,-0.4756,0.1316,0.0721,0,3.0
circuit_537.jpg,880,376,1,2,-0.4572,0.1362,0.0721,0,3.0
circuit_537.jpg,887,428,1,2,-0.785,0.0841,0.0721,0,3.0
circuit_537.jpg,238,613,1,2,-0.3507,0.1705,0.0721,0,3.0
circuit_537.jpg,494,618,1,2,-1.0538,0.064,0.0721,0,3.0
circuit_537.jpg,551,621,1,3,-0.6963,0.0938,0.0721,0,3.0
circuit_537.jpg,905,628,1,2,-0.6637,0.098,0.0721,0,3.0
circuit_537.jpg,662,630,1,3,-0.2718,0.2096,0.0721,0,3.0
circuit_537.jpg,706,630,1,3,-0.4191,0.1468,0.0721,0,3.0
circuit_538.jpg,292,136,0,2,-0.237,0.1642,0.0466,0,2.0
circuit_538.jpg,593,141,0,3,-0.8428,0.0524,0.0466,0,2.0
circuit_538.jpg,746,146,0,2,-1.5882,0.0285,0.0466,0,2.0
circuit_538.jpg,705,261,1,4,-0.4953,0.0859,0.0466,0,2.0
circuit_538.jpg,716,262,1,3,-1.0118,0.044,0.0466,0,2.0
circuit_538.jpg,296,268,0,3,-0.6372,0.0681,0.0466,0,2.0
circuit_538.jpg,221,270,0,2,-0.7036,0.0621,0.0466,0,2.0
circuit_538.jpg,865,408,0,4,-0.4473,0.0943,0.0466,0,2.0
circuit_538.jpg,502,409,1,4,-0.0748,0.3838,0.0466,0,2.0
circuit_538.jpg,923,406,0,2,-0.7973,0.0552,0.0466,0,2.0
circuit_538.jpg,307,415,0,3,-0.5164,0.0827,0.0466,0,2.0
circuit_538.jpg,709,428,1,2,-0.8373,0.0527,0.0466,0,2.0
circuit_538.jpg,643,490,0,2,-0.4805,0.0884,0.0466,0,2.0
circuit_538.jpg,505,546,1,2,-0.34,0.1205,0.0466,0,2.0
circuit_538.jpg,128,570,0,3,-0.5035,0.0847,0.0466,0,2.0
circuit_538.jpg,873,598,0,3,-0.6182,0.0701,0.0466,0,2.0
circuit_538.jpg,513,648,1,2,-1.0696,0.0417,0.0466,0,2.0
circuit_538.jpg,514,664,1,2,-1.0478,0.0426,0.0466,0,2.0
circuit_538.jpg,515,673,1,2,-0.5976,0.0723,0.0466,0,2.0
circuit_538.jpg,578,675,0,3,-0.306,0.1321,0.0466,0,2.0
circuit_538.jpg,713,693,1,2,-0.1906,0.1963,0.0466,0,2.0
circuit_538.jpg,675,738,0,2,-0.8072,0.0545,0.0466,0,2.0
circuit_538.jpg,716,743,1,3,-0.5625,0.0765,0.0466,0,2.0
circuit_538.jpg,656,800,0,2,-0.8829,0.0501,0.0466,0,2.0
circuit_538.jpg,207,830,1,2,-0.5604,0.0767,0.0466,0,2.0
circuit_538.jpg,651,834,0,1,-0.4631,0.0914,0.0466,0,2.0
circuit_538.jpg,874,915,0,3,-0.2109,0.1809,0.0466,0,2.0
circuit_538.jpg,716,920,0,3,-1.6269,0.0278,0.0466,0,2.0
circuit_538.jpg,649,923,0,3,-0.5246,0.0815,0.0466,0,2.0
circuit_538.jpg,212,926,1,3,-0.7206,0.0607,0.0466,0,2.0
circuit_538.jpg,326,926,0,4,-0.956,0.0465,0.0466,0,2.0
circuit_538.jpg,362,926,0,2,-0.9959,0.0447,0.0466,0,2.0
circuit_538.jpg,452,926,0,2,-1.1885,0.0377,0.0233,0,2.0
circuit_538.jpg,507,926,0,2,-0.8903,0.0497,0.0466,0,2.0
circuit_538.jpg,574,925,0,3,-0.4709,0.09,0.0466,0,2.0
circuit_538.jpg,128,928,0,3,-0.392,0.1062,0.0466,0,2.0
circuit_538.jpg,278,927,1,3,-0.279,0.143,0.0466,0,2.0
circuit_538.jpg,306,927,0,2,-1.2335,0.0364,0.0466,0,2.0
circuit_555.jpg,468,354,1,3,0.3522,1.632,0.9095,0,51.0
circuit_555.jpg,648,355,1,2,0.3032,1.5,0.9095,0,51.0
circuit_555.jpg,269,358,0,2,0.4829,2.1321,0.9095,0,51.0
circuit_555.jpg,270,390,0,2,0.2245,1.3278,0.9095,0,51.0
circuit_555.jpg,275,566,1,2,0.2541,1.3878,0.9095,0,51.0
circuit_555.jpg,655,568,1,2,0.3957,1.7702,0.9095,0,51.0
circuit_555.jpg,480,570,1,4,0.4365,1.923,0.9095,0,51.0
circuit_560.jpg,918,262,1,2,-1.0331,0.2458,0.3367,0,16.0
circuit_560.jpg,730,262,1,3,-0.4494,0.4283,0.3367,0,16.0
circuit_560.jpg,555,267,1,3,-0.1385,0.7085,0.3367,0,16.0
circuit_560.jpg,339,270,0,4,-0.573,0.3701,0.3367,0,16.0
circuit_560.jpg,338,280,0,3,-0.5187,0.3936,0.3367,0,16.0
circuit_560.jpg,120,284,1,2,-0.4196,0.4452,0.3367,0,16.0
circuit_560.jpg,727,300,1,2,-0.7759,0.3026,0.3367,0,16.0
circuit_560.jpg,117,302,1,2,-0.3829,0.4679,0.3367,0,16.0
circuit_560.jpg,908,460,1,3,-0.4301,0.4391,0.3367,0,16.0
circuit_560.jpg,901,463,1,3,-0.2813,0.5449,0.3367,0,16.0
circuit_560.jpg,973,464,1,2,-0.5892,0.3636,0.3367,0,16.0
circuit_560.jpg,711,466,1,4,-0.2927,0.5349,0.3367,0,16.0
circuit_560.jpg,318,472,1,4,-0.3255,0.5085,0.3367,0,16.0
circuit_560.jpg,308,472,1,2,-0.4095,0.4512,0.3367,0,16.0
circuit_560.jpg,551,472,1,4,-0.4809,0.4118,0.3367,0,16.0
circuit_560.jpg,116,480,1,4,-0.0027,0.9921,0.3367,0,16.0
circuit_560.jpg,899,486,1,2,-0.4826,0.411,0.3367,0,16.0
circuit_560.jpg,970,500,1,2,-0.3759,0.4725,0.3367,0,16.0
circuit_560.jpg,317,502,1,2,-0.7385,0.3132,0.3367,0,16.0
circuit_560.jpg,113,522,1,2,-0.4094,0.4513,0.3367,0,16.0
circuit_560.jpg,962,578,1,2,-0.2895,0.5377,0.3367,0,16.0
circuit_560.jpg,869,646,1,2,-0.4017,0.456,0.3367,0,16.0
circuit_560.jpg,698,694,1,2,-0.5682,0.3721,0.3367,0,16.0
circuit_560.jpg,860,694,1,2,-0.2494,0.5744,0.3367,0,16.0
circuit_560.jpg,695,717,1,3,-0.1195,0.7381,0.3367,0,16.0
circuit_560.jpg,854,715,1,2,-0.9707,0.2575,0.3367,0,16.0
circuit_560.jpg,306,716,1,3,-0.4636,0.4207,0.3367,0,16.0
circuit_560.jpg,524,719,0,3,-0.5936,0.3619,0.3367,0,16.0
circuit_560.jpg,270,720,1,1,-0.6559,0.3392,0.3367,0,16.0
circuit_560.jpg,109,725,0,2,-0.484,0.4103,0.3367,0,16.0
circuit_563.jpg,612,250,0,2,-0.2835,0.5136,0.2993,0,14.0
circuit_563.jpg,188,253,1,3,-0.0184,0.942,0.2993,0,14.0
circuit_563.jpg,453,254,1,3,-0.5376,0.3577,0.2993,0,14.0
circuit_563.jpg,57,257,0,2,-0.3978,0.4294,0.2993,0,14.0
circuit_563.jpg,455,268,0,1,-0.2405,0.5545,0.2993,0,14.0
circuit_563.jpg,460,381,1,3,-0.2864,0.511,0.2993,0,14.0
circuit_563.jpg,198,392,1,2,-0.3678,0.4487,0.2993,0,14.0
circuit_563.jpg,58,436,1,2,-0.52,0.3654,0.2993,0,14.0
circuit_563.jpg,936,449,1,2,-0.4444,0.4025,0.2993,0,14.0
circuit_563.jpg,132,463,1,3,-0.3865,0.4365,0.2993,0,14.0
circuit_563.jpg,58,466,1,3,-0.4501,0.3994,0.2993,0,14.0
circuit_563.jpg,429,469,1,1,-0.7534,0.2843,0.2993,0,14.0
circuit_563.jpg,369,480,1,3,-0.8681,0.2564,0.2993,0,14.0
circuit_563.jpg,370,516,1,2,-0.2058,0.5926,0.2993,0,14.0
circuit_563.jpg,648,520,0,2,-0.5396,0.3568,0.2993,0,14.0
circuit_563.jpg,647,530,0,2,-0.6381,0.3193,0.2993,0,14.0
circuit_563.jpg,489,538,0,3,-0.3243,0.48,0.2993,0,14.0
circuit_563.jpg,753,550,1,2,-0.9194,0.2456,0.2993,0,14.0
circuit_563.jpg,367,576,1,3,-0.5361,0.3583,0.2993,0,14.0
circuit_563.jpg,223,578,1,2,-0.4063,0.4242,0.2993,0,14.0
circuit_563.jpg,714,592,1,2,-0.3399,0.4683,0.2993,0,14.0
circuit_563.jpg,365,612,1,2,-0.9068,0.2482,0.2993,0,14.0
circuit_563.jpg,654,612,1,2,-0.1625,0.6481,0.2993,0,14.0
circuit_563.jpg,923,652,1,2,-0.6065,0.3305,0.2993,0,14.0
circuit_563.jpg,655,654,1,2,-0.0583,0.8371,0.2993,0,14.0
circuit_563.jpg,922,662,1,2,-0.519,0.3658,0.2993,0,14.0
circuit_563.jpg,922,686,1,2,-0.4469,0.4011,0.2993,0,14.0
circuit_563.jpg,363,692,1,2,-0.7876,0.2754,0.2993,0,14.0
circuit_563.jpg,372,694,1,2,-0.7066,0.2976,0.2993,0,14.0
circuit_563.jpg,921,712,1,2,-0.2887,0.5091,0.2993,0,14.0
circuit_563.jpg,758,718,1,3,-1.1458,0.2071,0.2993,0,14.0
circuit_563.jpg,657,723,1,3,-0.3466,0.4634,0.2993,0,14.0
circuit_563.jpg,640,727,1,2,-1.0691,0.2188,0.2993,0,14.0
circuit_563.jpg,86,740,1,2,-0.3378,0.4698,0.2993,0,14.0
circuit_563.jpg,495,741,1,3,-0.1237,0.7075,0.2993,0,14.0
circuit_563.jpg,530,741,1,3,-0.3385,0.4693,0.2993,0,14.0
circuit_563.jpg,364,748,1,2,-0.7127,0.2958,0.2993,0,14.0
circuit_563.jpg,346,750,1,2,-1.2562,0.1924,0.2993,0,14.0
circuit_563.jpg,354,749,1,2,-0.9586,0.238,0.2993,0,14.0
circuit_563.jpg,222,753,1,3,-0.8927,0.2511,0.2993,0,14.0
circuit_563.jpg,306,754,1,2,-0.1697,0.6383,0.2993,0,14.0
circuit_575.jpg,794,360,1,2,-0.0384,0.9116,0.3957,0,21.0
circuit_575.jpg,569,368,1,3,0.118,1.425,0.3957,0,21.0
circuit_575.jpg,138,394,0,2,-0.2984,0.5701,0.3957,0,21.0
circuit_575.jpg,813,486,1,2,-0.3142,0.5574,0.3957,0,21.0
circuit_575.jpg,610,494,1,1,-0.3507,0.5302,0.3957,0,21.0
circuit_575.jpg,818,497,1,2,-0.3619,0.5223,0.3957,0,21.0
circuit_575.jpg,814,509,1,3,-0.102,0.7951,0.3957,0,21.0
circuit_575.jpg,756,514,1,2,-0.1911,0.6743,0.3957,0,21.0
circuit_575.jpg,616,533,1,4,-0.0087,0.9786,0.3957,0,21.0
circuit_575.jpg,160,558,0,2,-0.0775,0.8363,0.3957,0,21.0
circuit_576.jpg,536,159,0,2,-0.5547,0.0428,0.0248,0,1.0
circuit_576.jpg,475,161,0,3,-0.4221,0.0555,0.0248,0,1.0
circuit_576.jpg,248,166,0,3,-0.2836,0.0804,0.0248,0,1.0
circuit_576.jpg,87,169,0,2,-0.3852,0.0605,0.0248,0,1.0
circuit_576.jpg,464,354,1,4,-0.6297,0.0379,0.0248,0,1.0
circuit_576.jpg,334,356,1,4,-0.3797,0.0613,0.0248,0,1.0
circuit_576.jpg,336,433,1,1,-0.4278,0.0548,0.0248,0,1.0
circuit_576.jpg,848,434,0,2,-0.6117,0.039,0.0248,0,1.0
circuit_576.jpg,203,456,1,3,-0.5091,0.0464,0.0248,0,1.0
circuit_576.jpg,382,456,1,2,-0.4248,0.0552,0.0248,0,1.0
circuit_576.jpg,72,458,1,3,-0.2088,0.1062,0.0248,0,1.0
circuit_576.jpg,322,501,1,3,-0.3163,0.0727,0.0248,0,1.0
circuit_576.jpg,68,542,1,2,-0.2519,0.0896,0.0248,0,1.0
circuit_576.jpg,659,552,0,2,-0.1344,0.1558,0.0248,0,1.0
circuit_576.jpg,801,576,1,2,-0.4833,0.0488,0.0248,0,1.0
circuit_576.jpg,736,578,1,2,-0.6555,0.0365,0.0248,0,1.0
circuit_576.jpg,722,580,1,2,-0.2562,0.0882,0.0248,0,1.0
circuit_576.jpg,464,582,0,3,-0.3551,0.0653,0.0248,0,1.0
circuit_576.jpg,657,584,0,3,-0.3147,0.073,0.0248,0,1.0
circuit_576.jpg,318,628,1,3,-0.0257,0.4909,0.0248,0,1.0
circuit_576.jpg,837,694,0,5,-1.0445,0.0232,0.0248,0,1.0
circuit_576.jpg,321,696,1,2,-0.8749,0.0276,0.0248,0,1.0
circuit_576.jpg,842,714,0,4,-0.3857,0.0604,0.0248,0,1.0
circuit_576.jpg,798,719,0,4,-0.5509,0.0431,0.0248,0,1.0
circuit_576.jpg,875,714,0,3,-0.4724,0.0499,0.0248,0,1.0
circuit_576.jpg,820,721,0,4,-0.7118,0.0337,0.0248,0,1.0
circuit_576.jpg,62,726,0,2,-0.3511,0.066,0.0248,0,1.0
circuit_576.jpg,650,788,1,3,-0.2782,0.0818,0.0248,0,1.0
circuit_576.jpg,877,787,0,2,-0.5812,0.0409,0.0248,0,1.0
circuit_576.jpg,464,791,0,3,-0.5316,0.0446,0.0248,0,1.0
circuit_576.jpg,794,789,1,3,-0.4899,0.0482,0.0248,0,1.0
circuit_576.jpg,210,793,0,3,-0.4334,0.0541,0.0248,0,1.0
circuit_576.jpg,366,794,0,2,-0.6707,0.0357,0.0248,0,1.0
circuit_576.jpg,248,795,0,2,-0.548,0.0433,0.0248,0,1.0
circuit_588.jpg,660,131,0,2,-0.8609,0.4387,0.5937,0,34.0
circuit_588.jpg,660,164,0,3,0.0284,1.0441,0.6729,0,34.0
circuit_588.jpg,675,174,0,2,0.0573,1.0931,0.6729,0,34.0
circuit_588.jpg,580,210,1,3,-0.1193,0.8494,0.6729,0,34.0
circuit_588.jpg,776,218,1,3,-0.5393,0.5551,0.6729,0,34.0
circuit_588.jpg,201,226,1,3,0.325,1.9341,0.6729,0,34.0
circuit_588.jpg,401,227,1,3,-0.3105,0.6843,0.6729,0,34.0
circuit_588.jpg,979,230,1,2,-0.6023,0.5277,0.6729,0,34.0
circuit_588.jpg,400,240,1,2,-0.3815,0.6382,0.6729,0,34.0
circuit_588.jpg,995,241,1,2,-0.0307,0.9564,0.6729,0,34.0
circuit_588.jpg,442,388,1,2,-0.3943,0.6305,0.6729,0,34.0
circuit_588.jpg,600,392,1,3,-0.4146,0.6188,0.6729,0,34.0
circuit_588.jpg,577,394,1,3,-0.2296,0.7456,0.6729,0,34.0
circuit_588.jpg,314,392,1,2,-0.7758,0.4645,-0.2771,0,34.0
circuit_588.jpg,994,392,1,3,-0.4816,0.5829,0.6729,0,34.0
circuit_588.jpg,208,398,1,3,-0.5124,0.5677,0.5541,0,34.0
circuit_588.jpg,30,396,1,3,-0.3477,0.6593,0.6729,0,34.0
circuit_588.jpg,588,399,1,4,-0.3883,0.6341,0.6729,0,34.0
circuit_588.jpg,785,570,1,4,0.1713,1.3415,0.6729,0,34.0
circuit_588.jpg,989,572,1,3,-0.5985,0.5293,0.6729,0,34.0
circuit_588.jpg,31,582,1,3,-0.8364,0.4458,0.6729,0,34.0
circuit_588.jpg,50,585,1,2,-1.2682,0.3466,-0.4354,0,34.0
circuit_588.jpg,777,732,1,2,-1.039,0.3931,-0.4354,0,34.0
circuit_588.jpg,404,760,1,3,0.1841,1.3765,0.6729,0,34.0
circuit_588.jpg,588,762,1,4,0.0198,1.0303,0.6729,0,34.0
circuit_588.jpg,776,762,1,4,-0.1198,0.8489,0.6729,0,34.0
circuit_588.jpg,948,764,1,3,-0.4799,0.5837,0.6729,0,34.0
circuit_588.jpg,971,765,1,3,-2.0965,0.243,-1.5832,0,34.0
circuit_588.jpg,982,766,1,4,0.2515,1.5967,0.6729,0,34.0
circuit_588.jpg,30,766,1,3,0.0477,1.0763,0.6729,0,34.0
circuit_588.jpg,961,766,1,3,-1.8727,0.2643,-0.3166,0,34.0
circuit_588.jpg,28,813,1,2,0.1193,1.2154,0.6729,0,34.0
circuit_588.jpg,771,826,1,2,-0.0792,0.8947,0.6729,0,34.0
circuit_588.jpg,979,850,1,2,-0.8444,0.4435,-0.1781,0,34.0
circuit_588.jpg,976,904,1,2,-0.2696,0.7139,0.6729,0,34.0
circuit_588.jpg,144,912,1,1,-0.5226,0.5628,0.6729,0,34.0
circuit_588.jpg,204,912,1,3,-0.0032,0.9953,0.6729,0,34.0
circuit_588.jpg,438,916,1,2,-0.2889,0.6996,0.6729,0,34.0
circuit_588.jpg,922,918,1,2,-0.6436,0.5111,0.6729,0,34.0
circuit_588.jpg,588,920,1,3,-0.4718,0.5878,0.6729,0,34.0
circuit_588.jpg,767,920,1,3,-0.4169,0.6174,0.6729,0,34.0
circuit_588.jpg,975,920,1,3,-0.3391,0.6649,0.6729,0,34.0
circuit_591.jpg,708,402,1,3,-0.6353,0.4946,0.6217,0,33.0
circuit_591.jpg,580,404,1,3,-0.1346,0.8221,0.6217,0,33.0
circuit_591.jpg,214,416,1,1,0.0285,1.0481,0.6217,0,33.0
circuit_591.jpg,210,432,1,2,0.1738,1.3881,0.6217,0,33.0
circuit_591.jpg,483,544,0,1,0.1812,1.4114,0.6217,0,33.0
circuit_591.jpg,756,551,0,3,0.2111,1.5142,0.6217,0,33.0
circuit_591.jpg,527,561,0,3,-0.1201,0.8381,0.6217,0,33.0
circuit_591.jpg,498,559,0,2,-0.166,0.7893,0.6217,0,33.0
circuit_591.jpg,558,559,0,4,-0.0188,0.9706,0.6217,0,33.0
circuit_591.jpg,480,560,0,2,-0.3542,0.6371,0.6217,0,33.0
circuit_591.jpg,582,564,0,3,0.013,1.0213,0.6217,0,33.0
circuit_591.jpg,555,580,0,3,-0.1304,0.8266,0.6217,0,33.0
circuit_591.jpg,580,582,0,4,-0.0384,0.9419,0.6217,0,33.0
circuit_591.jpg,201,632,1,2,-0.4144,0.6,0.6217,0,33.0
circuit_591.jpg,700,632,1,3,-0.3504,0.6395,0.6217,0,33.0
circuit_591.jpg,580,634,1,3,0.0708,1.1285,0.6217,0,33.0
circuit_595.jpg,256,36,1,3,-0.257,0.16,0.0489,0,2.0
circuit_595.jpg,456,42,1,3,-0.1704,0.2232,0.0489,0,2.0
circuit_595.jpg,522,45,1,2,-0.7193,0.0637,0.0489,0,2.0
circuit_595.jpg,258,52,1,2,-0.4324,0.1017,0.0489,0,2.0
circuit_595.jpg,652,56,1,3,-0.3313,0.1287,0.0489,0,2.0
circuit_595.jpg,481,208,1,2,-0.4921,0.0905,0.0489,0,2.0
circuit_595.jpg,766,208,1,3,-0.9267,0.0502,0.0489,0,2.0
circuit_595.jpg,726,207,1,2,-0.6902,0.0662,0.0489,0,2.0
circuit_595.jpg,736,208,1,2,-0.684,0.0668,0.0489,0,2.0
circuit_595.jpg,81,216,1,3,-0.4463,0.0988,0.0489,0,2.0
circuit_595.jpg,654,220,1,2,-0.549,0.0819,0.0489,0,2.0
circuit_595.jpg,764,220,1,2,-0.3871,0.1122,0.0489,0,2.0
circuit_595.jpg,474,223,1,2,-0.7195,0.0637,0.0489,0,2.0
circuit_595.jpg,768,234,1,2,-0.5783,0.078,0.0489,0,2.0
circuit_595.jpg,262,237,1,2,-0.5447,0.0825,0.0489,0,2.0
circuit_595.jpg,466,242,1,2,-0.62,0.0732,0.0489,0,2.0
circuit_595.jpg,79,286,1,2,-0.4232,0.1037,0.0489,0,2.0
circuit_595.jpg,653,330,1,2,-0.553,0.0813,0.0489,0,2.0
circuit_595.jpg,472,356,1,2,-0.7752,0.0594,0.0489,0,2.0
circuit_595.jpg,776,378,1,3,-0.1785,0.2152,0.0489,0,2.0
circuit_595.jpg,678,381,1,3,-0.3999,0.109,0.0489,0,2.0
circuit_595.jpg,580,389,1,2,-0.8377,0.0552,0.0489,0,2.0
circuit_595.jpg,673,403,1,1,-0.36,0.1197,0.0489,0,2.0
circuit_595.jpg,264,403,1,3,-0.3365,0.127,0.0489,0,2.0
circuit_595.jpg,544,518,0,2,-1.0451,0.0447,0.0489,0,2.0
circuit_595.jpg,530,523,0,2,-0.9749,0.0478,0.0489,0,2.0
circuit_595.jpg,520,526,0,1,-1.3226,0.0357,0.0489,0,2.0
circuit_595.jpg,663,552,1,2,-0.614,0.0738,0.0489,0,2.0
circuit_595.jpg,506,612,1,3,-0.3872,0.1122,0.0489,0,2.0
circuit_595.jpg,686,613,1,2,-0.0857,0.3636,0.0489,0,2.0
circuit_595.jpg,274,618,1,3,-0.1123,0.3035,0.0489,0,2.0
circuit_595.jpg,778,620,1,3,-0.3331,0.1281,0.0489,0,2.0
circuit_595.jpg,481,637,1,2,-0.4355,0.101,0.0489,0,2.0
circuit_595.jpg,480,670,1,3,-0.1632,0.2308,0.0489,0,2.0
circuit_595.jpg,460,678,1,3,-0.6085,0.0745,0.0489,0,2.0
circuit_595.jpg,632,674,0,3,-0.5996,0.0755,0.0489,0,2.0
circuit_595.jpg,479,681,1,2,-0.0508,0.4909,0.0489,0,2.0
circuit_595.jpg,442,695,1,2,-0.7051,0.0649,0.0489,0,2.0
circuit_595.jpg,422,710,1,2,-0.6241,0.0727,0.0489,0,2.0
circuit_595.jpg,487,768,1,3,-0.1186,0.2921,0.0489,0,2.0
circuit_595.jpg,768,778,1,3,-0.1622,0.2318,0.0489,0,2.0
circuit_595.jpg,264,928,1,3,-0.3726,0.1161,0.0489,0,2.0
circuit_595.jpg,484,936,1,4,-0.1179,0.2934,0.0489,0,2.0
circuit_595.jpg,650,938,1,3,-0.2994,0.1405,0.0489,0,2.0
circuit_595.jpg,781,940,1,3,-0.4673,0.0948,0.0489,0,2.0
circuit_6.jpg,891,374,1,2,-0.8478,0.0744,0.0682,0,3.0
circuit_6.jpg,586,375,1,2,-0.6777,0.0914,0.0682,0,3.0
circuit_6.jpg,890,394,1,2,-0.1735,0.2821,0.0682,0,3.0
circuit_6.jpg,584,400,1,2,-0.3449,0.165,0.0682,0,3.0
circuit_6.jpg,452,422,0,2,-0.5875,0.104,0.0682,0,3.0
circuit_6.jpg,734,424,0,3,-0.7845,0.0799,0.0682,0,3.0
circuit_6.jpg,358,427,0,3,-0.8801,0.0719,0.0682,0,3.0
circuit_6.jpg,550,425,0,2,-1.2428,0.052,0.0682,0,3.0
circuit_6.jpg,581,426,1,4,-0.3608,0.1589,0.0682,0,3.0
circuit_6.jpg,139,434,0,2,-0.5801,0.1051,0.0682,0,3.0
circuit_6.jpg,580,504,1,2,-0.7176,0.0867,0.0682,0,3.0
circuit_6.jpg,360,510,0,2,-0.4748,0.1255,0.0682,0,3.0
circuit_6.jpg,744,616,0,2,-0.283,0.1941,0.0682,0,3.0
circuit_6.jpg,735,658,0,4,-0.511,0.1177,0.0682,0,3.0
circuit_6.jpg,863,658,0,2,-0.4297,0.1369,0.0682,0,3.0
circuit_6.jpg,136,666,0,3,-0.8919,0.071,0.0682,0,3.0
circuit_606.jpg,370,100,0,2,-1.0918,0.0417,0.0475,0,2.0
circuit_606.jpg,496,99,0,2,-0.6432,0.0688,0.0475,0,2.0
circuit_606.jpg,293,101,0,2,-0.6728,0.066,0.0475,0,2.0
circuit_606.jpg,282,230,0,3,-0.53,0.0823,0.0475,0,2.0
circuit_606.jpg,270,231,0,2,-0.4401,0.0975,0.0475,0,2.0
circuit_606.jpg,197,235,0,2,-0.45,0.0955,0.0475,0,2.0
circuit_606.jpg,737,301,0,1,-0.8796,0.0513,0.0475,0,2.0
circuit_606.jpg,287,344,0,2,-0.7223,0.0617,0.0475,0,2.0
circuit_606.jpg,837,350,0,1,-0.517,0.0842,0.0475,0,2.0
circuit_606.jpg,481,375,1,4,-0.3662,0.1149,0.0475,0,2.0
circuit_606.jpg,714,373,0,2,-1.0679,0.0426,0.0475,0,2.0
circuit_606.jpg,836,375,0,4,-0.1439,0.2482,0.0475,0,2.0
circuit_606.jpg,289,382,0,3,-0.2905,0.1406,0.0475,0,2.0
circuit_606.jpg,833,444,0,3,-0.6605,0.0671,0.0475,0,2.0
circuit_606.jpg,476,460,0,1,-0.8976,0.0503,0.0475,0,2.0
circuit_606.jpg,834,476,0,3,-0.3029,0.1356,0.0475,0,2.0
circuit_606.jpg,903,476,0,2,-0.4917,0.0881,0.0475,0,2.0
circuit_606.jpg,55,487,0,3,-0.2638,0.1527,0.0475,0,2.0
circuit_606.jpg,68,488,0,3,-0.3064,0.1343,0.0475,0,2.0
circuit_606.jpg,54,496,0,3,-0.678,0.0655,0.0475,0,2.0
circuit_606.jpg,66,496,0,2,-1.0793,0.0422,0.0475,0,2.0
circuit_606.jpg,722,518,0,2,-0.9274,0.0487,0.0475,0,2.0
circuit_606.jpg,725,604,0,3,-0.3365,0.1237,0.0475,0,2.0
circuit_606.jpg,726,652,0,2,-0.5156,0.0844,0.0475,0,2.0
circuit_606.jpg,129,660,0,2,-0.4531,0.0949,0.0475,0,2.0
circuit_606.jpg,161,660,1,3,-0.4329,0.0989,0.0475,0,2.0
circuit_606.jpg,98,664,0,3,-0.4256,0.1004,0.0475,0,2.0
circuit_606.jpg,76,670,0,2,-0.5604,0.0782,0.0475,0,2.0
circuit_606.jpg,108,665,0,3,-0.7684,0.0582,0.0475,0,2.0
circuit_606.jpg,498,699,1,2,-0.3564,0.1176,0.0475,0,2.0
circuit_606.jpg,470,700,1,3,-0.1881,0.2017,0.0475,0,2.0
circuit_606.jpg,728,722,0,2,-0.9654,0.0469,0.0475,0,2.0
circuit_606.jpg,583,726,0,2,-0.9719,0.0466,0.0475,0,2.0
circuit_606.jpg,161,742,1,2,-0.6407,0.069,0.0475,0,2.0
circuit_606.jpg,828,794,0,2,-0.3016,0.1361,0.0475,0,2.0
circuit_606.jpg,162,812,1,2,-0.7855,0.057,0.0475,0,2.0
circuit_606.jpg,492,823,0,2,-0.312,0.1322,0.0475,0,2.0
circuit_606.jpg,506,824,0,2,-0.7246,0.0615,0.0475,0,2.0
circuit_606.jpg,582,838,0,1,-0.8368,0.0537,0.0475,0,2.0
circuit_606.jpg,897,858,0,2,-0.5118,0.085,0.0475,0,2.0
circuit_606.jpg,578,860,0,2,-0.5903,0.0745,0.0475,0,2.0
circuit_606.jpg,58,868,0,2,-0.5405,0.0808,0.0475,0,2.0
circuit_606.jpg,166,869,1,3,-0.2892,0.1411,0.0475,0,2.0
circuit_606.jpg,235,877,1,2,-0.6222,0.0709,0.0475,0,2.0
circuit_606.jpg,264,881,1,3,-0.279,0.1455,0.0475,0,2.0
circuit_606.jpg,896,880,0,3,-0.2288,0.172,0.0475,0,2.0
circuit_606.jpg,722,886,0,3,-0.1667,0.2219,0.0475,0,2.0
circuit_606.jpg,352,888,0,2,-1.0679,0.0426,0.0475,0,2.0
circuit_606.jpg,368,890,0,2,-0.9832,0.0461,0.0475,0,2.0
circuit_606.jpg,458,892,0,3,-0.1181,0.287,0.0475,0,2.0
circuit_606.jpg,382,891,0,2,-0.8244,0.0545,0.0475,0,2.0
circuit_606.jpg,482,891,0,2,-1.1654,0.0392,0.0475,0,2.0
circuit_606.jpg,574,895,0,3,-0.6906,0.0644,0.0475,0,2.0
circuit_607.jpg,661,356,0,2,-0.1779,0.3309,0.088,0,4.0
circuit_607.jpg,256,360,0,2,-0.3093,0.2215,0.088,0,4.0
circuit_607.jpg,256,389,0,3,-0.3573,0.1976,0.088,0,4.0
circuit_607.jpg,336,390,0,2,-0.2912,0.2321,0.088,0,4.0
circuit_607.jpg,167,391,0,2,-0.5051,0.1484,0.088,0,4.0
circuit_607.jpg,661,396,0,3,-0.3902,0.184,0.088,0,4.0
circuit_607.jpg,589,405,0,2,-0.317,0.2173,0.088,0,4.0
circuit_607.jpg,340,548,0,2,-0.2002,0.3053,0.088,0,4.0
circuit_607.jpg,166,553,0,2,-0.3575,0.1975,0.088,0,4.0
circuit_607.jpg,214,554,0,3,-0.3945,0.1824,0.088,0,4.0
circuit_607.jpg,690,560,0,3,-0.2718,0.2445,0.088,0,4.0
circuit_607.jpg,598,563,0,2,-0.3841,0.1864,0.088,0,4.0
circuit_607.jpg,218,640,0,2,-0.4315,0.1694,0.088,0,4.0
circuit_61.jpg,123,376,0,2,-0.3894,0.1532,0.0705,0,3.0
circuit_61.jpg,330,377,1,3,-0.2987,0.1909,0.0705,0,3.0
circuit_61.jpg,414,382,1,2,-1.0018,0.0657,0.0705,0,3.0
circuit_61.jpg,466,387,1,3,-0.6255,0.1012,0.0705,0,3.0
circuit_61.jpg,814,392,1,2,-0.7186,0.0893,0.0705,0,3.0
circuit_61.jpg,660,394,0,3,-0.3082,0.1861,0.0705,0,3.0
circuit_61.jpg,474,496,1,3,-0.831,0.0782,0.0705,0,3.0
circuit_61.jpg,428,497,1,2,-0.5821,0.108,0.0705,0,3.0
circuit_61.jpg,540,500,1,2,-0.2712,0.2063,0.0705,0,3.0
circuit_61.jpg,121,603,1,2,-0.6486,0.098,0.0705,0,3.0
circuit_61.jpg,130,606,1,2,-1.0041,0.0656,0.0705,0,3.0
circuit_61.jpg,304,609,1,2,-0.4942,0.1248,0.0705,0,3.0
circuit_61.jpg,540,606,1,3,-0.4256,0.1421,0.0705,0,3.0
circuit_61.jpg,140,608,1,2,-0.8244,0.0787,0.0705,0,3.0
circuit_61.jpg,428,608,1,3,-0.5696,0.1101,0.0705,0,3.0
circuit_61.jpg,666,609,1,4,-0.3811,0.1561,0.0705,0,3.0
circuit_61.jpg,818,609,1,2,-0.5872,0.1071,0.0705,0,3.0
circuit_61.jpg,329,610,1,3,-0.5945,0.106,0.0705,0,3.0
circuit_61.jpg,404,609,1,2,-0.7036,0.091,0.0705,0,3.0
circuit_611.jpg,398,350,1,3,-0.1894,0.2082,0.0498,0,2.0
circuit_611.jpg,652,351,1,2,-0.2288,0.1787,0.0498,0,2.0
circuit_611.jpg,718,355,1,3,-0.2717,0.1549,0.0498,0,2.0
circuit_611.jpg,866,356,0,2,-0.231,0.1774,0.0498,0,2.0
circuit_611.jpg,720,400,1,2,-0.6264,0.0736,0.0498,0,2.0
circuit_611.jpg,400,550,1,3,-0.3771,0.1166,0.0498,0,2.0
circuit_611.jpg,626,551,0,2,-0.7093,0.0656,0.0498,0,2.0
circuit_611.jpg,714,554,1,3,-0.3064,0.1398,0.0498,0,2.0
circuit_611.jpg,711,634,1,2,-0.7195,0.0647,0.0498,0,2.0
circuit_611.jpg,251,689,1,2,-0.306,0.14,0.0498,0,2.0
circuit_611.jpg,710,695,1,4,-0.3103,0.1383,0.0498,0,2.0
circuit_611.jpg,394,693,1,3,-0.3693,0.1188,0.0498,0,2.0
circuit_611.jpg,436,692,1,2,-0.4505,0.0995,0.0498,0,2.0
circuit_611.jpg,772,692,1,2,-0.3375,0.1286,0.0498,0,2.0
circuit_611.jpg,878,692,1,2,-0.2031,0.1969,0.0498,0,2.0
circuit_613.jpg,403,195,0,2,-0.52,0.0844,0.0479,0,2.0
circuit_613.jpg,144,242,0,2,-0.6268,0.071,0.0479,0,2.0
circuit_613.jpg,178,244,0,3,-0.3095,0.1341,0.0479,0,2.0
circuit_613.jpg,610,248,0,2,-0.5236,0.0839,0.0479,0,2.0
circuit_613.jpg,400,278,0,3,-0.2515,0.1601,0.0479,0,2.0
circuit_613.jpg,546,280,0,2,-0.6244,0.0713,0.0479,0,2.0
circuit_613.jpg,568,283,0,2,-1.0799,0.0425,0.0479,0,2.0
circuit_613.jpg,580,284,0,2,-0.676,0.0662,0.0479,0,2.0
circuit_613.jpg,612,286,0,3,-0.4009,0.1068,0.0479,0,2.0
circuit_613.jpg,220,300,0,3,-0.4211,0.1022,0.0479,0,2.0
circuit_613.jpg,816,321,0,3,-0.3875,0.1101,0.0479,0,2.0
circuit_613.jpg,984,328,0,2,-0.7206,0.0624,0.0479,0,2.0
circuit_613.jpg,612,340,0,2,-0.7072,0.0635,0.0479,0,2.0
circuit_613.jpg,485,344,0,2,-0.1918,0.2,0.0479,0,2.0
circuit_613.jpg,484,452,0,2,-0.2078,0.1875,0.0479,0,2.0
circuit_613.jpg,687,467,0,2,-0.9967,0.0459,0.0479,0,2.0
circuit_613.jpg,836,474,0,2,-0.6414,0.0696,0.0479,0,2.0
circuit_613.jpg,485,502,0,2,-0.5332,0.0825,0.0479,0,2.0
circuit_613.jpg,256,523,0,1,-1.4105,0.0329,0.0479,0,2.0
circuit_613.jpg,448,524,0,3,-0.2933,0.1405,0.0479,0,2.0
circuit_613.jpg,687,526,0,3,-0.3835,0.1111,0.0479,0,2.0
circuit_613.jpg,490,526,0,4,-0.1388,0.2567,0.0479,0,2.0
circuit_613.jpg,836,564,0,3,-0.2006,0.1929,0.0479,0,2.0
circuit_613.jpg,930,567,0,2,-0.4419,0.0979,0.0479,0,2.0
circuit_613.jpg,985,568,0,3,-0.2732,0.1493,0.0479,0,2.0
circuit_613.jpg,498,592,0,2,-0.7365,0.0611,0.0479,0,2.0
circuit_613.jpg,228,610,1,3,-0.3352,0.1251,0.0479,0,2.0
circuit_613.jpg,456,644,0,2,-0.6068,0.0732,0.0479,0,2.0
circuit_613.jpg,661,711,0,2,-0.6412,0.0696,0.0479,0,2.0
circuit_613.jpg,810,714,0,2,-0.654,0.0683,0.0479,0,2.0
circuit_613.jpg,509,734,0,2,-0.4727,0.0921,0.0479,0,2.0
circuit_613.jpg,514,771,0,2,-0.3495,0.1206,0.0479,0,2.0
circuit_613.jpg,660,776,0,3,-0.8058,0.0562,0.0479,0,2.0
circuit_613.jpg,988,800,0,2,-0.9561,0.0478,0.0479,0,2.0
circuit_613.jpg,814,803,0,3,-0.3578,0.1182,0.0479,0,2.0
circuit_613.jpg,669,819,0,2,-0.2794,0.1465,0.0479,0,2.0
circuit_614.jpg,461,399,1,3,-0.6111,0.1376,0.0975,0,4.0
circuit_614.jpg,518,400,1,2,-1.1653,0.0772,0.0975,0,4.0
circuit_614.jpg,836,574,1,1,-0.2643,0.2695,0.0975,0,4.0
circuit_614.jpg,188,607,1,2,-0.9453,0.0935,0.0975,0,4.0
circuit_614.jpg,342,615,1,2,-1.0788,0.0829,0.0975,0,4.0
circuit_614.jpg,356,616,1,2,-1.0932,0.0819,0.0975,0,4.0
circuit_614.jpg,386,619,1,2,-1.0983,0.0815,0.0975,0,4.0
circuit_614.jpg,465,624,1,3,-0.6095,0.1379,0.0975,0,4.0
circuit_614.jpg,840,624,1,2,-0.5224,0.1573,0.0975,0,4.0
circuit_618.jpg,262,379,1,2,-0.3641,0.1006,0.0407,0,2.0
circuit_618.jpg,677,381,0,2,-0.3294,0.11,0.0407,0,2.0
circuit_618.jpg,266,450,1,2,-0.7865,0.0492,0.0407,0,2.0
circuit_618.jpg,684,489,1,3,-0.3392,0.1072,0.0407,0,2.0
circuit_618.jpg,268,492,1,3,-0.4949,0.076,0.0407,0,2.0
circuit_618.jpg,488,492,1,3,-0.3997,0.0924,0.0407,0,2.0
circuit_618.jpg,269,544,1,2,-0.3237,0.1117,0.0407,0,2.0
circuit_618.jpg,644,662,1,2,-0.5684,0.0668,0.0407,0,2.0
circuit_618.jpg,500,670,1,3,-0.5024,0.075,0.0407,0,2.0
circuit_618.jpg,460,672,1,2,-1.0569,0.0371,0.0407,0,2.0
circuit_618.jpg,297,684,1,2,-0.4479,0.0833,0.0407,0,2.0
circuit_623.jpg,392,336,1,3,-0.1237,0.5021,0.1247,0,6.0
circuit_623.jpg,230,338,1,2,-0.6057,0.1707,0.1247,0,6.0
circuit_623.jpg,736,346,1,2,-0.4125,0.2321,0.1247,0,6.0
circuit_623.jpg,732,477,1,2,-0.4496,0.2171,0.1247,0,6.0
circuit_623.jpg,384,484,0,3,-0.3953,0.2398,0.1247,0,6.0
circuit_623.jpg,214,532,1,2,-0.0639,0.6612,0.1247,0,6.0
circuit_623.jpg,211,612,1,2,-0.1499,0.4541,0.1247,0,6.0
circuit_623.jpg,282,616,1,2,-0.2286,0.3529,0.1247,0,6.0
circuit_623.jpg,380,619,1,2,-0.4101,0.2332,0.1247,0,6.0
circuit_645.jpg,287,323,1,2,-0.6087,0.0427,0.0272,0,1.0
circuit_645.jpg,632,326,1,2,-0.8246,0.0319,0.0272,0,1.0
circuit_645.jpg,634,360,1,2,-0.824,0.0319,0.0272,0,1.0
circuit_645.jpg,289,366,1,2,-0.8046,0.0327,0.0272,0,1.0
circuit_645.jpg,294,451,1,4,-0.5033,0.0512,0.0272,0,1.0
circuit_645.jpg,456,451,1,2,-0.6454,0.0404,0.0272,0,1.0
circuit_645.jpg,482,453,1,3,-0.4341,0.0589,0.0272,0,1.0
circuit_645.jpg,182,455,1,2,-0.67,0.039,0.0272,0,1.0
circuit_645.jpg,643,456,1,3,-0.305,0.0818,0.0272,0,1.0
circuit_645.jpg,645,490,1,2,-0.7751,0.0339,0.0272,0,1.0
circuit_645.jpg,496,617,1,2,-0.1811,0.1304,0.0272,0,1.0
circuit_645.jpg,192,648,1,2,-0.8729,0.0302,0.0272,0,1.0
circuit_645.jpg,316,661,1,3,-0.3326,0.0755,0.0272,0,1.0
circuit_645.jpg,444,662,1,2,-0.8005,0.0328,0.0272,0,1.0
circuit_645.jpg,500,662,1,3,-0.2975,0.0837,0.0272,0,1.0
circuit_649.jpg,229,374,1,2,-0.2899,0.4756,0.2629,0,14.0
circuit_649.jpg,491,379,1,3,-0.2189,0.5456,0.2629,0,14.0
circuit_649.jpg,854,400,1,2,-0.2192,0.5452,0.2629,0,14.0
circuit_649.jpg,493,406,1,2,-0.7747,0.2534,0.2629,0,14.0
circuit_649.jpg,238,586,1,2,-0.3574,0.4238,0.2629,0,14.0
circuit_649.jpg,497,596,1,3,-0.2404,0.5223,0.2629,0,14.0
circuit_649.jpg,860,599,1,2,-0.176,0.599,0.2629,0,14.0
circuit_658.jpg,470,374,0,3,-0.2321,0.239,0.0729,0,3.0
circuit_658.jpg,817,414,1,2,-0.9734,0.0697,0.0729,0,3.0
circuit_658.jpg,700,498,0,2,-0.8687,0.0774,0.0729,0,3.0
circuit_658.jpg,212,664,1,2,-0.5073,0.1257,0.0729,0,3.0
circuit_658.jpg,701,670,1,3,-0.2138,0.2542,0.0729,0,3.0
circuit_658.jpg,818,670,1,2,-0.3138,0.1885,0.0729,0,3.0
circuit_665.jpg,251,379,1,2,-0.0977,0.735,0.2709,0,14.0
circuit_665.jpg,418,380,1,3,-0.212,0.5609,0.2709,0,14.0
circuit_665.jpg,893,386,0,2,-0.558,0.3268,0.2709,0,14.0
circuit_665.jpg,734,518,0,2,-0.0414,0.8675,0.2709,0,14.0
circuit_665.jpg,868,516,0,2,-0.7431,0.2672,0.2709,0,14.0
circuit_665.jpg,421,609,1,3,-0.1478,0.647,0.2709,0,14.0
circuit_665.jpg,440,610,1,2,-0.7068,0.2771,0.2709,0,14.0
circuit_665.jpg,540,612,1,2,0.0563,1.2623,0.2709,0,14.0
circuit_665.jpg,250,614,1,2,-0.1016,0.7273,0.2709,0,14.0
circuit_678.jpg,130,330,0,2,-0.2045,0.6945,0.465,0,22.0
circuit_678.jpg,770,346,1,3,-0.5296,0.4675,0.465,0,22.0
circuit_678.jpg,408,350,1,3,-0.3747,0.5538,0.465,0,22.0
circuit_678.jpg,586,348,1,3,-0.1442,0.7633,0.465,0,22.0
circuit_678.jpg,908,349,1,2,-0.4062,0.5338,0.465,0,22.0
circuit_678.jpg,594,488,1,2,-0.1807,0.7201,0.465,0,22.0
circuit_678.jpg,124,494,1,2,-0.4062,0.5338,0.465,0,22.0
circuit_678.jpg,597,513,1,4,-0.0135,0.9719,0.465,0,22.0
circuit_678.jpg,410,515,1,4,0.0402,1.0945,0.465,0,22.0
circuit_678.jpg,374,516,1,2,-1.0095,0.3154,0.465,0,22.0
circuit_678.jpg,276,518,1,2,-1.0568,0.3056,0.465,0,22.0
circuit_678.jpg,766,518,1,4,-0.1261,0.7867,0.465,0,22.0
circuit_678.jpg,170,519,1,2,-1.0116,0.3149,0.465,0,22.0
circuit_678.jpg,916,521,1,4,0.0748,1.1918,0.465,0,22.0
circuit_678.jpg,129,522,1,4,-0.1396,0.7691,0.465,0,22.0
circuit_678.jpg,942,523,1,2,-0.2431,0.6567,0.465,0,22.0
circuit_678.jpg,414,542,1,2,-0.1941,0.7055,0.465,0,22.0
circuit_678.jpg,418,652,1,3,-0.3509,0.5699,0.465,0,22.0
circuit_678.jpg,594,656,1,3,-0.3001,0.6078,0.465,0,22.0
circuit_678.jpg,264,663,1,2,-0.679,0.4065,0.465,0,22.0
circuit_678.jpg,231,665,1,2,-0.8249,0.3605,0.465,0,22.0
circuit_678.jpg,766,666,1,3,-0.3045,0.6043,0.465,0,22.0
circuit_678.jpg,816,670,1,2,-0.9395,0.3311,0.465,0,22.0
circuit_689.jpg,553,266,1,3,-0.3065,0.3315,0.152,0,7.0
circuit_689.jpg,436,271,1,2,-1.0567,0.1257,0.152,0,7.0
circuit_689.jpg,380,275,1,2,-1.0929,0.1221,0.152,0,7.0
circuit_689.jpg,318,279,1,3,-0.3265,0.3176,0.152,0,7.0
circuit_689.jpg,148,286,0,2,-0.3586,0.2977,0.152,0,7.0
circuit_689.jpg,482,369,1,2,-1.3979,0.0981,0.152,0,7.0
circuit_689.jpg,772,419,1,1,-0.2451,0.3827,0.152,0,7.0
circuit_689.jpg,554,433,1,4,-0.0167,0.9011,0.152,0,7.0
circuit_689.jpg,316,440,1,2,-0.547,0.2175,0.152,0,7.0
circuit_689.jpg,408,439,1,2,-0.3849,0.2831,0.152,0,7.0
circuit_689.jpg,419,458,1,3,-0.532,0.2222,0.152,0,7.0
circuit_689.jpg,424,497,1,3,-0.3598,0.297,0.152,0,7.0
circuit_689.jpg,520,512,0,1,-0.7758,0.1638,0.152,0,7.0
circuit_689.jpg,443,516,1,3,-0.6188,0.1972,0.152,0,7.0
circuit_689.jpg,410,519,1,2,-1.3245,0.1029,0.152,0,7.0
circuit_689.jpg,384,522,1,2,-1.1707,0.1149,0.152,0,7.0
circuit_689.jpg,368,524,1,2,-1.1056,0.1209,0.152,0,7.0
circuit_689.jpg,421,526,1,4,-0.3841,0.2835,0.152,0,7.0
circuit_689.jpg,767,524,0,2,-0.2487,0.3793,0.152,0,7.0
circuit_689.jpg,354,526,1,2,-1.0459,0.1269,0.152,0,7.0
circuit_689.jpg,266,530,1,3,-0.0714,0.6803,0.152,0,7.0
circuit_689.jpg,138,532,1,3,-0.042,0.7833,0.152,0,7.0
circuit_689.jpg,417,568,1,3,-0.3054,0.3323,0.152,0,7.0
circuit_689.jpg,850,574,0,2,-0.3876,0.2817,0.152,0,7.0
circuit_689.jpg,672,582,0,3,-0.0634,0.7055,0.152,0,7.0
circuit_689.jpg,771,582,0,2,-0.7268,0.173,0.152,0,7.0
circuit_689.jpg,550,584,0,3,-0.171,0.4706,0.152,0,7.0
circuit_689.jpg,423,646,1,2,-0.6655,0.1859,0.152,0,7.0
circuit_689.jpg,866,714,0,2,-0.6898,0.1806,0.152,0,7.0
circuit_689.jpg,550,745,0,3,-0.3691,0.2917,0.152,0,7.0
circuit_689.jpg,572,746,0,2,-1.3046,0.1043,0.152,0,7.0
circuit_689.jpg,673,746,0,3,-0.1402,0.5202,0.152,0,7.0
circuit_689.jpg,612,748,0,3,-0.4259,0.263,0.152,0,7.0
circuit_689.jpg,272,750,0,3,-1.3011,0.1046,0.152,0,7.0
circuit_689.jpg,522,750,0,2,-1.1291,0.1186,0.152,0,7.0
circuit_689.jpg,869,752,0,3,-0.4923,0.2359,0.152,0,7.0
circuit_689.jpg,970,752,0,2,-0.1914,0.4426,0.152,0,7.0
circuit_690.jpg,238,354,1,2,-0.6095,0.0434,0.0276,0,1.0
circuit_690.jpg,456,353,1,3,-0.5498,0.0478,0.0276,0,1.0
circuit_690.jpg,464,353,1,2,-0.9289,0.0289,0.0276,0,1.0
circuit_690.jpg,635,356,1,2,-0.5142,0.051,0.0276,0,1.0
circuit_690.jpg,242,388,1,2,-0.9078,0.0295,0.0276,0,1.0
circuit_690.jpg,260,482,1,2,-0.3775,0.0682,0.0276,0,1.0
circuit_690.jpg,484,510,1,3,-0.1877,0.1283,0.0276,0,1.0
circuit_690.jpg,270,517,1,3,-0.2182,0.1124,0.0276,0,1.0
circuit_690.jpg,488,525,0,2,-0.6926,0.0383,0.0276,0,1.0
circuit_690.jpg,271,528,1,2,-0.8362,0.032,0.0276,0,1.0
circuit_690.jpg,658,649,1,2,-0.6957,0.0382,0.0276,0,1.0
circuit_690.jpg,499,652,1,3,-0.2726,0.092,0.0276,0,1.0
circuit_707.jpg,736,355,0,2,-0.3806,0.2438,0.1227,0,6.0
circuit_707.jpg,544,368,0,3,-0.6288,0.1633,0.1227,0,6.0
circuit_707.jpg,507,372,0,1,-1.688,0.0678,0.1227,0,6.0
circuit_707.jpg,321,371,1,2,-0.2358,0.3423,0.1227,0,6.0
circuit_707.jpg,743,527,0,3,0.0229,1.23,0.1227,0,6.0
circuit_707.jpg,546,531,1,3,-0.5126,0.1931,0.1227,0,6.0
circuit_707.jpg,326,536,1,4,-0.1681,0.4219,0.1227,0,6.0
circuit_707.jpg,745,625,0,2,-0.7603,0.139,0.1227,0,6.0
circuit_707.jpg,326,627,0,2,-0.0689,0.6404,0.1227,0,6.0
circuit_709.jpg,640,29,1,3,-0.8273,0.2357,0.2552,0,12.0
circuit_709.jpg,228,34,0,2,-0.4774,0.3483,0.2552,0,12.0
circuit_709.jpg,400,33,1,3,-0.4994,0.3382,0.2552,0,12.0
circuit_709.jpg,63,37,0,2,-0.598,0.2991,0.2552,0,12.0
circuit_709.jpg,206,37,0,2,-1.9332,0.1166,0.0,0,12.0
circuit_709.jpg,884,38,0,2,-0.9986,0.2035,0.2552,0,12.0
circuit_709.jpg,642,144,1,3,-0.375,0.4049,0.2552,0,12.0
circuit_709.jpg,879,154,1,3,-0.2608,0.4945,0.2552,0,12.0
circuit_709.jpg,707,160,1,2,-1.5331,0.1427,-0.8931,0,12.0
circuit_709.jpg,738,160,1,2,-1.4973,0.1456,-1.1482,0,12.0
circuit_709.jpg,782,159,1,2,-1.3236,0.1616,-0.319,0,12.0
circuit_709.jpg,642,163,1,5,-2.3035,0.0997,-2.2327,0,12.0
circuit_709.jpg,506,173,0,2,-0.2494,0.5057,0.2552,0,12.0
circuit_709.jpg,69,187,0,3,-0.202,0.5581,0.2552,0,12.0
circuit_709.jpg,400,214,1,2,-0.492,0.3415,0.2552,0,12.0
circuit_709.jpg,637,298,1,2,-0.3891,0.396,0.2552,0,12.0
circuit_709.jpg,80,308,1,2,-0.2679,0.4878,0.2552,0,12.0
circuit_709.jpg,388,340,1,2,-0.3773,0.4035,0.2552,0,12.0
circuit_709.jpg,636,343,1,2,-0.2514,0.5037,0.2552,0,12.0
circuit_709.jpg,622,348,1,2,-0.4835,0.3454,0.2552,0,12.0
circuit_709.jpg,814,352,0,2,-1.3609,0.1579,-0.6592,0,12.0
circuit_709.jpg,840,352,0,2,-0.8864,0.2235,0.2552,0,12.0
circuit_709.jpg,872,352,0,3,-0.2394,0.516,0.2552,0,12.0
circuit_709.jpg,619,360,1,3,-0.2581,0.4972,0.2552,0,12.0
circuit_709.jpg,225,363,0,3,-0.021,0.924,0.2552,0,12.0
circuit_709.jpg,622,371,1,2,-0.4367,0.3688,0.2552,0,12.0
circuit_709.jpg,390,501,1,3,-0.5405,0.3207,0.2552,0,12.0
circuit_709.jpg,392,511,1,3,-0.4356,0.3694,0.2552,0,12.0
circuit_709.jpg,233,528,1,3,-0.1532,0.6249,0.2552,0,12.0
circuit_709.jpg,748,538,1,2,-0.5079,0.3344,0.2552,0,12.0
circuit_709.jpg,890,541,1,3,-0.3452,0.425,0.2552,0,12.0
circuit_709.jpg,231,548,1,2,-0.3808,0.4012,0.2552,0,12.0
circuit_709.jpg,226,614,1,2,-0.49,0.3424,0.2552,0,12.0
circuit_709.jpg,393,700,1,2,-0.5078,0.3344,0.2552,0,12.0
circuit_709.jpg,838,706,1,3,-0.5913,0.3014,0.2552,0,12.0
circuit_709.jpg,810,707,1,2,-1.0753,0.1918,0.2552,0,12.0
circuit_709.jpg,880,709,1,3,-0.3511,0.4209,0.2552,0,12.0
circuit_709.jpg,391,726,1,2,-0.0572,0.8168,0.2552,0,12.0
circuit_709.jpg,394,764,1,2,-0.122,0.6766,0.2552,0,12.0
circuit_709.jpg,221,866,1,2,-0.8389,0.2332,0.2552,0,12.0
circuit_709.jpg,96,906,1,2,-0.798,0.2423,0.2552,0,12.0
circuit_709.jpg,644,906,1,3,-0.4306,0.3721,0.2552,0,12.0
circuit_709.jpg,166,907,1,2,-1.2593,0.1685,0.2552,0,12.0
circuit_709.jpg,220,907,1,3,-0.4288,0.3731,0.2552,0,12.0
circuit_709.jpg,572,907,1,2,-1.3366,0.1603,0.2552,0,12.0
circuit_709.jpg,748,907,1,2,-0.8303,0.2351,0.2552,0,12.0
circuit_709.jpg,788,910,1,2,-0.5502,0.3168,0.2552,0,12.0
circuit_709.jpg,393,914,1,4,-0.3517,0.4205,0.2552,0,12.0
circuit_720.jpg,122,305,1,2,-0.7646,0.126,0.1102,0,5.0
circuit_720.jpg,268,308,0,2,-1.1069,0.0906,0.1102,0,5.0
circuit_720.jpg,320,312,0,3,-0.7032,0.1355,0.1102,0,5.0
circuit_720.jpg,632,311,0,3,-0.3092,0.2628,0.1102,0,5.0
circuit_720.jpg,474,314,0,3,-0.5972,0.1558,0.1102,0,5.0
circuit_720.jpg,478,414,1,2,-0.6152,0.152,0.1102,0,5.0
circuit_720.jpg,118,476,1,4,-0.2766,0.2849,0.1102,0,5.0
circuit_720.jpg,108,476,0,2,-0.3601,0.2344,0.1102,0,5.0
circuit_720.jpg,311,481,1,4,-0.185,0.3734,0.1102,0,5.0
circuit_720.jpg,476,484,1,4,-0.4005,0.2158,0.1102,0,5.0
circuit_720.jpg,631,484,1,4,-0.3961,0.2177,0.1102,0,5.0
circuit_720.jpg,901,483,0,2,-0.3148,0.2594,0.1102,0,5.0
circuit_720.jpg,794,486,0,4,-0.225,0.3288,0.1102,0,5.0
circuit_720.jpg,900,504,0,2,-0.5341,0.1711,0.1102,0,5.0
circuit_720.jpg,788,637,1,2,-0.4832,0.1858,0.1102,0,5.0
circuit_720.jpg,628,642,1,2,-0.7649,0.126,0.1102,0,5.0
circuit_720.jpg,472,655,1,2,-0.301,0.268,0.1102,0,5.0
circuit_720.jpg,302,662,1,3,-0.4472,0.1977,0.1102,0,5.0
circuit_720.jpg,234,664,0,2,-0.9175,0.1073,0.1102,0,5.0
circuit_720.jpg,118,665,1,2,-0.4383,0.2009,0.1102,0,5.0
circuit_726.jpg,334,375,1,3,-0.2829,0.5984,0.4215,0,21.0
circuit_726.jpg,448,378,1,3,-0.1458,0.743,0.4215,0,21.0
circuit_726.jpg,576,379,1,3,-0.2575,0.6208,0.4215,0,21.0
circuit_726.jpg,712,383,1,2,-0.1285,0.7664,0.4215,0,21.0
circuit_726.jpg,335,386,1,2,-0.4888,0.4631,0.4215,0,21.0
circuit_726.jpg,188,442,1,2,0.0,1.0,0.4215,0,21.0
circuit_726.jpg,520,450,0,3,-0.5715,0.4245,0.4215,0,21.0
circuit_726.jpg,539,451,0,3,-0.6004,0.4125,0.4215,0,21.0
circuit_726.jpg,425,521,0,3,-0.7126,0.3717,0.4215,0,21.0
circuit_726.jpg,394,522,0,1,-0.3355,0.5568,0.4215,0,21.0
circuit_726.jpg,447,521,0,2,-0.1711,0.7112,0.4215,0,21.0
circuit_726.jpg,338,617,1,3,-0.2671,0.6122,0.4215,0,21.0
circuit_726.jpg,186,620,0,2,-0.1398,0.7509,0.4215,0,21.0
circuit_726.jpg,450,623,1,4,0.0946,1.2895,0.4215,0,21.0
circuit_726.jpg,572,629,1,3,-0.4881,0.4634,0.4215,0,21.0
circuit_726.jpg,705,632,0,2,-0.1964,0.6822,0.4215,0,21.0
circuit_730.jpg,454,456,0,3,-0.0081,0.9876,0.6389,0,35.0
circuit_730.jpg,233,458,0,2,0.1038,1.194,0.6389,0,35.0
circuit_730.jpg,227,658,0,2,-0.0022,0.9965,0.6389,0,35.0
circuit_730.jpg,460,672,1,3,-0.0588,0.9157,0.6389,0,35.0
circuit_730.jpg,772,672,1,2,0.1398,1.2801,0.6389,0,35.0
circuit_730.jpg,600,675,1,2,-0.4098,0.6092,0.6389,0,35.0
circuit_730.jpg,342,677,0,2,-0.3419,0.6514,0.6389,0,35.0
circuit_730.jpg,754,677,1,2,-0.2182,0.7455,0.6389,0,35.0
circuit_730.jpg,227,680,0,2,-0.0074,0.9885,0.6389,0,35.0
circuit_733.jpg,174,378,0,2,-0.8192,0.0556,0.0482,0,2.0
circuit_733.jpg,303,380,0,3,-0.6756,0.0666,0.0482,0,2.0
circuit_733.jpg,156,380,0,2,-0.7155,0.0631,0.0482,0,2.0
circuit_733.jpg,797,381,0,2,-0.3899,0.11,0.0482,0,2.0
circuit_733.jpg,121,384,0,2,-0.4641,0.0941,0.0482,0,2.0
circuit_733.jpg,530,384,0,3,-0.4851,0.0904,0.0482,0,2.0
circuit_733.jpg,123,418,0,2,-0.698,0.0646,0.0482,0,2.0
circuit_733.jpg,799,434,0,1,-0.5961,0.0748,0.0482,0,2.0
circuit_733.jpg,126,668,1,2,-0.4807,0.0911,0.0482,0,2.0
circuit_733.jpg,793,682,0,2,-0.3671,0.116,0.0482,0,2.0
circuit_733.jpg,540,688,1,3,-0.2486,0.1623,0.0482,0,2.0
circuit_733.jpg,127,691,1,2,-0.5294,0.0834,0.0482,0,2.0
circuit_733.jpg,527,692,1,2,-0.4623,0.0944,0.0482,0,2.0
circuit_733.jpg,306,696,1,4,-0.2688,0.152,0.0482,0,2.0
circuit_743.jpg,165,393,1,2,-0.3166,0.3996,0.2107,0,10.0
circuit_743.jpg,402,394,0,2,-0.8272,0.203,0.2107,0,10.0
circuit_743.jpg,424,394,0,3,-0.4143,0.3372,0.2107,0,10.0
circuit_743.jpg,429,607,1,3,-0.2331,0.4748,0.2107,0,10.0
circuit_743.jpg,647,610,1,3,-0.2627,0.4451,0.2107,0,10.0
circuit_743.jpg,158,614,1,2,-0.291,0.4201,0.2107,0,10.0
circuit_743.jpg,304,614,1,3,-0.3995,0.3453,0.2107,0,10.0
circuit_748.jpg,282,356,1,3,0.195,1.878,0.417,0,19.0
circuit_748.jpg,424,361,1,3,0.0793,1.2349,0.417,0,19.0
circuit_748.jpg,48,364,0,2,0.0949,1.2947,0.417,0,19.0
circuit_748.jpg,662,365,1,2,-0.3251,0.562,0.417,0,19.0
circuit_748.jpg,652,368,1,3,0.0338,1.0882,0.417,0,19.0
circuit_748.jpg,836,367,1,2,-0.3558,0.5396,0.417,0,19.0
circuit_748.jpg,278,474,0,4,0.0344,1.09,0.417,0,19.0
circuit_748.jpg,240,478,1,2,-1.089,0.2769,0.417,0,19.0
circuit_748.jpg,431,489,1,4,0.2391,2.3442,0.417,0,19.0
circuit_748.jpg,152,490,1,2,-0.8139,0.3388,0.417,0,19.0
circuit_748.jpg,120,494,1,2,-0.781,0.3481,0.417,0,19.0
circuit_748.jpg,110,495,1,2,-1.0371,0.2868,0.2634,0,19.0
circuit_748.jpg,76,498,1,2,-0.7783,0.3489,0.417,0,19.0
circuit_748.jpg,90,497,1,2,-0.9767,0.2992,0.417,0,19.0
circuit_748.jpg,834,498,1,2,-0.5432,0.4343,0.417,0,19.0
circuit_748.jpg,42,503,1,3,0.1247,1.4266,0.417,0,19.0
circuit_748.jpg,646,514,1,4,0.1448,1.5319,0.417,0,19.0
circuit_748.jpg,836,528,1,4,0.2075,1.9905,0.417,0,19.0
circuit_748.jpg,927,533,0,2,-0.3578,0.5382,0.417,0,19.0
circuit_748.jpg,648,536,1,2,-0.4456,0.4835,0.417,0,19.0
circuit_748.jpg,298,618,0,2,-0.2467,0.6283,0.417,0,19.0
circuit_748.jpg,655,618,1,2,-0.4324,0.491,0.417,0,19.0
circuit_748.jpg,656,632,1,2,-0.5098,0.4499,0.417,0,19.0
circuit_748.jpg,304,653,0,3,-0.1137,0.7858,0.417,0,19.0
circuit_748.jpg,434,653,0,3,-0.0971,0.8112,0.417,0,19.0
circuit_748.jpg,50,657,1,1,-0.4929,0.4583,0.417,0,19.0
circuit_748.jpg,656,658,1,3,-0.0068,0.9839,0.417,0,19.0
circuit_748.jpg,837,677,1,2,-0.4574,0.4769,0.417,0,19.0
circuit_750.jpg,356,300,0,3,-0.5141,0.44,0.4039,0,19.0
circuit_750.jpg,486,302,0,3,-0.5144,0.4399,0.4039,0,19.0
circuit_750.jpg,532,301,0,2,-1.4244,0.2209,-0.4252,0,19.0
circuit_750.jpg,666,304,0,3,-0.1569,0.7202,0.4039,0,19.0
circuit_750.jpg,814,306,0,2,-0.2347,0.6325,0.4039,0,19.0
circuit_750.jpg,95,340,0,2,-0.3411,0.5422,0.4039,0,19.0
circuit_750.jpg,659,414,0,2,-0.4208,0.4898,0.4039,0,19.0
circuit_750.jpg,488,444,0,2,-0.0014,0.9966,0.4039,0,19.0
circuit_750.jpg,815,448,1,2,-0.4349,0.4816,0.4039,0,19.0
circuit_750.jpg,346,508,1,4,-0.0004,0.9991,0.4039,0,19.0
circuit_750.jpg,488,508,1,4,-0.213,0.6547,0.4039,0,19.0
circuit_750.jpg,817,509,1,4,-0.1509,0.728,0.4039,0,19.0
circuit_750.jpg,655,510,1,4,-0.3933,0.5067,0.4039,0,19.0
circuit_750.jpg,912,513,0,1,0.0056,1.014,0.4039,0,19.0
circuit_750.jpg,94,516,1,4,-0.0026,0.9936,0.4039,0,19.0
circuit_750.jpg,652,610,1,2,-0.3716,0.5209,0.4039,0,19.0
circuit_750.jpg,910,632,0,2,-0.0995,0.8023,0.4039,0,19.0
circuit_750.jpg,811,652,0,2,-0.3988,0.5032,0.4039,0,19.0
circuit_750.jpg,646,660,1,2,-0.3382,0.5443,0.4039,0,19.0
circuit_750.jpg,642,692,1,3,-0.134,0.7508,0.4039,0,19.0
circuit_750.jpg,357,696,0,3,-0.4838,0.455,0.4039,0,19.0
circuit_750.jpg,485,696,0,3,-0.5498,0.4235,0.4039,0,19.0
circuit_750.jpg,97,705,1,2,-0.5547,0.4213,0.4039,0,19.0
circuit_755.jpg,862,303,0,2,-0.518,0.4783,0.4749,0,23.0
circuit_755.jpg,846,305,0,2,-0.575,0.4523,0.4749,0,23.0
circuit_755.jpg,776,309,0,2,-0.54,0.4679,0.4749,0,23.0
circuit_755.jpg,746,312,0,3,-0.3943,0.5464,0.4749,0,23.0
circuit_755.jpg,672,314,0,2,-0.1693,0.7372,0.4749,0,23.0
circuit_755.jpg,524,320,1,3,-0.3572,0.5707,0.4749,0,23.0
circuit_755.jpg,324,329,1,3,-0.2513,0.654,0.4749,0,23.0
circuit_755.jpg,523,344,1,2,-0.3735,0.5597,0.4749,0,23.0
circuit_755.jpg,882,440,1,2,-0.3639,0.5662,0.4749,0,23.0
circuit_755.jpg,878,466,1,4,-0.1405,0.7717,0.4749,0,23.0
circuit_755.jpg,860,470,0,2,-0.5795,0.4504,0.4749,0,23.0
circuit_755.jpg,736,478,1,4,-0.042,0.9188,0.4749,0,23.0
circuit_755.jpg,662,484,1,2,-0.9514,0.333,0.4749,0,23.0
circuit_755.jpg,122,488,0,1,-0.4828,0.4959,0.4749,0,23.0
circuit_755.jpg,520,495,1,4,-0.1747,0.7311,0.4749,0,23.0
circuit_755.jpg,938,494,0,2,-0.0807,0.8547,0.4749,0,23.0
circuit_755.jpg,326,515,1,4,-0.0316,0.9376,0.4749,0,23.0
circuit_755.jpg,198,531,1,2,-0.9046,0.3442,0.4749,0,23.0
circuit_755.jpg,178,534,1,2,-0.8067,0.3705,0.4749,0,23.0
circuit_755.jpg,129,541,1,4,-0.0664,0.8773,0.4749,0,23.0
circuit_755.jpg,727,542,1,2,-0.1708,0.7355,0.4749,0,23.0
circuit_755.jpg,714,682,1,3,-0.5693,0.4548,0.4749,0,23.0
circuit_755.jpg,853,681,1,2,-0.8517,0.358,0.4749,0,23.0
circuit_755.jpg,506,689,0,3,-0.4758,0.4995,0.4749,0,23.0
circuit_755.jpg,446,695,0,2,-0.6332,0.4286,0.4749,0,23.0
circuit_755.jpg,330,699,0,3,-0.3684,0.5631,0.4749,0,23.0
circuit_755.jpg,374,697,0,2,-0.3544,0.5726,0.4749,0,23.0
circuit_760.jpg,359,385,0,3,-0.1103,0.7986,0.4374,0,22.0
circuit_760.jpg,195,388,0,2,-0.361,0.5478,0.4374,0,22.0
circuit_760.jpg,514,387,0,3,-0.6216,0.413,0.4374,0,22.0
circuit_760.jpg,514,414,0,2,-0.4076,0.5176,0.4374,0,22.0
circuit_760.jpg,184,574,1,2,-0.0226,0.9509,0.4374,0,22.0
circuit_760.jpg,516,598,0,2,-0.0563,0.8859,0.4374,0,22.0
circuit_760.jpg,513,645,0,3,-0.3967,0.5244,0.4374,0,22.0
circuit_760.jpg,353,649,1,4,-0.0357,0.9245,0.4374,0,22.0
circuit_760.jpg,620,647,0,2,-0.9001,0.327,-0.4771,0,22.0
circuit_760.jpg,634,648,0,2,-0.8171,0.3487,-0.3579,0,22.0
circuit_760.jpg,646,648,0,2,-1.4513,0.2316,-0.7753,0,22.0
circuit_760.jpg,189,650,1,3,-0.3241,0.5744,0.4374,0,22.0
circuit_760.jpg,209,651,1,3,-0.4958,0.4687,0.4374,0,22.0
circuit_760.jpg,260,650,1,2,-1.4929,0.2266,0.4374,0,22.0
circuit_760.jpg,688,650,0,2,-0.3976,0.5238,0.4374,0,22.0
circuit_769.jpg,416,353,1,3,-0.2809,0.2989,0.1198,0,6.0
circuit_769.jpg,678,354,1,3,-0.349,0.2555,0.1198,0,6.0
circuit_769.jpg,884,355,1,2,-0.4604,0.2064,0.1198,0,6.0
circuit_769.jpg,413,658,1,3,-0.338,0.2616,0.1198,0,6.0
circuit_769.jpg,558,664,1,3,-0.4162,0.2234,0.1198,0,6.0
circuit_769.jpg,682,662,1,3,-0.4842,0.1983,0.1198,0,6.0
circuit_775.jpg,202,241,0,2,-0.4298,0.0547,0.0249,0,1.0
circuit_775.jpg,421,258,0,2,-0.428,0.0549,0.0249,0,1.0
circuit_775.jpg,616,260,0,2,-0.3716,0.0628,0.0249,0,1.0
circuit_775.jpg,813,268,0,2,-0.9332,0.026,0.0249,0,1.0
circuit_775.jpg,130,299,0,2,-0.647,0.037,0.0249,0,1.0
circuit_775.jpg,202,301,0,3,-0.9938,0.0244,0.0249,0,1.0
circuit_775.jpg,70,314,0,2,-0.8679,0.0279,0.0249,0,1.0
circuit_775.jpg,420,316,0,3,-0.2831,0.0808,0.0249,0,1.0
circuit_775.jpg,616,320,0,3,-0.1411,0.1499,0.0249,0,1.0
circuit_775.jpg,672,323,0,2,-0.6184,0.0387,0.0249,0,1.0
circuit_775.jpg,220,337,0,2,-0.3905,0.0599,0.0249,0,1.0
circuit_775.jpg,810,341,0,3,-0.5711,0.0418,0.0249,0,1.0
circuit_775.jpg,944,345,0,2,-0.7603,0.0317,0.0249,0,1.0
circuit_775.jpg,984,347,0,2,-0.9349,0.0259,0.0249,0,1.0
circuit_775.jpg,650,409,0,2,-0.6578,0.0365,0.0249,0,1.0
circuit_775.jpg,863,458,0,2,-0.7677,0.0314,0.0249,0,1.0
circuit_775.jpg,558,516,0,4,-0.3812,0.0613,0.0249,0,1.0
circuit_775.jpg,270,517,0,1,-0.346,0.0671,0.0249,0,1.0
circuit_775.jpg,443,519,0,3,-0.2661,0.0855,0.0249,0,1.0
circuit_775.jpg,708,524,0,3,-0.3584,0.0649,0.0249,0,1.0
circuit_775.jpg,984,542,0,3,-0.5448,0.0437,0.0249,0,1.0
circuit_775.jpg,864,544,0,3,-0.706,0.0341,0.0249,0,1.0
circuit_775.jpg,898,579,0,1,-0.278,0.0822,0.0249,0,1.0
circuit_775.jpg,922,576,0,2,-0.5707,0.0418,0.0249,0,1.0
circuit_775.jpg,984,580,0,4,-0.0868,0.2228,0.0249,0,1.0
circuit_775.jpg,956,579,0,2,-0.4945,0.0479,0.0249,0,1.0
circuit_775.jpg,227,583,1,3,-0.1968,0.1123,0.0249,0,1.0
circuit_775.jpg,443,600,0,2,-0.5857,0.0408,0.0249,0,1.0
circuit_775.jpg,246,614,0,2,-0.2932,0.0782,0.0249,0,1.0
circuit_775.jpg,558,652,0,2,-0.4962,0.0478,0.0249,0,1.0
circuit_775.jpg,677,655,0,2,-0.4749,0.0498,0.0249,0,1.0
circuit_775.jpg,868,658,0,2,-0.799,0.0302,0.0249,0,1.0
circuit_775.jpg,981,705,0,2,-0.4533,0.052,0.0249,0,1.0
circuit_775.jpg,560,714,0,3,-0.3307,0.07,0.0249,0,1.0
circuit_775.jpg,676,715,0,3,-0.1819,0.1204,0.0249,0,1.0
circuit_775.jpg,868,733,0,3,-0.3178,0.0726,0.0249,0,1.0
circuit_775.jpg,988,737,0,2,-0.4728,0.05,0.0249,0,1.0
circuit_775.jpg,599,742,0,2,-0.9118,0.0266,0.0249,0,1.0
circuit_775.jpg,577,744,0,3,-0.5328,0.0446,0.0249,0,1.0
circuit_775.jpg,686,756,0,2,-0.2934,0.0782,0.0249,0,1.0
circuit_784.jpg,716,365,0,3,-0.3612,0.3179,0.1683,0,9.0
circuit_784.jpg,537,378,0,3,-0.2478,0.4045,0.1683,0,9.0
circuit_784.jpg,348,385,1,3,-0.8749,0.1614,0.1683,0,9.0
circuit_784.jpg,153,392,1,2,-0.3764,0.309,0.1683,0,9.0
circuit_784.jpg,727,416,0,2,-0.3706,0.3123,0.1683,0,9.0
circuit_784.jpg,816,491,1,2,-0.4547,0.2702,0.1683,0,9.0
circuit_784.jpg,681,501,0,2,-0.3244,0.3416,0.1683,0,9.0
circuit_784.jpg,822,510,1,2,-0.3025,0.3575,0.1683,0,9.0
circuit_784.jpg,820,530,1,2,-0.6366,0.2091,0.1683,0,9.0
circuit_784.jpg,786,533,1,2,-0.7558,0.1822,0.1683,0,9.0
circuit_784.jpg,745,541,1,3,-0.2451,0.4071,0.1683,0,9.0
circuit_784.jpg,700,548,1,3,-0.21,0.445,0.1683,0,9.0
circuit_784.jpg,171,552,1,1,-0.5354,0.2392,0.1683,0,9.0
circuit_784.jpg,383,553,1,3,-0.3203,0.3445,0.1683,0,9.0
circuit_784.jpg,640,551,1,3,-0.2946,0.3636,0.1683,0,9.0
circuit_784.jpg,174,561,1,2,-0.3,0.3594,0.1683,0,9.0
circuit_795.jpg,884,363,0,2,-0.7913,0.0615,0.0519,0,2.0
circuit_795.jpg,913,363,0,2,-0.3821,0.1195,0.0519,0,2.0
circuit_795.jpg,724,366,1,2,-0.9204,0.0533,0.0519,0,2.0
circuit_795.jpg,860,366,0,2,-0.858,0.057,0.0519,0,2.0
circuit_795.jpg,706,369,1,3,-0.227,0.186,0.0519,0,2.0
circuit_795.jpg,674,372,0,2,-1.0652,0.0464,0.0519,0,2.0
circuit_795.jpg,559,386,0,3,-0.6773,0.0711,0.0519,0,2.0
circuit_795.jpg,432,391,0,2,-1.2315,0.0404,0.0519,0,2.0
circuit_795.jpg,410,395,0,3,-0.6827,0.0706,0.0519,0,2.0
circuit_795.jpg,346,398,0,2,-0.6055,0.0789,0.0519,0,2.0
circuit_795.jpg,272,411,0,2,-0.8224,0.0593,0.0519,0,2.0
circuit_795.jpg,562,420,0,2,-0.5127,0.0919,0.0519,0,2.0
circuit_795.jpg,920,498,0,1,-0.2869,0.1531,0.0519,0,2.0
circuit_795.jpg,926,573,0,2,-0.318,0.1402,0.0519,0,2.0
circuit_795.jpg,896,578,0,2,-0.7152,0.0676,0.0519,0,2.0
circuit_795.jpg,727,600,1,3,-0.3129,0.1421,0.0519,0,2.0
circuit_795.jpg,640,608,1,3,-0.1694,0.2344,0.0519,0,2.0
circuit_795.jpg,565,614,1,3,-0.4197,0.11,0.0519,0,2.0
circuit_795.jpg,524,620,1,2,-0.5084,0.0926,0.0519,0,2.0
circuit_795.jpg,482,625,1,2,-0.4938,0.095,0.0519,0,2.0
circuit_795.jpg,408,630,1,3,-0.5543,0.0855,0.0519,0,2.0
circuit_808.jpg,226,126,1,2,-0.3547,0.1152,0.0462,0,2.0
circuit_808.jpg,425,127,0,2,-0.3644,0.1125,0.0462,0,2.0
circuit_808.jpg,226,192,1,3,-0.622,0.0691,0.0462,0,2.0
circuit_808.jpg,154,194,1,2,-0.6198,0.0693,0.0462,0,2.0
circuit_808.jpg,659,206,0,2,-0.7941,0.055,0.0462,0,2.0
circuit_808.jpg,849,222,0,2,-1.0436,0.0424,0.0462,0,2.0
circuit_808.jpg,430,265,1,3,-0.2659,0.148,0.0462,0,2.0
circuit_808.jpg,634,267,0,2,-0.9512,0.0463,0.0462,0,2.0
circuit_808.jpg,662,269,0,3,-0.8731,0.0502,0.0462,0,2.0
circuit_808.jpg,986,284,0,2,-0.4429,0.0944,0.0462,0,2.0
circuit_808.jpg,849,292,0,3,-0.4964,0.0851,0.0462,0,2.0
circuit_808.jpg,888,291,0,1,-0.476,0.0884,0.0462,0,2.0
circuit_808.jpg,671,318,0,2,-0.6519,0.0662,0.0462,0,2.0
circuit_808.jpg,660,370,0,1,-1.2641,0.0352,0.0462,0,2.0
circuit_808.jpg,539,375,0,2,-0.4265,0.0977,0.0462,0,2.0
circuit_808.jpg,986,418,0,2,-0.6955,0.0623,0.0462,0,2.0
circuit_808.jpg,541,476,0,2,-0.4171,0.0997,0.0462,0,2.0
circuit_808.jpg,672,510,0,2,-0.7845,0.0556,0.0462,0,2.0
circuit_808.jpg,670,573,0,3,-0.2595,0.1511,0.0462,0,2.0
circuit_808.jpg,540,574,0,4,-0.461,0.091,0.0462,0,2.0
circuit_808.jpg,388,576,0,3,-0.7761,0.0562,0.0462,0,2.0
circuit_808.jpg,998,586,0,3,-0.2756,0.1435,0.0462,0,2.0
circuit_808.jpg,784,591,0,3,-0.6734,0.0642,0.0462,0,2.0
circuit_808.jpg,109,617,0,3,-0.4476,0.0935,0.0462,0,2.0
circuit_808.jpg,390,618,0,2,-0.4952,0.0853,0.0462,0,2.0
circuit_808.jpg,996,640,0,2,-0.3088,0.1301,0.0462,0,2.0
circuit_808.jpg,155,663,1,2,-0.9853,0.0448,0.0462,0,2.0
circuit_808.jpg,226,664,1,3,-0.3046,0.1316,0.0462,0,2.0
circuit_808.jpg,543,720,0,2,-0.653,0.066,0.0462,0,2.0
circuit_808.jpg,845,740,0,2,-0.5025,0.0842,0.0462,0,2.0
circuit_808.jpg,644,750,0,2,-0.2695,0.1463,0.0462,0,2.0
circuit_808.jpg,982,778,0,2,-0.488,0.0864,0.0462,0,2.0
circuit_808.jpg,545,782,0,2,-0.6326,0.068,0.0462,0,2.0
circuit_808.jpg,547,808,0,2,-0.4156,0.1,0.0462,0,2.0
circuit_808.jpg,645,828,0,3,-0.5475,0.0778,0.0462,0,2.0
circuit_808.jpg,548,830,0,2,-0.5702,0.0749,0.0462,0,2.0
circuit_808.jpg,844,830,0,3,-0.5174,0.0819,0.0462,0,2.0
circuit_816.jpg,820,347,0,3,-0.0027,0.9947,0.5053,0,27.0
circuit_816.jpg,774,350,0,1,-0.4226,0.5446,0.5053,0,27.0
circuit_816.jpg,818,371,0,4,-0.4604,0.5233,0.5053,0,27.0
circuit_816.jpg,442,380,1,3,0.3567,3.4,0.5053,0,27.0
circuit_816.jpg,604,380,1,3,-0.367,0.5793,0.5053,0,27.0
circuit_816.jpg,243,386,0,2,0.2682,2.1306,0.5053,0,27.0
circuit_816.jpg,245,626,0,2,-0.0948,0.842,0.5053,0,27.0
circuit_816.jpg,452,649,1,4,-0.4109,0.5516,0.5053,0,27.0
circuit_816.jpg,622,649,1,3,0.0781,1.1829,0.5053,0,27.0
circuit_820.jpg,470,99,0,2,-0.264,0.25,0.088,0,4.0
circuit_820.jpg,745,111,0,4,-0.5684,0.1341,0.088,0,4.0
circuit_820.jpg,767,114,0,4,-0.5991,0.1281,0.088,0,4.0
circuit_820.jpg,619,134,0,2,-0.5065,0.148,0.088,0,4.0
circuit_820.jpg,780,139,0,3,-0.3143,0.2188,0.088,0,4.0
circuit_820.jpg,842,142,0,2,-0.3062,0.2233,0.088,0,4.0
circuit_820.jpg,257,183,0,3,-0.3692,0.1925,0.088,0,4.0
circuit_820.jpg,162,183,0,2,-0.1744,0.3354,0.088,0,4.0
circuit_820.jpg,278,184,0,2,-0.9372,0.0858,0.088,0,4.0
circuit_820.jpg,614,208,0,4,-0.427,0.1709,0.088,0,4.0
circuit_820.jpg,466,209,0,3,-0.6226,0.1238,0.088,0,4.0
circuit_820.jpg,504,209,0,1,-1.6491,0.0507,0.088,0,4.0
circuit_820.jpg,982,218,0,2,-0.9432,0.0854,0.088,0,4.0
circuit_820.jpg,840,220,0,3,-0.4048,0.1786,0.088,0,4.0
circuit_820.jpg,992,218,0,2,-0.5116,0.1468,0.088,0,4.0
circuit_820.jpg,892,221,0,2,-0.6725,0.1157,0.088,0,4.0
circuit_820.jpg,628,241,0,2,-0.3408,0.2053,0.088,0,4.0
circuit_820.jpg,630,313,0,2,-0.5778,0.1322,0.088,0,4.0
circuit_820.jpg,530,326,0,2,-0.6567,0.1182,0.088,0,4.0
circuit_820.jpg,981,364,0,2,-0.4771,0.1558,0.088,0,4.0
circuit_820.jpg,681,458,0,2,-0.2193,0.2864,0.088,0,4.0
circuit_820.jpg,853,459,0,2,-0.5051,0.1484,0.088,0,4.0
circuit_820.jpg,441,459,0,2,-0.5281,0.1429,0.088,0,4.0
circuit_820.jpg,271,466,0,2,-0.435,0.1683,0.088,0,4.0
circuit_820.jpg,296,465,0,2,-1.212,0.0677,-0.6601,0,4.0
circuit_820.jpg,180,528,1,2,-0.6898,0.1131,0.088,0,4.0
circuit_820.jpg,264,528,1,3,-1.2991,0.0635,0.044,0,4.0
circuit_820.jpg,654,538,0,2,-1.3015,0.0633,0.088,0,4.0
circuit_820.jpg,678,538,0,2,-0.1706,0.3403,0.088,0,4.0
circuit_820.jpg,522,541,0,4,-0.1567,0.3596,0.088,0,4.0
circuit_820.jpg,846,540,0,2,-0.236,0.2716,0.088,0,4.0
circuit_820.jpg,442,542,0,3,-0.7842,0.1009,0.088,0,4.0
circuit_820.jpg,979,551,0,5,-0.9676,0.0834,0.088,0,4.0
circuit_820.jpg,962,550,0,3,-1.7768,0.0472,0.088,0,4.0
circuit_820.jpg,846,556,0,2,-0.5477,0.1384,0.088,0,4.0
circuit_820.jpg,284,562,0,1,-0.5582,0.1362,0.088,0,4.0
circuit_820.jpg,523,578,0,2,-0.5806,0.1316,0.088,0,4.0
circuit_820.jpg,680,741,0,2,-1.3147,0.0627,-0.132,0,4.0
circuit_820.jpg,640,810,0,3,-1.0648,0.0763,0.088,0,4.0
circuit_820.jpg,530,817,0,2,-0.6927,0.1127,0.088,0,4.0
circuit_820.jpg,977,820,0,3,-0.4974,0.1503,0.088,0,4.0
circuit_820.jpg,926,825,0,2,-2.1169,0.0399,-1.2542,0,4.0
circuit_820.jpg,965,824,0,3,-1.5791,0.0528,0.088,0,4.0
circuit_820.jpg,787,824,0,3,-0.6096,0.1262,0.088,0,4.0
circuit_823.jpg,817,389,0,2,-0.6631,0.0885,0.0643,0,3.0
circuit_823.jpg,622,392,0,2,-0.8406,0.0711,0.0643,0,3.0
circuit_823.jpg,638,393,0,2,-0.5674,0.1019,0.0643,0,3.0
circuit_823.jpg,153,400,1,2,-0.1888,0.2542,0.0643,0,3.0
circuit_823.jpg,322,405,0,2,-0.3705,0.148,0.0643,0,3.0
circuit_823.jpg,426,478,0,4,-0.3781,0.1455,0.0643,0,3.0
circuit_823.jpg,324,480,0,2,-0.5708,0.1013,0.0643,0,3.0
circuit_823.jpg,604,481,0,3,-0.5852,0.0991,0.0643,0,3.0
circuit_823.jpg,724,482,0,2,-0.4698,0.1205,0.0643,0,3.0
circuit_823.jpg,807,664,0,3,-0.138,0.318,0.0643,0,3.0
circuit_823.jpg,616,666,1,4,-0.4899,0.1161,0.0643,0,3.0
circuit_823.jpg,718,665,1,3,-0.2912,0.181,0.0643,0,3.0
circuit_823.jpg,425,668,1,4,-0.3558,0.1532,0.0643,0,3.0
circuit_823.jpg,388,670,1,2,-1.0169,0.0595,0.0643,0,3.0
circuit_823.jpg,288,672,1,2,-0.7851,0.0758,0.0643,0,3.0
circuit_823.jpg,155,676,1,2,-0.2681,0.1935,0.0643,0,3.0
circuit_832.jpg,184,358,1,2,-0.2366,0.67,0.4803,0,24.0
circuit_832.jpg,378,358,1,3,0.0367,1.0827,0.4803,0,24.0
circuit_832.jpg,418,359,1,2,-0.4823,0.499,0.4403,0,24.0
circuit_832.jpg,428,360,1,2,-0.7113,0.4031,0.1801,0,24.0
circuit_832.jpg,374,466,1,2,-0.2356,0.6709,0.4803,0,24.0
circuit_832.jpg,373,606,1,4,-0.1869,0.7198,0.4803,0,24.0
circuit_833.jpg,424,405,0,3,0.0324,1.1213,0.2993,0,15.0
circuit_833.jpg,695,406,0,2,-0.3943,0.4315,0.2993,0,15.0
circuit_833.jpg,208,413,0,2,-0.325,0.4794,0.2993,0,15.0
circuit_833.jpg,696,418,0,2,-0.2787,0.5178,0.2993,0,15.0
circuit_833.jpg,208,422,0,2,-0.286,0.5114,0.2993,0,15.0
circuit_833.jpg,437,540,0,2,-0.2585,0.5366,0.2993,0,15.0
circuit_833.jpg,694,583,0,2,-0.3749,0.444,0.2993,0,15.0
circuit_833.jpg,658,586,0,2,-0.5769,0.3416,0.2993,0,15.0
circuit_833.jpg,576,591,0,2,-0.6032,0.3317,0.2993,0,15.0
circuit_833.jpg,485,604,0,4,-0.5679,0.3451,0.2993,0,15.0
circuit_833.jpg,436,602,0,3,-0.5301,0.3609,0.2993,0,15.0
circuit_833.jpg,208,608,0,2,-0.2993,0.5,0.2993,0,15.0
circuit_835.jpg,364,146,0,2,-1.5262,0.2234,-0.23,0,21.0
circuit_835.jpg,553,154,0,2,-0.6063,0.42,0.439,0,21.0
circuit_835.jpg,703,165,0,2,-0.2057,0.681,0.439,0,21.0
circuit_835.jpg,881,170,0,2,-0.1995,0.6876,0.439,0,21.0
circuit_835.jpg,553,176,0,2,-0.6516,0.4026,0.3554,0,21.0
circuit_835.jpg,260,196,1,2,-0.6993,0.3857,0.439,0,21.0
circuit_835.jpg,143,197,1,2,-0.0794,0.8469,0.439,0,21.0
circuit_835.jpg,315,202,1,3,0.1574,1.5586,0.439,0,21.0
circuit_835.jpg,340,205,1,2,-0.7171,0.3797,0.439,0,21.0
circuit_835.jpg,705,214,0,2,-0.3606,0.549,0.439,0,21.0
circuit_835.jpg,549,238,0,3,-0.0379,0.9206,0.439,0,21.0
circuit_835.jpg,706,239,0,3,0.1425,1.4808,0.439,0,21.0
circuit_835.jpg,876,242,0,2,-0.3469,0.5586,0.439,0,21.0
circuit_835.jpg,326,263,0,2,-0.6366,0.4082,0.439,0,21.0
circuit_835.jpg,872,264,0,3,0.0663,1.1779,0.439,0,21.0
circuit_835.jpg,972,270,0,2,-0.1625,0.7299,0.439,0,21.0
circuit_835.jpg,738,287,0,2,-1.0053,0.304,0.1882,0,21.0
circuit_835.jpg,909,292,0,3,-0.8405,0.3431,0.439,0,21.0
circuit_835.jpg,972,294,0,3,0.4344,94.5,0.439,0,21.0
circuit_835.jpg,730,342,0,2,-0.5927,0.4256,0.439,0,21.0
circuit_835.jpg,145,354,0,4,-0.554,0.4421,0.439,0,21.0
circuit_835.jpg,639,348,0,1,-0.9244,0.322,0.439,0,21.0
circuit_835.jpg,124,358,0,3,-0.3012,0.5931,0.439,0,21.0
circuit_835.jpg,719,428,0,2,-0.464,0.4862,0.439,0,21.0
circuit_835.jpg,804,462,0,2,-0.4181,0.5122,0.439,0,21.0
circuit_835.jpg,302,480,0,2,-0.4621,0.4872,0.439,0,21.0
circuit_835.jpg,358,480,0,2,-1.4331,0.2345,-0.46,0,21.0
circuit_835.jpg,498,483,0,2,-1.1452,0.2771,-0.0836,0,21.0
circuit_835.jpg,508,487,0,3,-0.0098,0.9781,0.439,0,21.0
circuit_835.jpg,582,488,0,2,-1.0018,0.3047,0.4181,0,21.0
circuit_835.jpg,725,491,0,3,0.1303,1.4222,0.439,0,21.0
circuit_835.jpg,642,494,0,3,0.123,1.3893,0.439,0,21.0
circuit_835.jpg,976,522,0,3,0.0151,1.0356,0.439,0,21.0
circuit_835.jpg,890,527,0,3,0.0836,1.2353,0.439,0,21.0
circuit_835.jpg,302,540,0,3,0.1316,1.428,0.439,0,21.0
circuit_835.jpg,236,542,0,2,-1.3468,0.2459,-0.6899,0,21.0
circuit_835.jpg,219,543,0,2,-0.7292,0.3758,0.439,0,21.0
circuit_835.jpg,907,551,0,2,-0.7231,0.3778,0.439,0,21.0
circuit_835.jpg,326,592,0,2,-0.507,0.4641,0.439,0,21.0
circuit_835.jpg,632,644,0,2,-0.6877,0.3896,0.439,0,21.0
circuit_835.jpg,982,658,0,2,-0.5488,0.4444,0.439,0,21.0
circuit_835.jpg,738,703,0,2,-0.3225,0.5765,0.439,0,21.0
circuit_835.jpg,876,706,0,2,-0.5425,0.4473,0.439,0,21.0
circuit_835.jpg,737,714,0,2,-0.485,0.4751,0.439,0,21.0
circuit_835.jpg,626,764,0,2,-0.2587,0.6292,0.439,0,21.0
circuit_835.jpg,738,767,0,3,-0.2046,0.6822,0.439,0,21.0
circuit_835.jpg,881,809,0,3,0.046,1.117,0.439,0,21.0
circuit_835.jpg,984,808,0,2,-0.0779,0.8493,0.439,0,21.0
circuit_836.jpg,178,172,1,2,-0.5411,0.1097,0.0667,0,3.0
circuit_836.jpg,220,173,1,3,-0.5007,0.1175,0.0667,0,3.0
circuit_836.jpg,394,186,0,3,-0.5006,0.1175,0.0667,0,3.0
circuit_836.jpg,570,196,1,3,-0.6218,0.0969,0.0667,0,3.0
circuit_836.jpg,760,209,1,3,-0.227,0.227,0.0667,0,3.0
circuit_836.jpg,887,211,1,2,-0.7712,0.0796,0.0667,0,3.0
circuit_836.jpg,823,263,0,2,-0.4131,0.139,0.0667,0,3.0
circuit_836.jpg,890,272,1,2,-0.5366,0.1105,0.0667,0,3.0
circuit_836.jpg,392,282,0,2,-0.8068,0.0763,0.0667,0,3.0
circuit_836.jpg,892,282,1,2,-0.6688,0.0907,0.0667,0,3.0
circuit_836.jpg,34,315,1,3,-0.3131,0.1756,0.0667,0,3.0
circuit_836.jpg,820,317,0,1,-1.0975,0.0573,0.0667,0,3.0
circuit_836.jpg,246,324,1,1,-0.5385,0.1102,0.0667,0,3.0
circuit_836.jpg,294,327,1,2,-0.8734,0.0709,0.0667,0,3.0
circuit_836.jpg,306,328,1,2,-0.8801,0.0704,0.0667,0,3.0
circuit_836.jpg,402,335,1,2,-0.8008,0.0769,0.0667,0,3.0
circuit_836.jpg,584,342,1,1,-0.3399,0.164,0.0667,0,3.0
circuit_836.jpg,894,350,1,3,-0.0364,0.6469,0.0667,0,3.0
circuit_836.jpg,397,412,0,2,-0.8479,0.0729,0.0667,0,3.0
circuit_836.jpg,398,436,0,2,-0.6745,0.09,0.0667,0,3.0
circuit_836.jpg,235,470,1,2,-1.4409,0.0442,0.0667,0,3.0
circuit_836.jpg,579,474,1,2,-0.7301,0.0837,0.0667,0,3.0
circuit_836.jpg,399,498,0,2,-0.5245,0.1128,0.0667,0,3.0
circuit_836.jpg,580,516,1,2,-0.7186,0.0849,0.0667,0,3.0
circuit_836.jpg,35,522,1,3,-0.2738,0.1959,0.0667,0,3.0
circuit_836.jpg,898,544,1,4,-0.173,0.2782,0.0667,0,3.0
circuit_836.jpg,766,547,1,3,-0.2465,0.2129,0.0667,0,3.0
circuit_836.jpg,906,709,1,2,-0.9197,0.0676,0.0667,0,3.0
circuit_836.jpg,909,755,1,3,-0.3974,0.1437,0.0667,0,3.0
circuit_836.jpg,41,758,1,3,-0.1327,0.3344,0.0667,0,3.0
circuit_836.jpg,852,759,1,2,-0.8185,0.0753,0.0667,0,3.0
circuit_836.jpg,223,767,1,2,-0.6471,0.0934,0.0667,0,3.0
circuit_836.jpg,246,773,1,4,-0.5055,0.1165,0.0667,0,3.0
circuit_836.jpg,580,770,1,3,-0.2667,0.2,0.0667,0,3.0
circuit_836.jpg,410,771,0,3,-0.4149,0.1385,0.0667,0,3.0
circuit_836.jpg,50,924,1,2,-0.9948,0.0628,0.0667,0,3.0
circuit_836.jpg,248,936,1,3,-0.618,0.0974,0.0667,0,3.0
circuit_856.jpg,50,326,0,2,-0.5681,0.1121,0.0717,0,3.0
circuit_856.jpg,314,326,1,2,-0.8116,0.0812,0.0717,0,3.0
circuit_856.jpg,470,326,1,3,-0.96,0.0695,0.0717,0,3.0
circuit_856.jpg,566,326,1,2,-0.8188,0.0805,0.0717,0,3.0
circuit_856.jpg,291,327,1,3,-0.7468,0.0876,0.0717,0,3.0
circuit_856.jpg,430,327,1,2,-0.8983,0.0739,0.0717,0,3.0
circuit_856.jpg,619,332,1,3,-0.5293,0.1193,0.0717,0,3.0
circuit_856.jpg,768,340,1,2,-0.7865,0.0836,0.0717,0,3.0
circuit_856.jpg,799,344,1,2,-1.0313,0.065,0.0717,0,3.0
circuit_856.jpg,469,484,1,4,-0.0743,0.491,0.0717,0,3.0
circuit_856.jpg,796,485,1,4,-0.1387,0.3408,0.0717,0,3.0
circuit_856.jpg,292,486,1,4,-0.1302,0.3553,0.0717,0,3.0
circuit_856.jpg,619,486,1,4,-0.2452,0.2263,0.0717,0,3.0
circuit_856.jpg,54,488,1,3,-0.3024,0.1917,0.0717,0,3.0
circuit_856.jpg,890,488,0,2,-1.7311,0.0398,-0.1673,0,3.0
circuit_856.jpg,294,622,1,2,-0.4446,0.1389,0.0717,0,3.0
circuit_856.jpg,458,636,0,3,-0.4016,0.1515,0.0717,0,3.0
circuit_856.jpg,614,634,1,3,-0.2458,0.2259,0.0717,0,3.0
circuit_856.jpg,788,636,1,2,-0.3521,0.1692,0.0717,0,3.0
circuit_856.jpg,438,642,0,2,-0.8797,0.0754,0.0717,0,3.0
circuit_856.jpg,292,655,1,4,-0.2391,0.2308,0.0717,0,3.0
circuit_856.jpg,56,660,0,2,-0.7304,0.0894,0.0717,0,3.0
circuit_862.jpg,440,351,0,3,-0.1255,0.8276,0.6024,0,31.0
circuit_862.jpg,395,355,0,3,-0.0735,0.8912,0.6024,0,31.0
circuit_862.jpg,164,384,1,2,-0.6519,0.4803,0.6024,0,31.0
circuit_862.jpg,326,384,1,3,-0.4727,0.5603,0.6024,0,31.0
circuit_862.jpg,348,384,0,2,-0.0403,0.9374,0.6024,0,31.0
circuit_862.jpg,398,384,0,2,-0.61,0.4969,0.447,0,31.0
circuit_862.jpg,502,386,0,3,-0.0082,0.9865,0.6024,0,31.0
circuit_862.jpg,809,385,1,2,-0.0614,0.9076,0.6024,0,31.0
circuit_862.jpg,811,584,1,2,-0.1334,0.8187,0.6024,0,31.0
circuit_862.jpg,332,601,0,3,-0.289,0.6758,0.6024,0,31.0
circuit_862.jpg,508,604,1,4,-0.0389,0.9394,0.6024,0,31.0
circuit_869.jpg,338,283,0,3,-0.6216,0.0382,0.0247,0,1.0
circuit_869.jpg,89,285,0,2,-0.3103,0.0737,0.0247,0,1.0
circuit_869.jpg,500,286,0,2,-0.7449,0.0321,0.0247,0,1.0
circuit_869.jpg,726,290,0,2,-0.8196,0.0293,0.0247,0,1.0
circuit_869.jpg,629,293,0,3,-0.37,0.0626,0.0247,0,1.0
circuit_869.jpg,818,294,0,2,-0.6416,0.0371,0.0247,0,1.0
circuit_869.jpg,824,538,1,2,-0.0988,0.2,0.0247,0,1.0
circuit_869.jpg,822,572,1,2,-0.2076,0.1063,0.0247,0,1.0
circuit_869.jpg,87,580,1,2,-0.6343,0.0375,0.0247,0,1.0
circuit_869.jpg,342,582,0,2,-0.752,0.0318,0.0247,0,1.0
circuit_869.jpg,90,594,1,2,-0.6829,0.0349,0.0247,0,1.0
circuit_869.jpg,638,610,0,1,-0.4032,0.0577,0.0247,0,1.0
circuit_869.jpg,344,616,0,2,-0.6056,0.0392,0.0247,0,1.0
circuit_869.jpg,95,658,1,2,-0.4633,0.0506,0.0247,0,1.0
circuit_869.jpg,819,659,1,2,-0.6385,0.0372,0.0247,0,1.0
circuit_869.jpg,350,660,1,4,-0.1383,0.1515,0.0247,0,1.0
circuit_869.jpg,634,663,1,3,-0.3897,0.0596,0.0247,0,1.0
circuit_87.jpg,614,80,1,3,-1.5251,0.1325,0.2117,0,11.0
circuit_87.jpg,748,80,1,2,-2.2589,0.0935,-1.3972,0,11.0
circuit_87.jpg,246,84,1,3,-0.6631,0.2599,0.2329,0,11.0
circuit_87.jpg,400,84,1,3,-0.7227,0.2437,0.2329,0,11.0
circuit_87.jpg,804,220,1,2,-1.1458,0.1689,-0.9315,0,11.0
circuit_87.jpg,851,220,1,3,-0.1215,0.6572,0.2329,0,11.0
circuit_87.jpg,60,226,1,3,-0.5237,0.3078,0.2329,0,11.0
circuit_87.jpg,168,228,1,2,-0.9194,0.2021,-0.0847,0,11.0
circuit_87.jpg,857,354,1,3,-0.4634,0.3345,0.2329,0,11.0
circuit_87.jpg,615,360,1,3,-2.7098,0.0791,-2.7098,0,11.0
circuit_87.jpg,250,360,1,3,-0.0788,0.7471,0.2329,0,11.0
circuit_87.jpg,58,376,1,2,-0.7265,0.2427,0.2329,0,11.0
circuit_87.jpg,384,377,1,1,-0.254,0.4783,0.2329,0,11.0
circuit_87.jpg,402,381,1,2,-0.0833,0.7366,0.2329,0,11.0
circuit_87.jpg,54,410,1,2,-0.5302,0.3052,0.2329,0,11.0
circuit_87.jpg,53,420,1,2,-0.7727,0.2316,0.2329,0,11.0
circuit_87.jpg,47,472,1,2,-0.6946,0.2511,0.2329,0,11.0
circuit_87.jpg,45,492,1,2,-0.6986,0.25,0.2329,0,11.0
circuit_87.jpg,613,519,1,3,-0.0679,0.7742,0.2329,0,11.0
circuit_87.jpg,858,532,1,3,-0.0401,0.8531,0.2329,0,11.0
circuit_87.jpg,620,536,1,3,-0.4834,0.3251,0.2329,0,11.0
circuit_87.jpg,244,543,1,3,-0.6392,0.267,0.2329,0,11.0
circuit_87.jpg,607,556,1,2,-0.3791,0.3805,0.2329,0,11.0
circuit_87.jpg,394,564,1,1,-0.1133,0.6727,0.2329,0,11.0
circuit_87.jpg,618,561,1,3,-0.5457,0.2991,0.2329,0,11.0
circuit_87.jpg,406,716,1,3,-0.279,0.4549,0.2329,0,11.0
circuit_87.jpg,856,714,1,4,-0.2076,0.5287,0.2329,0,11.0
circuit_87.jpg,614,736,1,2,-0.3426,0.4047,0.2329,0,11.0
circuit_87.jpg,34,850,1,2,-0.2133,0.522,0.2329,0,11.0
circuit_87.jpg,41,861,1,1,-0.3455,0.4026,0.2329,0,11.0
circuit_87.jpg,239,872,1,3,0.227,39.6,0.2329,0,11.0
circuit_87.jpg,395,873,1,4,-0.1472,0.6127,0.2329,0,11.0
circuit_87.jpg,861,870,1,2,-0.5781,0.2871,0.2329,0,11.0
circuit_87.jpg,798,876,1,2,-0.8757,0.2101,0.2329,0,11.0
circuit_87.jpg,440,880,1,2,-0.7272,0.2426,0.2329,0,11.0
circuit_87.jpg,629,881,1,3,-0.3736,0.384,0.2329,0,11.0
circuit_884.jpg,151,238,0,1,-0.6115,0.0415,0.0265,0,1.0
circuit_884.jpg,635,261,0,3,-0.4911,0.0512,0.0265,0,1.0
circuit_884.jpg,868,269,0,2,-0.7301,0.035,0.0265,0,1.0
circuit_884.jpg,152,496,1,2,-0.4458,0.0561,0.0265,0,1.0
circuit_884.jpg,145,522,1,2,-0.469,0.0535,0.0265,0,1.0
circuit_884.jpg,142,553,1,3,-0.6844,0.0373,0.0265,0,1.0
circuit_884.jpg,388,554,0,3,-0.6233,0.0408,0.0265,0,1.0
circuit_884.jpg,174,557,0,2,-0.7969,0.0322,0.0265,0,1.0
circuit_884.jpg,631,558,1,3,-0.2583,0.093,0.0265,0,1.0
circuit_884.jpg,382,696,0,2,-0.5799,0.0437,0.0265,0,1.0
circuit_884.jpg,382,730,1,4,-0.3095,0.0788,0.0265,0,1.0
circuit_884.jpg,634,730,1,3,-0.2918,0.0832,0.0265,0,1.0
circuit_885.jpg,446,381,1,3,-0.0041,0.9942,0.7017,0,36.0
circuit_885.jpg,187,388,0,2,-0.037,0.9499,0.7017,0,36.0
circuit_885.jpg,444,450,1,1,0.0854,1.1386,0.7017,0,36.0
circuit_885.jpg,437,592,1,4,0.1649,1.3073,0.7017,0,36.0
circuit_885.jpg,184,599,1,2,-0.4613,0.6034,0.7017,0,36.0
circuit_886.jpg,534,137,1,3,-1.1029,0.0414,0.0476,0,2.0
circuit_886.jpg,462,141,1,2,-0.4782,0.0906,0.0476,0,2.0
circuit_886.jpg,235,146,1,2,-0.403,0.1057,0.0476,0,2.0
circuit_886.jpg,830,184,0,2,-0.8068,0.0558,0.0476,0,2.0
circuit_886.jpg,121,260,1,2,-0.7503,0.0597,0.0476,0,2.0
circuit_886.jpg,235,275,1,3,-0.2833,0.144,0.0476,0,2.0
circuit_886.jpg,838,421,0,4,-0.2858,0.1429,0.0476,0,2.0
circuit_886.jpg,551,432,0,4,-0.475,0.0911,0.0476,0,2.0
circuit_886.jpg,245,449,1,3,-0.3433,0.1219,0.0476,0,2.0
circuit_886.jpg,729,476,0,1,-0.6878,0.0648,0.0476,0,2.0
circuit_886.jpg,835,494,0,2,-0.4594,0.094,0.0476,0,2.0
circuit_886.jpg,831,544,0,2,-0.5211,0.0838,0.0476,0,2.0
circuit_886.jpg,148,551,0,2,-0.5498,0.0797,0.0476,0,2.0
circuit_886.jpg,828,568,0,3,-0.5566,0.0788,0.0476,0,2.0
circuit_886.jpg,809,574,0,2,-0.6603,0.0673,0.0476,0,2.0
circuit_886.jpg,626,632,1,3,-0.612,0.0722,0.0476,0,2.0
circuit_886.jpg,724,638,0,3,-0.3849,0.1101,0.0476,0,2.0
circuit_886.jpg,54,672,1,3,-0.3563,0.1179,0.0476,0,2.0
circuit_886.jpg,533,744,0,2,-0.6007,0.0735,0.0476,0,2.0
circuit_886.jpg,804,750,0,1,-0.4614,0.0936,0.0476,0,2.0
circuit_886.jpg,531,775,0,3,-0.3476,0.1205,0.0476,0,2.0
circuit_886.jpg,578,780,0,2,-0.5211,0.0838,0.0476,0,2.0
circuit_886.jpg,526,802,0,1,-0.7332,0.061,0.0476,0,2.0
circuit_886.jpg,581,812,0,2,-0.8976,0.0504,0.0476,0,2.0
circuit_886.jpg,620,861,1,2,-0.475,0.0912,0.0476,0,2.0
circuit_886.jpg,314,862,0,2,-0.7899,0.0569,0.0476,0,2.0
circuit_886.jpg,159,904,1,2,-0.7906,0.0568,0.0476,0,2.0
circuit_886.jpg,864,907,1,4,-0.5811,0.0758,0.0476,0,2.0
circuit_886.jpg,713,916,1,3,-0.5704,0.0771,0.0476,0,2.0
circuit_886.jpg,614,926,1,3,-0.4556,0.0947,0.0476,0,2.0
circuit_886.jpg,526,931,1,3,-0.2318,0.1705,0.0476,0,2.0
circuit_886.jpg,72,946,1,2,-0.7135,0.0626,0.0476,0,2.0
circuit_886.jpg,384,948,1,2,-0.6655,0.0668,0.0476,0,2.0
circuit_886.jpg,256,956,1,3,-0.4976,0.0874,0.0476,0,2.0
circuit_886.jpg,166,964,1,3,-0.6205,0.0713,0.0476,0,2.0
circuit_886.jpg,74,977,1,2,-0.2993,0.1373,0.0476,0,2.0
circuit_895.jpg,240,162,0,2,-0.2728,0.4841,0.256,0,12.0
circuit_895.jpg,544,160,0,2,-0.5165,0.3314,0.256,0,12.0
circuit_895.jpg,626,164,0,2,-1.201,0.1757,0.256,0,12.0
circuit_895.jpg,839,169,0,2,-0.5743,0.3083,0.256,0,12.0
circuit_895.jpg,238,234,0,1,-0.6556,0.2808,0.256,0,12.0
circuit_895.jpg,764,244,1,2,-0.23,0.5267,0.256,0,12.0
circuit_895.jpg,735,247,1,2,-0.3617,0.4144,0.256,0,12.0
circuit_895.jpg,237,264,0,3,-0.3375,0.4313,0.256,0,12.0
circuit_895.jpg,162,265,0,2,-0.2647,0.4916,0.256,0,12.0
circuit_895.jpg,176,266,0,2,-0.7659,0.2505,0.256,0,12.0
circuit_895.jpg,833,350,0,2,-0.7873,0.2454,0.256,0,12.0
circuit_895.jpg,690,401,0,2,-1.2447,0.1706,0.256,0,12.0
circuit_895.jpg,832,402,0,4,-0.3106,0.4518,0.256,0,12.0
circuit_895.jpg,229,404,0,3,-0.1738,0.5956,0.256,0,12.0
circuit_895.jpg,270,405,0,2,-1.2607,0.1688,0.256,0,12.0
circuit_895.jpg,496,409,1,4,-0.1323,0.6593,0.256,0,12.0
circuit_895.jpg,495,434,1,2,-0.8116,0.2398,0.256,0,12.0
circuit_895.jpg,833,444,0,2,-0.6464,0.2837,0.256,0,12.0
circuit_895.jpg,180,468,0,2,-1.0538,0.1954,-0.064,0,12.0
circuit_895.jpg,148,471,0,1,-0.2867,0.4717,0.256,0,12.0
circuit_895.jpg,577,474,0,2,-0.7413,0.2567,0.256,0,12.0
circuit_895.jpg,78,524,0,2,-0.4074,0.3859,0.256,0,12.0
circuit_895.jpg,836,520,0,3,-0.32,0.4444,0.256,0,12.0
circuit_895.jpg,804,523,0,2,-0.4602,0.3574,0.256,0,12.0
circuit_895.jpg,581,560,0,2,-0.2194,0.5385,0.256,0,12.0
circuit_895.jpg,734,618,1,3,-0.2078,0.552,0.256,0,12.0
circuit_895.jpg,492,638,1,3,-0.3632,0.4134,0.256,0,12.0
circuit_895.jpg,522,637,0,1,-0.3569,0.4177,0.256,0,12.0
circuit_895.jpg,527,656,0,2,-0.4213,0.378,0.256,0,12.0
circuit_895.jpg,528,664,0,2,-0.6101,0.2956,0.256,0,12.0
circuit_895.jpg,796,668,0,2,-0.7547,0.2533,0.256,0,12.0
circuit_895.jpg,797,684,0,2,-0.8085,0.2405,0.256,0,12.0
circuit_895.jpg,531,694,0,2,-0.5557,0.3154,0.256,0,12.0
circuit_895.jpg,579,704,0,2,-0.5525,0.3166,0.256,0,12.0
circuit_895.jpg,310,710,0,2,-1.0325,0.1987,0.256,0,12.0
circuit_895.jpg,326,712,0,2,-0.8138,0.2393,0.256,0,12.0
circuit_895.jpg,533,712,0,2,-0.3946,0.3934,0.256,0,12.0
circuit_895.jpg,398,722,0,2,-0.7295,0.2597,0.256,0,12.0
circuit_895.jpg,796,722,0,2,-0.7476,0.2551,0.256,0,12.0
circuit_895.jpg,440,728,0,2,-0.593,0.3015,0.256,0,12.0
circuit_895.jpg,796,750,0,2,-0.3065,0.4551,0.256,0,12.0
circuit_895.jpg,83,824,0,2,-0.5173,0.331,0.256,0,12.0
circuit_895.jpg,578,824,0,2,-0.4868,0.3446,0.256,0,12.0
circuit_895.jpg,86,838,0,2,-0.4821,0.3468,0.256,0,12.0
circuit_895.jpg,145,840,1,3,-0.328,0.4384,0.256,0,12.0
circuit_895.jpg,228,842,1,3,-0.2183,0.5397,0.256,0,12.0
circuit_895.jpg,493,851,0,3,-0.5743,0.3083,0.256,0,12.0
circuit_895.jpg,845,854,0,3,-0.5699,0.31,0.256,0,12.0
circuit_895.jpg,800,855,0,2,-0.5384,0.3222,0.256,0,12.0
circuit_895.jpg,734,859,0,3,-0.8611,0.2292,0.256,0,12.0
circuit_895.jpg,576,859,0,3,-0.5653,0.3117,0.256,0,12.0
circuit_897.jpg,536,348,0,3,-0.0066,0.9876,0.5281,0,26.0
circuit_897.jpg,212,352,0,2,-0.6692,0.4411,0.5281,0,26.0
circuit_897.jpg,532,448,0,1,-0.216,0.7097,0.5281,0,26.0
circuit_897.jpg,202,618,0,2,-0.1963,0.729,0.5281,0,26.0
circuit_897.jpg,532,622,0,4,-0.2116,0.714,0.5281,0,26.0
circuit_897.jpg,681,626,0,2,-0.0579,0.9012,0.5281,0,26.0
circuit_9.jpg,812,315,0,2,-0.2052,0.108,0.0249,0,1.0
circuit_9.jpg,250,318,1,2,-0.7775,0.031,0.0249,0,1.0
circuit_9.jpg,180,401,1,2,-0.3258,0.0709,0.0249,0,1.0
circuit_9.jpg,248,404,1,3,-0.3612,0.0644,0.0249,0,1.0
circuit_9.jpg,664,404,1,2,-0.8085,0.0298,0.0249,0,1.0
circuit_9.jpg,818,598,1,2,-0.1571,0.1366,0.0249,0,1.0
circuit_9.jpg,670,679,1,4,-0.455,0.0518,0.0249,0,1.0
circuit_9.jpg,822,682,1,4,-0.4248,0.0553,0.0249,0,1.0
circuit_9.jpg,186,687,1,2,-1.0406,0.0233,0.0249,0,1.0
circuit_901.jpg,81,28,1,2,-0.2766,0.1455,0.0471,0,2.0
circuit_901.jpg,98,29,1,2,-0.4049,0.1042,0.0471,0,2.0
circuit_901.jpg,180,34,1,2,-0.8444,0.0528,0.0471,0,2.0
circuit_901.jpg,370,34,1,3,-0.8084,0.0551,0.0471,0,2.0
circuit_901.jpg,582,33,1,3,-0.6097,0.0717,0.0471,0,2.0
circuit_901.jpg,190,35,1,2,-0.8973,0.0499,0.0471,0,2.0
circuit_901.jpg,214,36,1,3,-0.5165,0.0836,0.0471,0,2.0
circuit_901.jpg,720,37,1,2,-1.7769,0.0258,0.0471,0,2.0
circuit_901.jpg,854,42,1,2,-0.8629,0.0518,0.0471,0,2.0
circuit_901.jpg,372,88,1,2,-0.559,0.0777,0.0471,0,2.0
circuit_901.jpg,218,132,1,2,-0.5205,0.083,0.0471,0,2.0
circuit_901.jpg,375,155,1,4,-0.5374,0.0806,0.0471,0,2.0
circuit_901.jpg,230,173,1,3,-0.9645,0.0466,0.0471,0,2.0
circuit_901.jpg,244,173,1,2,-1.495,0.0305,-0.683,0,2.0
circuit_901.jpg,82,175,1,4,-1.182,0.0383,0.0471,0,2.0
circuit_901.jpg,105,176,1,3,-1.0128,0.0444,0.0471,0,2.0
circuit_901.jpg,725,181,1,2,-1.2082,0.0375,0.0471,0,2.0
circuit_901.jpg,857,187,1,3,-0.575,0.0757,0.0471,0,2.0
circuit_901.jpg,219,199,1,2,-0.6417,0.0684,0.0471,0,2.0
circuit_901.jpg,224,329,1,3,-0.0346,0.5768,0.0471,0,2.0
circuit_901.jpg,380,332,1,3,-0.1036,0.3125,0.0471,0,2.0
circuit_901.jpg,738,348,1,2,-1.7075,0.0268,0.0471,0,2.0
circuit_901.jpg,762,350,1,2,-1.061,0.0425,0.0471,0,2.0
circuit_901.jpg,857,357,1,4,-0.4664,0.0917,0.0471,0,2.0
circuit_901.jpg,386,362,1,2,-0.7841,0.0567,0.0471,0,2.0
circuit_901.jpg,391,396,1,2,-0.3815,0.1099,0.0471,0,2.0
circuit_901.jpg,394,420,1,2,-0.3258,0.1263,0.0471,0,2.0
circuit_901.jpg,478,552,1,2,-0.6963,0.0634,0.0471,0,2.0
circuit_901.jpg,851,573,1,3,-0.3431,0.1207,0.0471,0,2.0
circuit_901.jpg,479,574,1,2,-0.6846,0.0644,0.0471,0,2.0
circuit_901.jpg,611,579,1,3,-0.258,0.1544,0.0471,0,2.0
circuit_901.jpg,233,594,1,3,-0.5615,0.0774,0.0471,0,2.0
circuit_901.jpg,266,593,1,2,-0.7337,0.0603,0.0471,0,2.0
circuit_901.jpg,608,726,0,2,-0.6088,0.0718,0.0471,0,2.0
circuit_901.jpg,849,748,1,3,-0.8589,0.052,0.0471,0,2.0
circuit_901.jpg,486,761,1,2,-0.8811,0.0507,0.0471,0,2.0
circuit_901.jpg,401,766,1,3,-0.1725,0.2145,0.0471,0,2.0
circuit_901.jpg,608,776,0,2,-0.4838,0.0887,0.0471,0,2.0
circuit_901.jpg,616,783,0,2,-0.5963,0.0732,0.0471,0,2.0
circuit_901.jpg,400,810,1,2,-0.5144,0.0839,0.0471,0,2.0
circuit_901.jpg,84,826,1,2,-0.1667,0.2203,0.0471,0,2.0
circuit_901.jpg,234,848,1,2,-0.5103,0.0845,0.0471,0,2.0
circuit_901.jpg,236,865,1,2,-0.7196,0.0614,0.0471,0,2.0
circuit_901.jpg,397,866,1,2,-0.3005,0.1355,0.0471,0,2.0
circuit_901.jpg,236,889,1,3,-0.2181,0.1776,0.0471,0,2.0
circuit_901.jpg,396,892,1,4,-0.4545,0.0939,0.0471,0,2.0
circuit_901.jpg,610,901,1,3,-0.5072,0.085,0.0471,0,2.0
circuit_901.jpg,841,907,1,2,-0.2165,0.1787,0.0471,0,2.0
circuit_904.jpg,465,100,0,3,-0.5991,0.1012,0.0675,0,3.0
circuit_904.jpg,202,105,0,2,-0.5077,0.1173,0.0675,0,3.0
circuit_904.jpg,780,139,0,2,-0.5891,0.1028,0.0675,0,3.0
circuit_904.jpg,208,167,0,3,-0.5432,0.1105,0.0675,0,3.0
circuit_904.jpg,464,205,0,3,-1.0301,0.0615,0.0675,0,3.0
circuit_904.jpg,620,206,0,3,-0.3308,0.1694,0.0675,0,3.0
circuit_904.jpg,785,213,0,3,-0.7462,0.0829,0.0675,0,3.0
circuit_904.jpg,969,212,0,2,-0.6468,0.0945,0.0675,0,3.0
circuit_904.jpg,629,231,0,2,-0.5017,0.1185,0.0675,0,3.0
circuit_904.jpg,94,310,0,1,-0.6118,0.0993,0.0675,0,3.0
circuit_904.jpg,637,320,0,2,-0.2881,0.1898,0.0675,0,3.0
circuit_904.jpg,519,323,0,2,-0.9578,0.0658,0.0675,0,3.0
circuit_904.jpg,522,501,0,2,-0.3443,0.1638,0.0675,0,3.0
circuit_904.jpg,824,542,0,2,-1.5471,0.0418,0.0675,0,3.0
circuit_904.jpg,658,550,0,3,-0.5778,0.1046,0.0675,0,3.0
circuit_904.jpg,528,599,0,4,-0.5491,0.1094,0.0675,0,3.0
circuit_904.jpg,659,599,0,3,-0.4922,0.1206,0.0675,0,3.0
circuit_904.jpg,460,600,0,3,-0.7197,0.0857,0.0675,0,3.0
circuit_904.jpg,276,601,0,2,-0.173,0.2806,0.0675,0,3.0
circuit_904.jpg,987,616,0,3,-0.6138,0.099,0.0675,0,3.0
circuit_904.jpg,860,619,0,3,-0.2455,0.2156,0.0675,0,3.0
circuit_904.jpg,170,662,1,2,-1.0216,0.062,0.0675,0,3.0
circuit_904.jpg,159,663,1,3,-0.2271,0.2291,0.0675,0,3.0
circuit_904.jpg,274,664,1,3,-0.7562,0.0819,0.0675,0,3.0
circuit_904.jpg,276,712,0,2,-0.442,0.1325,0.0675,0,3.0
circuit_904.jpg,624,766,0,2,-0.3449,0.1636,0.0675,0,3.0
circuit_904.jpg,628,810,0,2,-0.4247,0.1371,0.0675,0,3.0
circuit_904.jpg,960,826,0,2,-0.6272,0.0971,0.0675,0,3.0
circuit_904.jpg,744,830,0,3,-0.48,0.1232,0.0675,0,3.0
circuit_904.jpg,776,831,0,2,-1.3798,0.0466,0.0675,0,3.0
circuit_904.jpg,959,842,0,2,-0.5651,0.1067,0.0675,0,3.0
circuit_904.jpg,626,846,0,2,-0.6544,0.0935,0.0675,0,3.0
circuit_910.jpg,67,48,1,2,-0.5692,0.0778,0.0481,0,2.0
circuit_910.jpg,276,52,1,3,-0.7817,0.0579,0.0481,0,2.0
circuit_910.jpg,310,52,1,2,-2.0582,0.0228,0.0481,0,2.0
circuit_910.jpg,332,53,1,2,-1.9061,0.0246,0.0481,0,2.0
circuit_910.jpg,388,55,1,2,-0.8518,0.0534,0.0481,0,2.0
circuit_910.jpg,466,61,1,3,-1.0152,0.0452,0.0481,0,2.0
circuit_910.jpg,666,64,1,3,-0.6968,0.0645,0.0481,0,2.0
circuit_910.jpg,762,68,1,2,-0.9077,0.0503,0.0481,0,2.0
circuit_910.jpg,275,102,1,2,-0.49,0.0893,0.0481,0,2.0
circuit_910.jpg,664,112,1,2,-0.3994,0.1074,0.0481,0,2.0
circuit_910.jpg,273,116,1,2,-0.506,0.0867,0.0481,0,2.0
circuit_910.jpg,462,184,1,3,-0.4084,0.1053,0.0481,0,2.0
circuit_910.jpg,267,192,1,2,-2.2044,0.0213,-0.6968,0,2.0
circuit_910.jpg,655,194,1,3,-0.2976,0.139,0.0481,0,2.0
circuit_910.jpg,462,209,1,4,-1.104,0.0417,0.0481,0,2.0
circuit_910.jpg,498,206,1,2,-2.3594,0.02,-2.2344,0,2.0
circuit_910.jpg,67,211,1,3,-0.0092,0.8387,0.0481,0,2.0
circuit_910.jpg,874,211,1,3,-0.4166,0.1034,0.0481,0,2.0
circuit_910.jpg,720,214,1,2,-2.5756,0.0183,-1.6818,0,2.0
circuit_910.jpg,774,217,0,2,-0.9679,0.0473,0.0481,0,2.0
circuit_910.jpg,655,224,1,3,-0.6075,0.0733,0.0481,0,2.0
circuit_910.jpg,266,229,1,2,-0.8584,0.053,0.0481,0,2.0
circuit_910.jpg,66,350,1,2,-0.7477,0.0604,0.0481,0,2.0
circuit_910.jpg,466,376,1,1,-0.6149,0.0725,0.0481,0,2.0
circuit_910.jpg,463,390,1,4,-1.018,0.0451,0.0481,0,2.0
circuit_910.jpg,862,396,1,3,-0.4928,0.0889,0.0481,0,2.0
circuit_910.jpg,257,400,1,3,-0.3364,0.125,0.0481,0,2.0
circuit_910.jpg,464,414,1,3,-0.5505,0.0803,0.0481,0,2.0
circuit_910.jpg,66,420,1,2,-0.6319,0.0707,0.0481,0,2.0
circuit_910.jpg,379,452,0,2,-1.4776,0.0315,0.0481,0,2.0
circuit_910.jpg,319,457,0,3,-0.1179,0.2896,0.0481,0,2.0
circuit_910.jpg,362,465,0,1,-0.6063,0.0734,0.0481,0,2.0
circuit_910.jpg,324,472,0,3,-1.2654,0.0366,0.0481,0,2.0
circuit_910.jpg,346,468,0,3,-0.8145,0.0557,0.0481,0,2.0
circuit_910.jpg,255,528,1,2,-1.0419,0.0441,0.0481,0,2.0
circuit_910.jpg,253,588,1,3,-0.4435,0.0978,0.0481,0,2.0
circuit_910.jpg,850,592,1,3,-0.4613,0.0943,0.0481,0,2.0
circuit_910.jpg,457,620,1,1,-0.8947,0.051,0.0481,0,2.0
circuit_910.jpg,259,656,1,2,-0.4525,0.096,0.0481,0,2.0
circuit_910.jpg,458,788,1,3,-0.432,0.1001,0.0481,0,2.0
circuit_910.jpg,837,793,1,3,-0.1196,0.2866,0.0481,0,2.0
circuit_910.jpg,644,834,1,1,-0.4007,0.1071,0.0481,0,2.0
circuit_910.jpg,454,852,1,2,-0.7282,0.0619,0.0481,0,2.0
circuit_910.jpg,257,864,1,2,-0.588,0.0756,0.0481,0,2.0
circuit_910.jpg,258,914,1,3,-0.2877,0.1431,0.0481,0,2.0
circuit_910.jpg,74,917,1,2,-0.7225,0.0624,0.0481,0,2.0
circuit_910.jpg,376,922,1,2,-1.1757,0.0393,0.0481,0,2.0
circuit_910.jpg,450,926,1,3,-0.5008,0.0876,0.0481,0,2.0
circuit_910.jpg,640,931,1,3,-0.8231,0.0552,0.0481,0,2.0
circuit_910.jpg,833,936,1,2,-0.4819,0.0907,0.0481,0,2.0
circuit_925.jpg,201,374,0,2,-0.5884,0.1138,0.0756,0,3.0
circuit_925.jpg,658,373,0,3,-0.5823,0.1149,0.0756,0,3.0
circuit_925.jpg,492,376,0,3,-0.3949,0.1606,0.0756,0,3.0
circuit_925.jpg,454,377,0,2,-1.0604,0.0665,0.0756,0,3.0
circuit_925.jpg,496,410,0,2,-0.6281,0.1074,0.0756,0,3.0
circuit_925.jpg,671,560,0,2,-0.7549,0.091,0.0756,0,3.0
circuit_925.jpg,673,590,0,2,-0.49,0.1336,0.0756,0,3.0
circuit_925.jpg,926,604,0,2,-0.4972,0.132,0.0756,0,3.0
circuit_925.jpg,226,608,0,2,-1.2848,0.0556,0.0756,0,3.0
circuit_925.jpg,510,607,0,3,-0.529,0.125,0.0756,0,3.0
circuit_925.jpg,578,610,0,2,-0.8654,0.0803,0.0756,0,3.0
circuit_925.jpg,674,610,0,3,-0.4787,0.1364,0.0756,0,3.0
circuit_925.jpg,728,611,0,2,-1.1516,0.0616,0.0756,0,3.0
circuit_926.jpg,528,370,0,3,-0.18,0.1787,0.0392,0,2.0
circuit_926.jpg,264,375,0,2,-0.256,0.1327,0.0392,0,2.0
circuit_926.jpg,847,626,0,2,-0.4808,0.0753,0.0392,0,2.0
circuit_926.jpg,468,652,0,2,-0.5457,0.067,0.0392,0,2.0
circuit_926.jpg,520,655,0,2,-0.5698,0.0643,0.0392,0,2.0
circuit_926.jpg,766,655,0,2,-0.722,0.0515,0.0392,0,2.0
circuit_926.jpg,552,659,0,3,-0.3041,0.1141,0.0392,0,2.0
circuit_931.jpg,904,306,1,2,-0.8816,0.0749,0.0713,0,3.0
circuit_931.jpg,25,307,0,2,-1.1801,0.057,0.0713,0,3.0
circuit_931.jpg,194,308,0,3,-0.6352,0.101,0.0713,0,3.0
circuit_931.jpg,754,307,1,3,-0.731,0.0889,0.0713,0,3.0
circuit_931.jpg,370,309,1,3,-0.5543,0.114,0.0713,0,3.0
circuit_931.jpg,600,309,1,2,-0.8622,0.0764,0.0713,0,3.0
circuit_931.jpg,25,342,0,2,-1.1015,0.0608,0.0713,0,3.0
circuit_931.jpg,597,408,1,2,-0.4744,0.1307,0.0713,0,3.0
circuit_931.jpg,903,436,1,3,-0.3699,0.1617,0.0713,0,3.0
circuit_931.jpg,29,437,0,3,-0.8577,0.0768,0.0713,0,3.0
circuit_931.jpg,348,439,0,2,-0.6061,0.1053,0.0713,0,3.0
circuit_931.jpg,393,442,0,2,-0.3263,0.1794,0.0713,0,3.0
circuit_931.jpg,30,512,0,3,-0.5129,0.1221,0.0713,0,3.0
circuit_931.jpg,172,515,0,2,-0.4853,0.1282,0.0713,0,3.0
circuit_931.jpg,292,515,0,3,-0.6869,0.0941,0.0713,0,3.0
circuit_931.jpg,390,511,0,2,-0.4198,0.1453,0.0713,0,3.0
circuit_931.jpg,754,512,1,3,-0.4763,0.1303,0.0713,0,3.0
circuit_931.jpg,902,512,1,3,-0.6884,0.0939,0.0713,0,3.0
circuit_931.jpg,282,550,0,3,-0.7163,0.0906,0.0713,0,3.0
circuit_931.jpg,32,582,0,3,-0.5656,0.112,0.0713,0,3.0
circuit_931.jpg,370,584,0,3,-0.682,0.0947,0.0713,0,3.0
circuit_931.jpg,594,586,1,3,-0.2497,0.2222,0.0713,0,3.0
circuit_931.jpg,902,590,1,4,-0.714,0.0908,0.0713,0,3.0
circuit_931.jpg,37,714,0,2,-0.774,0.0844,0.0713,0,3.0
circuit_931.jpg,196,716,0,3,-1.1967,0.0563,0.0713,0,3.0
circuit_931.jpg,901,722,1,2,-0.4489,0.1371,0.0713,0,3.0
circuit_932.jpg,577,281,0,2,-0.4528,0.1944,0.1092,0,5.0
circuit_932.jpg,127,300,1,2,-0.4987,0.1797,0.1092,0,5.0
circuit_932.jpg,283,307,0,2,-0.5672,0.1615,0.1092,0,5.0
circuit_932.jpg,574,330,0,2,-0.6068,0.1526,0.1092,0,5.0
circuit_932.jpg,123,388,1,2,-0.4902,0.1823,0.1092,0,5.0
circuit_932.jpg,712,391,1,2,-0.7006,0.1349,0.1092,0,5.0
circuit_932.jpg,668,394,1,2,-0.7101,0.1333,0.1092,0,5.0
circuit_932.jpg,644,397,1,2,-0.6038,0.1532,0.1092,0,5.0
circuit_932.jpg,620,399,1,2,-0.6445,0.1449,0.1092,0,5.0
circuit_932.jpg,122,403,1,3,-0.6549,0.143,0.1092,0,5.0
circuit_932.jpg,914,411,0,2,-0.3188,0.2552,0.1092,0,5.0
circuit_932.jpg,943,411,0,2,-0.4876,0.183,0.1092,0,5.0
circuit_932.jpg,714,418,1,3,-0.6947,0.1359,0.1092,0,5.0
circuit_932.jpg,398,420,0,3,-0.4183,0.2071,0.1092,0,5.0
circuit_932.jpg,478,419,0,2,-0.7657,0.1249,0.1092,0,5.0
circuit_932.jpg,718,536,0,2,-0.7658,0.1248,0.1092,0,5.0
circuit_932.jpg,118,587,1,4,-0.387,0.2202,0.1092,0,5.0
circuit_932.jpg,148,589,0,2,-0.8816,0.1103,0.1092,0,5.0
circuit_932.jpg,204,592,0,2,-1.1219,0.0887,0.1092,0,5.0
circuit_932.jpg,385,605,0,2,-0.725,0.131,0.1092,0,5.0
circuit_932.jpg,124,662,1,3,-0.6784,0.1387,0.1092,0,5.0
circuit_932.jpg,144,663,0,2,-0.8106,0.1188,0.1092,0,5.0
circuit_932.jpg,330,667,0,2,-0.7173,0.1322,0.1092,0,5.0
circuit_932.jpg,715,696,1,4,-0.4362,0.2003,0.1092,0,5.0
circuit_932.jpg,609,703,1,3,-0.8705,0.1115,0.1092,0,5.0
circuit_932.jpg,127,732,1,3,-0.5134,0.1754,0.1092,0,5.0
circuit_932.jpg,331,742,1,2,-0.7874,0.1218,0.1092,0,5.0
circuit_932.jpg,967,813,0,2,-0.4846,0.1839,0.1092,0,5.0
circuit_932.jpg,944,817,0,2,-0.6932,0.1361,0.1092,0,5.0
circuit_932.jpg,129,830,0,2,-0.9089,0.1073,0.1092,0,5.0
circuit_937.jpg,824,217,1,2,-0.8107,0.0582,0.0501,0,2.0
circuit_937.jpg,778,217,1,2,-0.4284,0.1048,0.0501,0,2.0
circuit_937.jpg,592,220,1,2,-0.5424,0.0846,0.0501,0,2.0
circuit_937.jpg,406,221,1,2,-0.986,0.0484,0.0501,0,2.0
circuit_937.jpg,584,221,1,2,-0.6714,0.0695,0.0501,0,2.0
circuit_937.jpg,506,227,1,3,-0.6071,0.0763,0.0501,0,2.0
circuit_937.jpg,538,227,1,2,-0.4079,0.1095,0.0501,0,2.0
circuit_937.jpg,237,305,1,1,-0.4044,0.1103,0.0501,0,2.0
circuit_937.jpg,166,331,1,2,-0.8952,0.053,0.0501,0,2.0
circuit_937.jpg,236,333,1,3,-0.128,0.2814,0.0501,0,2.0
circuit_937.jpg,419,434,0,1,-0.7729,0.0609,0.0501,0,2.0
circuit_937.jpg,419,458,0,2,-1.2063,0.0399,0.0501,0,2.0
circuit_937.jpg,817,469,0,4,-0.0823,0.3787,0.0501,0,2.0
circuit_937.jpg,416,475,1,4,-0.0983,0.3378,0.0501,0,2.0
circuit_937.jpg,242,482,1,3,-0.205,0.1965,0.0501,0,2.0
circuit_937.jpg,523,535,1,2,-0.4055,0.11,0.0501,0,2.0
circuit_937.jpg,751,574,0,2,-0.9874,0.0483,0.0501,0,2.0
circuit_937.jpg,818,578,0,3,-0.4204,0.1066,0.0501,0,2.0
circuit_937.jpg,526,590,1,3,-0.1637,0.2344,0.0501,0,2.0
circuit_937.jpg,40,626,1,3,-0.4477,0.1007,0.0501,0,2.0
circuit_937.jpg,674,642,0,3,-0.4565,0.099,0.0501,0,2.0
circuit_937.jpg,824,652,0,2,-0.9743,0.0489,0.0501,0,2.0
circuit_937.jpg,413,666,1,3,-0.2038,0.1974,0.0501,0,2.0
circuit_937.jpg,673,696,0,2,-1.0799,0.0444,0.0501,0,2.0
circuit_937.jpg,348,732,0,2,-0.5022,0.0908,0.0501,0,2.0
circuit_937.jpg,498,739,1,2,-0.9408,0.0506,0.0501,0,2.0
circuit_937.jpg,758,742,0,2,-0.5375,0.0853,0.0501,0,2.0
circuit_937.jpg,123,748,1,3,-0.1031,0.3273,0.0501,0,2.0
circuit_937.jpg,69,751,1,2,-0.4968,0.0917,0.0501,0,2.0
circuit_937.jpg,88,749,1,2,-0.9972,0.0479,0.0501,0,2.0
circuit_937.jpg,126,810,1,3,-0.3661,0.1204,0.0501,0,2.0
circuit_937.jpg,52,813,1,2,-0.5701,0.0808,0.0501,0,2.0
circuit_937.jpg,240,818,1,3,-0.2777,0.1529,0.0501,0,2.0
circuit_937.jpg,820,823,1,3,-0.1023,0.3289,0.0501,0,2.0
circuit_937.jpg,326,824,1,2,-0.634,0.0733,0.0501,0,2.0
circuit_937.jpg,340,827,1,2,-0.4369,0.1029,0.0501,0,2.0
circuit_937.jpg,408,827,1,3,-0.1639,0.2342,0.0501,0,2.0
circuit_937.jpg,526,828,1,3,-0.2137,0.19,0.0501,0,2.0
circuit_937.jpg,674,829,1,3,-0.295,0.1453,0.0501,0,2.0
circuit_953.jpg,578,191,0,3,-0.1132,0.6774,0.2377,0,11.0
circuit_953.jpg,590,192,0,2,-1.4327,0.1423,-0.3457,0,11.0
circuit_953.jpg,628,194,0,2,-1.6423,0.1264,-0.886,0,11.0
circuit_953.jpg,640,194,0,2,-1.6504,0.1259,-1.4478,0,11.0
circuit_953.jpg,231,284,0,3,-0.5439,0.3041,0.2377,0,11.0
circuit_953.jpg,722,304,1,1,-0.6224,0.2763,0.2377,0,11.0
circuit_953.jpg,900,390,1,1,-0.559,0.2984,0.2377,0,11.0
circuit_953.jpg,226,400,0,2,-0.4114,0.3662,0.2377,0,11.0
circuit_953.jpg,832,401,1,4,-0.0695,0.7739,0.2377,0,11.0
circuit_953.jpg,226,410,0,3,-0.2552,0.4823,0.2377,0,11.0
circuit_953.jpg,433,411,1,4,-0.3466,0.4068,0.2377,0,11.0
circuit_953.jpg,578,489,0,2,-0.6367,0.2718,0.2377,0,11.0
circuit_953.jpg,656,532,0,4,-0.8401,0.2206,0.2377,0,11.0
circuit_953.jpg,665,536,0,2,-0.6274,0.2748,0.2377,0,11.0
circuit_953.jpg,580,536,0,3,-0.1041,0.6954,0.2377,0,11.0
circuit_953.jpg,38,546,0,3,-0.2342,0.5037,0.2377,0,11.0
circuit_953.jpg,766,542,1,2,-0.5552,0.2998,0.2377,0,11.0
circuit_953.jpg,834,542,1,3,-0.2395,0.4981,0.2377,0,11.0
circuit_953.jpg,433,606,1,2,-0.2681,0.4699,0.2377,0,11.0
circuit_953.jpg,718,618,1,3,-0.1919,0.5533,0.2377,0,11.0
circuit_953.jpg,435,651,1,3,-0.1413,0.6271,0.2377,0,11.0
circuit_953.jpg,480,651,1,2,-0.9068,0.2077,0.2377,0,11.0
circuit_953.jpg,581,682,0,2,-0.5461,0.3033,0.2377,0,11.0
circuit_953.jpg,302,696,0,2,-0.6169,0.2781,0.2377,0,11.0
circuit_953.jpg,766,706,0,2,-0.3001,0.442,0.2377,0,11.0
circuit_953.jpg,170,715,1,2,-0.7768,0.2343,0.2377,0,11.0
circuit_953.jpg,227,758,1,3,-0.5946,0.2856,0.2377,0,11.0
circuit_953.jpg,40,790,0,2,-0.1917,0.5535,0.2377,0,11.0
circuit_953.jpg,229,791,0,3,0.0708,1.4238,0.2377,0,11.0
circuit_953.jpg,436,792,0,3,-0.7563,0.2391,0.2377,0,11.0
circuit_953.jpg,132,795,0,3,-0.3505,0.4041,0.2377,0,11.0
circuit_953.jpg,578,800,0,3,-0.4234,0.3596,0.2377,0,11.0
circuit_953.jpg,719,801,0,3,-0.4796,0.3314,0.2377,0,11.0
circuit_953.jpg,740,802,0,2,-1.0087,0.1907,0.2377,0,11.0
circuit_953.jpg,834,804,0,3,-0.4287,0.3567,0.2377,0,11.0
circuit_957.jpg,736,152,0,2,-0.9349,0.0487,0.0478,0,2.0
circuit_957.jpg,758,152,0,2,-0.5099,0.0858,0.0478,0,2.0
circuit_957.jpg,626,159,0,2,-0.5777,0.0765,0.0478,0,2.0
circuit_957.jpg,344,173,0,2,-1.024,0.0446,0.0478,0,2.0
circuit_957.jpg,314,176,0,2,-0.4187,0.1025,0.0478,0,2.0
circuit_957.jpg,986,218,0,2,-0.5046,0.0866,0.0478,0,2.0
circuit_957.jpg,470,226,0,3,-0.4503,0.096,0.0478,0,2.0
circuit_957.jpg,628,225,0,3,-0.9589,0.0475,0.0478,0,2.0
circuit_957.jpg,793,226,0,3,-0.6088,0.0728,0.0478,0,2.0
circuit_957.jpg,316,232,0,3,-0.6412,0.0694,0.0478,0,2.0
circuit_957.jpg,222,244,0,2,-0.9835,0.0464,0.0478,0,2.0
circuit_957.jpg,627,255,1,2,-0.343,0.1224,0.0478,0,2.0
circuit_957.jpg,332,269,0,2,-0.3655,0.1157,0.0478,0,2.0
circuit_957.jpg,146,278,0,1,-0.4467,0.0967,0.0478,0,2.0
circuit_957.jpg,630,294,1,2,-0.4693,0.0925,0.0478,0,2.0
circuit_957.jpg,632,306,1,2,-0.5038,0.0867,0.0478,0,2.0
circuit_957.jpg,634,343,1,2,-0.4596,0.0943,0.0478,0,2.0
circuit_957.jpg,500,361,1,2,-0.7227,0.0621,0.0478,0,2.0
circuit_957.jpg,478,365,1,2,-0.7903,0.0571,0.0478,0,2.0
circuit_957.jpg,464,367,1,2,-0.5414,0.0812,0.0478,0,2.0
circuit_957.jpg,441,370,1,2,-0.235,0.1691,0.0478,0,2.0
circuit_957.jpg,444,428,1,2,-0.5804,0.0761,0.0478,0,2.0
circuit_957.jpg,660,469,0,2,-0.8807,0.0515,0.0478,0,2.0
circuit_957.jpg,546,538,0,3,-0.503,0.0868,0.0478,0,2.0
circuit_957.jpg,452,540,1,4,-0.4098,0.1045,0.0478,0,2.0
circuit_957.jpg,727,543,0,3,-0.5124,0.0854,0.0478,0,2.0
circuit_957.jpg,410,543,1,3,-0.6015,0.0737,0.0478,0,2.0
circuit_957.jpg,900,546,0,2,-0.6497,0.0686,0.0478,0,2.0
circuit_957.jpg,212,550,0,2,-0.5218,0.084,0.0478,0,2.0
circuit_957.jpg,982,550,0,3,-0.3834,0.1109,0.0478,0,2.0
circuit_957.jpg,187,554,0,2,-0.4041,0.1058,0.0478,0,2.0
circuit_957.jpg,455,556,0,2,-0.6943,0.0644,0.0478,0,2.0
circuit_957.jpg,187,619,1,3,-0.572,0.0772,0.0478,0,2.0
circuit_957.jpg,96,629,1,2,-0.7902,0.0571,0.0478,0,2.0
circuit_957.jpg,83,632,1,2,-0.4457,0.0969,0.0478,0,2.0
circuit_957.jpg,610,715,0,2,-0.2635,0.1536,0.0478,0,2.0
circuit_957.jpg,800,719,0,3,-1.1801,0.039,0.0478,0,2.0
circuit_957.jpg,800,750,0,2,-0.5844,0.0757,0.0478,0,2.0
circuit_957.jpg,464,760,0,2,-0.4342,0.0992,0.0478,0,2.0
circuit_957.jpg,466,772,0,2,-0.3109,0.1333,0.0478,0,2.0
circuit_957.jpg,611,794,0,3,-0.8462,0.0535,0.0478,0,2.0
circuit_957.jpg,984,808,0,3,-0.2938,0.14,0.0478,0,2.0
circuit_957.jpg,798,811,0,2,-0.5685,0.0776,0.0478,0,2.0
circuit_957.jpg,953,810,0,2,-0.7055,0.0635,0.0478,0,2.0
circuit_957.jpg,912,814,0,2,-0.545,0.0807,0.0478,0,2.0
circuit_957.jpg,583,840,0,2,-0.5214,0.084,0.0478,0,2.0
circuit_961.jpg,768,206,0,2,-0.7611,0.061,0.0494,0,2.0
circuit_961.jpg,456,208,0,2,-0.3313,0.1298,0.0494,0,2.0
circuit_961.jpg,260,210,0,2,-0.4266,0.1038,0.0494,0,2.0
circuit_961.jpg,621,211,0,2,-0.4941,0.0909,0.0494,0,2.0
circuit_961.jpg,771,250,0,2,-0.8598,0.0543,0.0494,0,2.0
circuit_961.jpg,461,256,0,2,-0.6763,0.0681,0.0494,0,2.0
circuit_961.jpg,910,303,0,2,-0.8653,0.054,0.0494,0,2.0
circuit_961.jpg,624,306,0,3,-1.164,0.0407,0.0494,0,2.0
circuit_961.jpg,128,308,1,2,-0.7476,0.062,0.0494,0,2.0
circuit_961.jpg,262,307,1,3,-0.4833,0.0928,0.0494,0,2.0
circuit_961.jpg,467,312,0,3,-0.6717,0.0685,0.0494,0,2.0
circuit_961.jpg,782,312,0,2,-0.9177,0.0511,0.0494,0,2.0
circuit_961.jpg,682,335,1,1,-0.7398,0.0626,0.0494,0,2.0
circuit_961.jpg,652,338,1,2,-0.6456,0.0711,0.0494,0,2.0
circuit_961.jpg,298,343,0,1,-0.4556,0.0978,0.0494,0,2.0
circuit_961.jpg,776,466,0,2,-0.7579,0.0612,0.0494,0,2.0
circuit_961.jpg,628,470,0,2,-0.1762,0.219,0.0494,0,2.0
circuit_961.jpg,628,544,0,3,-0.5949,0.0767,0.0494,0,2.0
circuit_961.jpg,906,544,0,4,-0.4999,0.09,0.0494,0,2.0
circuit_961.jpg,538,548,1,4,-0.3569,0.1216,0.0494,0,2.0
circuit_961.jpg,786,548,0,3,-0.4542,0.0981,0.0494,0,2.0
circuit_961.jpg,214,552,0,3,-0.9044,0.0518,0.0494,0,2.0
circuit_961.jpg,368,558,0,2,-0.6962,0.0663,0.0494,0,2.0
circuit_961.jpg,406,558,1,3,-0.1369,0.2653,0.0494,0,2.0
circuit_961.jpg,642,599,0,3,-0.6308,0.0726,0.0494,0,2.0
circuit_961.jpg,109,618,0,2,-0.6706,0.0686,0.0494,0,2.0
circuit_961.jpg,218,619,0,3,-0.274,0.1528,0.0494,0,2.0
circuit_961.jpg,246,622,0,2,-0.5283,0.0855,0.0494,0,2.0
circuit_961.jpg,246,642,0,2,-0.6516,0.0705,0.0494,0,2.0
circuit_961.jpg,229,652,0,2,-0.6184,0.074,0.0494,0,2.0
circuit_961.jpg,622,678,1,2,-0.6048,0.0755,0.0494,0,2.0
circuit_961.jpg,739,677,0,2,-0.2752,0.1522,0.0494,0,2.0
circuit_961.jpg,660,690,0,1,-0.6411,0.0716,0.0494,0,2.0
circuit_961.jpg,667,697,0,2,-0.6281,0.0729,0.0494,0,2.0
circuit_961.jpg,624,743,1,3,-0.6365,0.072,0.0494,0,2.0
circuit_961.jpg,537,747,0,2,-0.4925,0.0912,0.0494,0,2.0
circuit_961.jpg,634,745,0,2,-0.3343,0.1288,0.0494,0,2.0
circuit_961.jpg,744,749,0,3,-0.6228,0.0735,0.0494,0,2.0
circuit_961.jpg,637,778,0,2,-0.6411,0.0716,0.0494,0,2.0
circuit_963.jpg,181,267,0,2,-0.7127,0.0629,0.0478,0,2.0
circuit_963.jpg,368,267,1,3,-0.193,0.1986,0.0478,0,2.0
circuit_963.jpg,512,268,1,3,-0.587,0.0754,0.0478,0,2.0
circuit_963.jpg,776,271,0,2,-0.4161,0.1031,0.0478,0,2.0
circuit_963.jpg,428,351,1,2,-0.7386,0.0608,0.0478,0,2.0
circuit_963.jpg,378,435,1,2,-0.5163,0.0848,0.0478,0,2.0
circuit_963.jpg,446,436,1,3,-0.5584,0.0789,0.0478,0,2.0
circuit_963.jpg,520,438,1,4,-0.955,0.0477,0.0478,0,2.0
circuit_963.jpg,721,442,1,2,-0.4944,0.0882,0.0478,0,2.0
circuit_963.jpg,442,458,1,2,-0.6394,0.0696,0.0478,0,2.0
circuit_963.jpg,291,514,1,3,-0.3582,0.1178,0.0478,0,2.0
circuit_963.jpg,195,518,1,3,-0.6241,0.0712,0.0478,0,2.0
circuit_963.jpg,725,521,1,3,-0.5073,0.0862,0.0478,0,2.0
circuit_963.jpg,435,524,1,2,-0.4886,0.0892,0.0478,0,2.0
circuit_963.jpg,674,526,1,2,-1.4996,0.0309,0.0478,0,2.0
circuit_963.jpg,435,552,1,3,-0.7572,0.0594,0.0478,0,2.0
circuit_963.jpg,527,602,0,3,-0.8837,0.0514,0.0478,0,2.0
circuit_963.jpg,672,606,1,2,-0.8353,0.0542,0.0478,0,2.0
circuit_963.jpg,895,641,1,2,-0.99,0.0461,0.0478,0,2.0
circuit_963.jpg,775,668,1,2,-0.5343,0.0822,0.0478,0,2.0
circuit_963.jpg,774,694,1,2,-0.7105,0.0631,0.0478,0,2.0
circuit_963.jpg,776,706,1,2,-0.6758,0.0661,0.0478,0,2.0
circuit_963.jpg,778,720,1,2,-0.4581,0.0946,0.0478,0,2.0
circuit_963.jpg,863,732,0,3,-1.5549,0.0299,0.0478,0,2.0
circuit_963.jpg,878,732,0,3,-0.4465,0.0968,0.0478,0,2.0
circuit_963.jpg,895,738,0,2,-0.3776,0.1125,0.0478,0,2.0
circuit_963.jpg,881,753,0,4,-0.4614,0.0939,0.0478,0,2.0
circuit_963.jpg,856,757,0,3,-0.985,0.0463,0.0478,0,2.0
circuit_963.jpg,887,768,0,3,-0.3553,0.1187,0.0478,0,2.0
circuit_963.jpg,204,769,1,3,-0.5212,0.0841,0.0478,0,2.0
circuit_963.jpg,848,769,1,3,-1.0077,0.0453,0.0478,0,2.0
circuit_963.jpg,866,770,0,3,-1.0457,0.0437,0.0478,0,2.0
circuit_963.jpg,362,771,1,3,-0.6459,0.069,0.0478,0,2.0
circuit_963.jpg,546,771,1,3,-0.5613,0.0785,0.0478,0,2.0
circuit_963.jpg,728,771,1,2,-1.1614,0.0396,0.0478,0,2.0
circuit_963.jpg,826,771,1,3,-0.2597,0.1556,0.0478,0,2.0
circuit_968.jpg,336,94,0,2,-0.4283,0.1373,0.0681,0,3.0
circuit_968.jpg,516,107,0,2,-0.4906,0.122,0.0681,0,3.0
circuit_968.jpg,852,120,0,2,-0.8933,0.0709,0.0681,0,3.0
circuit_968.jpg,866,122,0,2,-0.5806,0.105,0.0681,0,3.0
circuit_968.jpg,873,190,0,2,-0.4349,0.1354,0.0681,0,3.0
circuit_968.jpg,874,200,0,2,-0.425,0.1382,0.0681,0,3.0
circuit_968.jpg,332,218,0,3,-0.1518,0.3097,0.0681,0,3.0
circuit_968.jpg,792,261,1,2,-1.256,0.0515,0.0681,0,3.0
circuit_968.jpg,331,376,0,3,-0.4101,0.1425,0.0681,0,3.0
circuit_968.jpg,543,384,1,3,-0.1926,0.2613,0.0681,0,3.0
circuit_968.jpg,746,388,0,2,-1.0629,0.0602,0.0681,0,3.0
circuit_968.jpg,874,390,0,4,-0.1847,0.2695,0.0681,0,3.0
circuit_968.jpg,755,400,1,2,-0.3014,0.1844,0.0681,0,3.0
circuit_968.jpg,334,402,0,2,-0.4181,0.1401,0.0681,0,3.0
circuit_968.jpg,204,451,0,2,-0.4749,0.1255,0.0681,0,3.0
circuit_968.jpg,262,454,0,2,-0.427,0.1376,0.0681,0,3.0
circuit_968.jpg,760,518,1,2,-0.4608,0.1288,0.0681,0,3.0
circuit_968.jpg,60,524,0,3,-0.7172,0.0868,0.0681,0,3.0
circuit_968.jpg,871,530,0,3,-0.2552,0.2107,0.0681,0,3.0
circuit_968.jpg,835,533,0,2,-0.3856,0.1502,0.0681,0,3.0
circuit_968.jpg,646,552,0,2,-0.6718,0.0921,0.0681,0,3.0
circuit_968.jpg,645,572,0,2,-0.5224,0.1154,0.0681,0,3.0
circuit_968.jpg,765,599,1,3,-0.3623,0.1583,0.0681,0,3.0
circuit_968.jpg,367,639,1,2,-0.8845,0.0715,0.0454,0,3.0
circuit_968.jpg,355,642,1,1,-0.8027,0.0782,0.0681,0,3.0
circuit_968.jpg,548,680,1,3,-0.7189,0.0866,0.0681,0,3.0
circuit_968.jpg,764,683,0,2,-0.7437,0.0839,0.0681,0,3.0
circuit_968.jpg,572,720,0,2,-0.5619,0.1081,0.0681,0,3.0
circuit_968.jpg,835,720,0,2,-0.6406,0.0961,0.0681,0,3.0
circuit_968.jpg,660,726,0,2,-0.5049,0.1189,0.0681,0,3.0
circuit_968.jpg,577,758,0,2,-0.4757,0.1253,0.0681,0,3.0
circuit_968.jpg,837,790,0,1,-0.5905,0.1034,0.0681,0,3.0
circuit_968.jpg,191,848,1,2,-0.8395,0.0751,0.0681,0,3.0
circuit_968.jpg,58,866,0,2,-0.3219,0.1747,0.0681,0,3.0
circuit_968.jpg,542,866,0,3,-0.2555,0.2105,0.0681,0,3.0
circuit_968.jpg,328,868,1,2,-0.5812,0.1049,0.0681,0,3.0
circuit_968.jpg,358,868,1,3,-0.303,0.1836,0.0681,0,3.0
circuit_968.jpg,772,868,0,3,-0.1851,0.269,0.0681,0,3.0
circuit_968.jpg,877,868,0,3,-0.4574,0.1297,0.0681,0,3.0
circuit_968.jpg,244,870,1,2,-0.7257,0.0858,0.0681,0,3.0
circuit_968.jpg,663,870,0,3,-0.3373,0.168,0.0681,0,3.0
circuit_968.jpg,226,872,1,2,-0.9539,0.0667,0.0681,0,3.0
circuit_968.jpg,196,875,1,3,-0.1357,0.3343,0.0681,0,3.0
circuit_972.jpg,264,148,0,2,-0.7803,0.0614,0.0511,0,2.0
circuit_972.jpg,308,147,0,2,-1.3217,0.0372,0.0511,0,2.0
circuit_972.jpg,427,154,0,2,-0.7398,0.0646,0.0511,0,2.0
circuit_972.jpg,429,168,0,2,-0.5191,0.0896,0.0511,0,2.0
circuit_972.jpg,762,180,0,2,-0.6525,0.0726,0.0511,0,2.0
circuit_972.jpg,618,182,0,2,-0.7367,0.0648,0.0511,0,2.0
circuit_972.jpg,145,206,0,2,-0.6253,0.0755,0.0511,0,2.0
circuit_972.jpg,265,210,0,3,-0.7297,0.0654,0.0511,0,2.0
circuit_972.jpg,432,235,0,3,-0.3319,0.1333,0.0511,0,2.0
circuit_972.jpg,575,241,0,3,-0.5432,0.0859,0.0511,0,2.0
circuit_972.jpg,616,239,0,2,-0.6762,0.0702,0.0511,0,2.0
circuit_972.jpg,551,264,0,2,-0.6127,0.0769,0.0511,0,2.0
circuit_972.jpg,573,268,0,4,-0.4778,0.0966,0.0511,0,2.0
circuit_972.jpg,612,268,1,3,-0.6089,0.0774,0.0511,0,2.0
circuit_972.jpg,766,269,1,3,-0.1983,0.2047,0.0511,0,2.0
circuit_972.jpg,898,272,0,2,-0.4929,0.0939,0.0511,0,2.0
circuit_972.jpg,580,278,1,2,-0.3782,0.119,0.0511,0,2.0
circuit_972.jpg,612,278,1,3,-0.7746,0.0618,0.0511,0,2.0
circuit_972.jpg,608,305,1,2,-0.4393,0.1041,0.0511,0,2.0
circuit_972.jpg,894,311,0,3,-0.7065,0.0674,0.0511,0,2.0
circuit_972.jpg,510,360,1,2,-0.364,0.123,0.0511,0,2.0
circuit_972.jpg,517,426,1,2,-0.5157,0.0901,0.0511,0,2.0
circuit_972.jpg,758,459,0,2,-0.5323,0.0875,0.0511,0,2.0
circuit_972.jpg,276,473,0,2,-0.4207,0.1082,0.0511,0,2.0
circuit_972.jpg,392,484,0,3,-0.6726,0.0706,0.0511,0,2.0
circuit_972.jpg,524,492,0,3,-0.2789,0.1548,0.0511,0,2.0
circuit_972.jpg,761,492,0,2,-0.4894,0.0945,0.0511,0,2.0
circuit_972.jpg,666,494,0,2,-0.2257,0.1845,0.0511,0,2.0
circuit_972.jpg,270,502,0,2,-0.4437,0.1032,0.0511,0,2.0
circuit_972.jpg,737,502,0,1,-0.531,0.0877,0.0511,0,2.0
circuit_972.jpg,767,539,0,3,-0.4567,0.1006,0.0511,0,2.0
circuit_972.jpg,893,538,0,3,-0.4744,0.0972,0.0511,0,2.0
circuit_972.jpg,271,542,1,2,-0.4396,0.1041,0.0511,0,2.0
circuit_972.jpg,386,560,0,3,-0.5462,0.0855,0.0511,0,2.0
circuit_972.jpg,202,588,1,2,-0.6009,0.0783,0.0511,0,2.0
circuit_972.jpg,396,608,0,2,-0.4209,0.1082,0.0511,0,2.0
circuit_972.jpg,526,653,0,2,-0.5876,0.08,0.0511,0,2.0
circuit_972.jpg,544,653,0,2,-0.7328,0.0651,0.0511,0,2.0
circuit_972.jpg,716,656,0,2,-0.4228,0.1078,0.0511,0,2.0
circuit_972.jpg,724,712,0,3,-0.4584,0.1002,0.0511,0,2.0
circuit_972.jpg,907,718,0,3,-0.3954,0.1144,0.0511,0,2.0
circuit_972.jpg,393,740,0,2,-0.4081,0.1112,0.0511,0,2.0
circuit_972.jpg,526,758,0,3,-0.2312,0.1809,0.0511,0,2.0
circuit_972.jpg,730,781,0,2,-0.5636,0.0831,0.0511,0,2.0
circuit_975.jpg,254,107,0,2,-0.5066,0.0476,0.0253,0,1.0
circuit_975.jpg,412,112,0,2,-0.4719,0.0509,0.0253,0,1.0
circuit_975.jpg,603,130,0,2,-0.5552,0.0436,0.0253,0,1.0
circuit_975.jpg,777,132,0,2,-0.4377,0.0547,0.0253,0,1.0
circuit_975.jpg,144,170,0,2,-0.1845,0.1207,0.0253,0,1.0
circuit_975.jpg,204,170,0,2,-0.8186,0.03,0.0253,0,1.0
circuit_975.jpg,253,173,0,3,-0.5491,0.0441,0.0253,0,1.0
circuit_975.jpg,428,195,0,3,-0.0879,0.2237,0.0253,0,1.0
circuit_975.jpg,602,198,0,3,-0.1834,0.1213,0.0253,0,1.0
circuit_975.jpg,774,216,0,3,-0.4526,0.053,0.0253,0,1.0
circuit_975.jpg,995,219,0,2,-0.6326,0.0385,0.0253,0,1.0
circuit_975.jpg,265,232,0,2,-0.961,0.0257,0.0253,0,1.0
circuit_975.jpg,516,279,0,2,-0.588,0.0413,0.0253,0,1.0
circuit_975.jpg,582,285,0,2,-0.8024,0.0306,0.0253,0,1.0
circuit_975.jpg,594,286,0,2,-0.5458,0.0443,0.0253,0,1.0
circuit_975.jpg,620,286,0,2,-0.3539,0.0668,0.0253,0,1.0
circuit_975.jpg,997,324,0,2,-0.7995,0.0307,0.0253,0,1.0
circuit_975.jpg,996,416,0,2,-0.5414,0.0447,0.0253,0,1.0
circuit_975.jpg,732,422,0,2,-0.5268,0.0459,0.0253,0,1.0
circuit_975.jpg,617,424,0,2,-0.6157,0.0395,0.0253,0,1.0
circuit_975.jpg,994,442,0,2,-0.6783,0.036,0.0253,0,1.0
circuit_975.jpg,815,464,0,2,-0.6172,0.0394,0.0253,0,1.0
circuit_975.jpg,817,490,0,2,-0.2795,0.0831,0.0253,0,1.0
circuit_975.jpg,621,511,0,3,-0.4181,0.0571,0.0253,0,1.0
circuit_975.jpg,508,515,0,4,-0.1734,0.1275,0.0253,0,1.0
circuit_975.jpg,421,518,0,3,-0.3538,0.0668,0.0253,0,1.0
circuit_975.jpg,993,520,0,3,-0.13,0.1631,0.0253,0,1.0
circuit_975.jpg,821,527,0,3,-0.3962,0.0601,0.0253,0,1.0
circuit_975.jpg,508,542,0,2,-0.2609,0.0885,0.0253,0,1.0
circuit_975.jpg,420,571,0,2,-0.6184,0.0393,0.0253,0,1.0
circuit_975.jpg,235,574,1,3,-0.2461,0.0933,0.0253,0,1.0
circuit_975.jpg,625,576,0,2,-0.3601,0.0657,0.0253,0,1.0
circuit_975.jpg,514,600,0,2,-0.5611,0.0432,0.0253,0,1.0
circuit_975.jpg,226,607,0,2,-0.9601,0.0257,0.0253,0,1.0
circuit_975.jpg,519,644,0,2,-0.5081,0.0475,0.0253,0,1.0
circuit_975.jpg,997,676,0,2,-0.5525,0.0438,0.0253,0,1.0
circuit_975.jpg,755,731,0,1,-0.1372,0.1558,0.0253,0,1.0
circuit_975.jpg,634,736,0,2,-0.6641,0.0367,0.0253,0,1.0
circuit_975.jpg,762,780,0,2,-0.3594,0.0658,0.0253,0,1.0
circuit_975.jpg,517,802,0,2,-0.314,0.0746,0.0253,0,1.0
circuit_975.jpg,636,807,0,3,-0.1983,0.1133,0.0253,0,1.0
circuit_975.jpg,946,825,0,2,-0.3573,0.0662,0.0253,0,1.0
circuit_975.jpg,768,826,0,2,-0.1405,0.1527,0.0253,0,1.0
circuit_975.jpg,991,828,0,2,-0.1806,0.123,0.0253,0,1.0
circuit_975.jpg,589,866,0,3,-0.2524,0.0912,0.0253,0,1.0
circuit_979.jpg,875,105,0,2,0.0073,1.0075,0.9854,0,50.0
circuit_979.jpg,736,108,0,2,-0.9534,0.5083,-0.5321,0,50.0
circuit_979.jpg,628,112,0,3,-0.5426,0.6449,0.9854,0,50.0
circuit_979.jpg,462,113,0,2,-0.8442,0.5386,-0.0591,0,50.0
circuit_979.jpg,794,274,0,2,0.2114,1.2731,0.9854,0,50.0
circuit_979.jpg,876,277,0,3,0.1503,1.1799,0.9854,0,50.0
circuit_979.jpg,628,290,0,3,0.1667,1.2036,0.9854,0,50.0
circuit_979.jpg,531,292,0,2,-0.1407,0.8751,0.9854,0,50.0
circuit_979.jpg,227,304,0,3,-0.2299,0.8108,0.9854,0,50.0
circuit_979.jpg,628,310,0,1,-1.0002,0.4963,0.0788,0,50.0
circuit_979.jpg,592,420,0,3,0.3796,1.6266,0.9854,0,50.0
circuit_979.jpg,904,424,0,2,0.2184,1.2848,0.9854,0,50.0
circuit_979.jpg,828,437,0,2,0.1971,1.25,0.9854,0,50.0
circuit_979.jpg,857,439,0,3,-0.1006,0.9074,0.9854,0,50.0
circuit_979.jpg,127,450,0,2,-0.6307,0.6098,0.9854,0,50.0
circuit_979.jpg,204,454,0,3,-0.7959,0.5532,0.0788,0,50.0
circuit_979.jpg,348,454,0,2,0.3707,1.6031,0.9854,0,50.0
circuit_979.jpg,850,562,0,2,0.5179,2.1077,0.9854,0,50.0
circuit_979.jpg,352,566,0,2,-0.2089,0.8251,0.9854,0,50.0
circuit_979.jpg,594,568,0,4,0.6567,2.9979,0.9854,0,50.0
circuit_979.jpg,201,608,0,2,-0.812,0.5482,-0.4139,0,50.0
circuit_979.jpg,592,658,0,3,0.14,1.1656,0.9854,0,50.0
circuit_979.jpg,664,657,0,2,-0.2562,0.7937,0.9854,0,50.0
circuit_979.jpg,692,657,0,2,0.0577,1.0622,0.9854,0,50.0
circuit_979.jpg,197,714,0,3,0.2373,1.3172,0.9854,0,50.0
circuit_979.jpg,103,800,0,1,-0.7539,0.5666,0.0197,0,50.0
circuit_979.jpg,585,816,0,2,-0.2303,0.8106,0.9854,0,50.0
circuit_979.jpg,700,815,0,2,-0.0977,0.9098,0.9854,0,50.0
circuit_979.jpg,622,823,0,2,0.1784,1.221,0.9854,0,50.0
circuit_979.jpg,665,824,0,3,-0.4488,0.6871,0.9854,0,50.0
circuit_979.jpg,102,845,0,2,-0.6658,0.5968,0.9854,0,50.0
circuit_979.jpg,169,846,1,3,0.4214,1.7471,0.9854,0,50.0
circuit_979.jpg,778,876,0,2,0.0291,1.0304,0.9854,0,50.0
circuit_979.jpg,414,888,1,2,0.1353,1.1592,0.9854,0,50.0
circuit_979.jpg,194,892,1,2,0.1811,1.2251,0.9854,0,50.0
circuit_980.jpg,674,58,1,2,-0.3548,0.3983,0.2349,0,11.0
circuit_980.jpg,310,61,1,3,-0.4189,0.3592,0.2349,0,11.0
circuit_980.jpg,424,64,1,3,-0.3052,0.4349,0.2349,0,11.0
circuit_980.jpg,183,68,1,2,-0.9079,0.2055,0.2349,0,11.0
circuit_980.jpg,369,192,1,2,-0.3252,0.4194,0.2349,0,11.0
circuit_980.jpg,371,228,1,2,-0.4025,0.3685,0.2349,0,11.0
circuit_980.jpg,261,238,0,2,-0.2028,0.5366,0.2349,0,11.0
circuit_980.jpg,372,238,1,2,-0.4154,0.3612,0.2349,0,11.0
circuit_980.jpg,374,252,1,2,-0.2765,0.4593,0.2349,0,11.0
circuit_980.jpg,377,278,1,2,-0.4678,0.3343,0.2349,0,11.0
circuit_980.jpg,172,306,0,2,-0.6066,0.2791,0.2349,0,11.0
circuit_980.jpg,697,335,1,1,-0.3182,0.4246,0.2349,0,11.0
circuit_980.jpg,442,341,1,4,-0.0772,0.7527,0.2349,0,11.0
circuit_980.jpg,335,345,1,2,-0.5347,0.3052,0.2349,0,11.0
circuit_980.jpg,936,386,0,2,-0.4382,0.3489,0.2349,0,11.0
circuit_980.jpg,169,427,0,2,-0.5852,0.2864,0.2349,0,11.0
circuit_980.jpg,266,428,0,3,-0.6504,0.2653,0.2349,0,11.0
circuit_980.jpg,397,500,0,2,-0.4066,0.3661,0.2349,0,11.0
circuit_980.jpg,443,570,0,2,-0.2167,0.5201,0.2349,0,11.0
circuit_980.jpg,368,586,1,2,-0.6823,0.2561,0.2349,0,11.0
circuit_980.jpg,447,594,0,3,0.1318,2.2793,0.2349,0,11.0
circuit_980.jpg,694,598,0,3,-0.4785,0.3292,0.2349,0,11.0
circuit_980.jpg,366,610,1,3,-0.4045,0.3673,0.2349,0,11.0
circuit_980.jpg,332,613,1,2,-1.0284,0.1859,0.2135,0,11.0
circuit_980.jpg,294,615,1,2,-0.1078,0.6855,0.2349,0,11.0
circuit_980.jpg,448,620,0,2,-0.625,0.2731,0.2349,0,11.0
circuit_980.jpg,161,624,0,2,-0.157,0.5993,0.2349,0,11.0
circuit_980.jpg,376,641,1,2,-0.5774,0.2891,0.2349,0,11.0
circuit_980.jpg,295,642,1,2,-0.4121,0.363,0.2349,0,11.0
circuit_980.jpg,788,650,1,2,-0.775,0.2326,0.2349,0,11.0
circuit_980.jpg,854,651,1,2,-0.6253,0.273,0.2349,0,11.0
circuit_980.jpg,697,656,0,2,-0.4667,0.3348,0.2349,0,11.0
circuit_980.jpg,866,675,0,2,-0.5783,0.2888,0.2349,0,11.0
circuit_980.jpg,381,688,1,2,-0.4932,0.3226,0.2349,0,11.0
circuit_980.jpg,926,690,0,3,-0.1761,0.5714,0.2349,0,11.0
circuit_980.jpg,384,716,1,2,-0.4857,0.3259,0.2349,0,11.0
circuit_980.jpg,927,720,1,2,-0.4928,0.3227,0.2349,0,11.0
circuit_980.jpg,795,758,1,2,-0.7153,0.2472,0.2349,0,11.0
circuit_980.jpg,304,776,1,2,-0.4762,0.3303,0.2349,0,11.0
circuit_980.jpg,163,778,0,2,-0.2704,0.4648,0.2349,0,11.0
circuit_980.jpg,168,804,0,2,-0.6585,0.2629,0.2349,0,11.0
circuit_980.jpg,170,820,0,2,-0.4099,0.3642,0.2349,0,11.0
circuit_980.jpg,445,831,1,3,-0.5074,0.3164,0.2349,0,11.0
circuit_980.jpg,172,832,0,2,-0.667,0.2604,0.2349,0,11.0
circuit_980.jpg,420,832,1,2,-0.733,0.2426,0.2349,0,11.0
circuit_980.jpg,310,834,1,3,-0.4728,0.3319,0.2349,0,11.0
circuit_980.jpg,678,850,1,4,-0.1869,0.5568,0.2349,0,11.0
circuit_980.jpg,677,864,0,2,-0.6768,0.2576,0.2349,0,11.0
circuit_980.jpg,844,868,1,3,-0.7686,0.234,0.2349,0,11.0
circuit_986.jpg,217,396,1,2,-0.6757,0.1263,0.0977,0,4.0
circuit_986.jpg,420,410,1,3,-0.4476,0.1792,0.0977,0,4.0
circuit_986.jpg,628,416,1,2,-0.6144,0.1372,0.0977,0,4.0
circuit_986.jpg,218,553,1,2,-0.7519,0.115,0.0977,0,4.0
circuit_986.jpg,414,558,0,4,-0.5828,0.1436,0.0977,0,4.0
circuit_986.jpg,635,561,0,2,-0.5795,0.1443,0.0977,0,4.0
circuit_992.jpg,530,359,0,1,-0.4456,0.4907,0.4292,0,21.0
circuit_992.jpg,582,359,1,3,-0.0336,0.9274,0.4292,0,21.0
circuit_992.jpg,392,364,1,3,-0.2955,0.5923,0.4292,0,21.0
circuit_992.jpg,583,386,1,2,-0.1523,0.7381,0.4292,0,21.0
circuit_992.jpg,180,414,0,2,-0.6615,0.3935,0.4292,0,21.0
circuit_992.jpg,592,574,1,3,0.0399,1.1024,0.4292,0,21.0
circuit_992.jpg,390,580,1,3,-0.8097,0.3464,0.4292,0,21.0
circuit_992.jpg,500,582,1,2,-0.7869,0.3529,-0.327,0,21.0
circuit_995.jpg,560,324,0,2,-1.2769,0.0376,0.0498,0,2.0
circuit_995.jpg,738,325,0,3,-0.3825,0.1153,0.0498,0,2.0
circuit_995.jpg,127,327,0,2,-0.4905,0.0922,0.0498,0,2.0
circuit_995.jpg,532,327,1,3,-0.3594,0.1218,0.0498,0,2.0
circuit_995.jpg,893,328,0,2,-0.6721,0.069,0.0498,0,2.0
circuit_995.jpg,372,330,1,3,-0.345,0.1262,0.0498,0,2.0
circuit_995.jpg,534,374,1,2,-0.982,0.0483,0.0498,0,2.0
circuit_995.jpg,900,513,0,2,-0.3841,0.1149,0.0498,0,2.0
circuit_995.jpg,529,542,1,4,-0.3687,0.1191,0.0498,0,2.0
circuit_995.jpg,735,540,0,4,-0.2094,0.1922,0.0498,0,2.0
circuit_995.jpg,377,545,1,4,-0.2569,0.1625,0.0498,0,2.0
circuit_995.jpg,898,541,0,3,-0.31,0.1385,0.0498,0,2.0
circuit_995.jpg,930,546,0,2,-0.5327,0.0856,0.0498,0,2.0
circuit_995.jpg,941,548,0,2,-0.3909,0.1131,0.0498,0,2.0
circuit_995.jpg,125,554,0,4,-0.2513,0.1655,0.0498,0,2.0
circuit_995.jpg,884,736,0,2,-0.5772,0.0795,0.0498,0,2.0
circuit_995.jpg,934,744,0,2,-0.6469,0.0715,0.0498,0,2.0
circuit_995.jpg,391,746,1,2,-0.4261,0.1047,0.0498,0,2.0
circuit_995.jpg,931,757,0,1,-0.3771,0.1168,0.0498,0,2.0
circuit_995.jpg,527,779,0,3,-0.3177,0.1356,0.0498,0,2.0
circuit_995.jpg,732,776,1,3,-0.2695,0.1561,0.0498,0,2.0
circuit_995.jpg,882,778,0,2,-0.1514,0.2477,0.0498,0,2.0
circuit_995.jpg,395,781,1,3,-0.3828,0.1152,0.0498,0,2.0
circuit_995.jpg,287,786,0,2,-0.7409,0.063,0.0498,0,2.0
