image,comp_id,class,terminal,n_terminals,gt_net,pred_net,verdict,n_nodes_seen,pose,pose_dist_frac
circuit_1.jpg,0,V-AC,0,2,n2,n2,ok,2,pose2,0.0952
circuit_1.jpg,0,V-AC,1,2,0,0,ok,2,pose2,0.0952
circuit_1.jpg,1,MOSFET-N,0,3,n5,n3,swapped,3,pose6,0.1221
circuit_1.jpg,1,MOSFET-N,1,3,n3,0,swapped,3,pose6,0.1221
circuit_1.jpg,1,MOSFET-N,2,3,0,n5,swapped,3,pose6,0.1221
circuit_1.jpg,2,V-AC,0,2,n3,n3,ok,2,pose2,0.1011
circuit_1.jpg,2,V-AC,1,2,0,0,ok,2,pose2,0.1011
circuit_1.jpg,3,I-AC,0,2,n8,n8,ok,2,pose2,0.1025
circuit_1.jpg,3,I-AC,1,2,0,0,ok,2,pose2,0.1025
circuit_1.jpg,4,I-AC,0,2,n7,n7,ok,2,pose2,0.0983
circuit_1.jpg,4,I-AC,1,2,0,0,ok,2,pose2,0.0983
circuit_1.jpg,5,MOSFET-N,0,3,n1,n3,swapped,3,pose6,0.1594
circuit_1.jpg,5,MOSFET-N,1,3,n3,n4,swapped,3,pose6,0.1594
circuit_1.jpg,5,MOSFET-N,2,3,n4,n1,swapped,3,pose6,0.1594
circuit_1.jpg,6,MOSFET-P,0,3,n8,n6,swapped,3,pose6,0.1382
circuit_1.jpg,6,MOSFET-P,1,3,n6,0,swapped,3,pose6,0.1382
circuit_1.jpg,6,MOSFET-P,2,3,0,n8,swapped,3,pose6,0.1382
circuit_1.jpg,7,MOSFET-P,0,3,n7,n7,ok,3,pose2,0.1601
circuit_1.jpg,7,MOSFET-P,1,3,n6,n4,swapped,3,pose2,0.1601
circuit_1.jpg,7,MOSFET-P,2,3,n4,n6,swapped,3,pose2,0.1601
circuit_1.jpg,8,GND,0,1,0,0,ok,1,,
circuit_1.jpg,9,V-DC,0,2,n1,n1,ok,2,pose0,0.0899
circuit_1.jpg,9,V-DC,1,2,0,0,ok,2,pose0,0.0899
circuit_1.jpg,10,MOSFET-N,0,3,n1,n2,swapped,3,pose6,0.1527
circuit_1.jpg,10,MOSFET-N,1,3,n2,n4,swapped,3,pose6,0.1527
circuit_1.jpg,10,MOSFET-N,2,3,n4,n1,swapped,3,pose6,0.1527
circuit_1.jpg,11,GND,0,1,0,0,ok,1,,
circuit_1.jpg,12,Resistor,0,2,n5,n5,ok,2,pose0,0.1268
circuit_1.jpg,12,Resistor,1,2,n6,n6,ok,2,pose0,0.1268
circuit_1.jpg,13,MOSFET-N,0,3,n4,n2,swapped,3,pose6,0.1652
circuit_1.jpg,13,MOSFET-N,1,3,n2,n5,swapped,3,pose6,0.1652
circuit_1.jpg,13,MOSFET-N,2,3,n5,n4,swapped,3,pose6,0.1652
circuit_1.jpg,14,Zener Diode,0,2,n1,n2,swapped,2,pose4,0.1356
circuit_1.jpg,14,Zener Diode,1,2,n2,n1,swapped,2,pose4,0.1356
circuit_1016.jpg,0,V-DC,0,2,n1,n1,ok,2,pose0,0.1033
circuit_1016.jpg,0,V-DC,1,2,0,0,ok,2,pose0,0.1033
circuit_1016.jpg,1,MOSFET-P,0,3,n3,n3,ok,3,pose2,0.1634
circuit_1016.jpg,1,MOSFET-P,1,3,n6,n5,swapped,3,pose2,0.1634
circuit_1016.jpg,1,MOSFET-P,2,3,n5,n6,swapped,3,pose2,0.1634
circuit_1016.jpg,2,I-AC,0,2,n6,n6,ok,2,pose2,0.1059
circuit_1016.jpg,2,I-AC,1,2,0,0,ok,2,pose2,0.1059
circuit_1016.jpg,3,I-AC,0,2,n7,n7,ok,2,pose0,0.1029
circuit_1016.jpg,3,I-AC,1,2,0,0,ok,2,pose0,0.1029
circuit_1016.jpg,4,MOSFET-P,0,3,n1,n1,ok,3,pose2,0.1617
circuit_1016.jpg,4,MOSFET-P,1,3,n2,n3,swapped,3,pose2,0.1617
circuit_1016.jpg,4,MOSFET-P,2,3,n3,n2,swapped,3,pose2,0.1617
circuit_1016.jpg,5,MOSFET-P,0,3,n5,n7,swapped,3,pose6,0.1538
circuit_1016.jpg,5,MOSFET-P,1,3,n7,0,swapped,3,pose6,0.1538
circuit_1016.jpg,5,MOSFET-P,2,3,0,n5,swapped,3,pose6,0.1538
circuit_1016.jpg,6,V-AC,0,2,n3,n3,ok,2,pose2,0.1262
circuit_1016.jpg,6,V-AC,1,2,0,0,ok,2,pose2,0.1262
circuit_1016.jpg,7,MOSFET-N,0,3,n3,n2,swapped,3,pose6,0.1584
circuit_1016.jpg,7,MOSFET-N,1,3,n2,n4,swapped,3,pose6,0.1584
circuit_1016.jpg,7,MOSFET-N,2,3,n4,n3,swapped,3,pose6,0.1584
circuit_1016.jpg,8,MOSFET-N,0,3,n4,n3,swapped,3,pose6,0.1615
circuit_1016.jpg,8,MOSFET-N,1,3,n3,0,swapped,3,pose6,0.1615
circuit_1016.jpg,8,MOSFET-N,2,3,0,n4,swapped,3,pose6,0.1615
circuit_1016.jpg,9,V-AC,0,2,n2,n2,ok,2,pose2,0.1262
circuit_1016.jpg,9,V-AC,1,2,0,0,ok,2,pose2,0.1262
circuit_1016.jpg,10,GND,0,1,0,0,ok,1,,
circuit_1016.jpg,11,MOSFET-N,0,3,n1,n3,swapped,2,pose6,0.1566
circuit_1016.jpg,11,MOSFET-N,1,3,n3,n3,ok,2,pose6,0.1566
circuit_1016.jpg,11,MOSFET-N,2,3,n3,n1,swapped,2,pose6,0.1566
circuit_1016.jpg,12,GND,0,1,0,0,ok,1,,
circuit_1016.jpg,13,Resistor,0,2,n4,n4,ok,2,pose0,0.1337
circuit_1016.jpg,13,Resistor,1,2,n5,n5,ok,2,pose0,0.1337
circuit_1016.jpg,14,Zener Diode,0,2,n1,n2,swapped,2,pose4,0.1365
circuit_1016.jpg,14,Zener Diode,1,2,n2,n1,swapped,2,pose4,0.1365
circuit_1018.jpg,0,V-DC,0,2,0,n1,swapped,2,pose6,0.0985
circuit_1018.jpg,0,V-DC,1,2,n1,0,swapped,2,pose6,0.0985
circuit_1018.jpg,1,Capacitor,0,2,0,0,ok,2,pose0,0.157
circuit_1018.jpg,1,Capacitor,1,2,n2,n2,ok,2,pose0,0.157
circuit_1018.jpg,2,I-DC,0,2,0,n1,swapped,2,pose6,0.0977
circuit_1018.jpg,2,I-DC,1,2,n1,0,swapped,2,pose6,0.0977
circuit_1018.jpg,3,Resistor,0,2,n2,n2,ok,2,pose0,0.1115
circuit_1018.jpg,3,Resistor,1,2,n1,n1,ok,2,pose0,0.1115
circuit_1018.jpg,4,GND,0,1,0,0,ok,1,,
circuit_1018.jpg,5,Inductor,0,2,n1,n1,ok,2,pose0,0.1111
circuit_1018.jpg,5,Inductor,1,2,n2,n2,ok,2,pose0,0.1111
circuit_1076.jpg,0,Op-Amp,0,3,0,n6,swapped,3,pose3,0.1916
circuit_1076.jpg,0,Op-Amp,1,3,n5,0,swapped,3,pose3,0.1916
circuit_1076.jpg,0,Op-Amp,2,3,n6,n5,swapped,3,pose3,0.1916
circuit_1076.jpg,1,Op-Amp,0,3,0,n9,swapped,3,pose1,0.2027
circuit_1076.jpg,1,Op-Amp,1,3,n9,0,swapped,3,pose1,0.2027
circuit_1076.jpg,1,Op-Amp,2,3,n10,n10,ok,3,pose1,0.2027
circuit_1076.jpg,2,Resistor,0,2,n4,n4,ok,2,pose0,0.1125
circuit_1076.jpg,2,Resistor,1,2,n11,n11,ok,2,pose0,0.1125
circuit_1076.jpg,3,Op-Amp,0,3,0,n8,swapped,3,pose2,0.0945
circuit_1076.jpg,3,Op-Amp,1,3,n7,0,swapped,3,pose2,0.0945
circuit_1076.jpg,3,Op-Amp,2,3,n8,n7,swapped,3,pose2,0.0945
circuit_1076.jpg,4,Resistor,0,2,n10,n10,ok,2,pose0,0.1099
circuit_1076.jpg,4,Resistor,1,2,n11,n11,ok,2,pose0,0.1099
circuit_1076.jpg,5,Resistor,0,2,n2,n2,ok,2,pose0,0.1138
circuit_1076.jpg,5,Resistor,1,2,n3,n3,ok,2,pose0,0.1138
circuit_1076.jpg,6,V-DC,0,2,n1,0,swapped,2,pose6,0.0957
circuit_1076.jpg,6,V-DC,1,2,0,n1,swapped,2,pose6,0.0957
circuit_1076.jpg,7,Op-Amp,0,3,n6,n3,swapped,3,pose4,0.0934
circuit_1076.jpg,7,Op-Amp,1,3,n3,n4,swapped,3,pose4,0.0934
circuit_1076.jpg,7,Op-Amp,2,3,n4,n6,swapped,3,pose4,0.0934
circuit_1076.jpg,8,Inductor,0,2,n3,n3,ok,2,pose0,0.1161
circuit_1076.jpg,8,Inductor,1,2,n4,n4,ok,2,pose0,0.1161
circuit_1076.jpg,9,Resistor,0,2,n8,n8,ok,2,pose0,0.1148
circuit_1076.jpg,9,Resistor,1,2,n11,n11,ok,2,pose0,0.1148
circuit_1076.jpg,10,I-DC,0,2,n5,0,swapped,2,pose6,0.0992
circuit_1076.jpg,10,I-DC,1,2,0,n5,swapped,2,pose6,0.0992
circuit_1076.jpg,11,Inductor,0,2,n9,n9,ok,2,pose0,0.1176
circuit_1076.jpg,11,Inductor,1,2,n10,n10,ok,2,pose0,0.1176
circuit_1076.jpg,12,Op-Amp,0,3,0,n1,swapped,3,pose1,0.2085
circuit_1076.jpg,12,Op-Amp,1,3,n1,0,swapped,3,pose1,0.2085
circuit_1076.jpg,12,Op-Amp,2,3,n2,n2,ok,3,pose1,0.2085
circuit_1076.jpg,13,Resistor,0,2,n6,n6,ok,2,pose0,0.1207
circuit_1076.jpg,13,Resistor,1,2,n7,n7,ok,2,pose0,0.1207
circuit_1076.jpg,14,GND,0,1,0,0,ok,1,,
circuit_1076.jpg,15,Inductor,0,2,n5,n5,ok,2,pose0,0.1279
circuit_1076.jpg,15,Inductor,1,2,n6,n6,ok,2,pose0,0.1279
circuit_1076.jpg,16,GND,0,1,0,0,ok,1,,
circuit_1076.jpg,17,Capacitor,0,2,n1,n1,ok,2,pose2,0.1713
circuit_1076.jpg,17,Capacitor,1,2,n2,n2,ok,2,pose2,0.1713
circuit_1076.jpg,18,Capacitor,0,2,n7,n7,ok,2,pose2,0.1745
circuit_1076.jpg,18,Capacitor,1,2,n8,n8,ok,2,pose2,0.1745
circuit_1076.jpg,19,Capacitor,0,2,n6,n6,ok,2,pose0,0.1792
circuit_1076.jpg,19,Capacitor,1,2,n9,n9,ok,2,pose0,0.1792
circuit_1076.jpg,20,GND,0,1,0,0,ok,1,,
circuit_1076.jpg,21,GND,0,1,0,0,ok,1,,
circuit_1076.jpg,22,GND,0,1,0,0,ok,1,,
circuit_1076.jpg,23,GND,0,1,0,0,ok,1,,
circuit_1077.jpg,0,Resistor,0,2,n1,n1,ok,2,pose0,0.1114
circuit_1077.jpg,0,Resistor,1,2,n2,n2,ok,2,pose0,0.1114
circuit_1077.jpg,1,V-AC,0,2,n1,n1,ok,2,pose0,0.1171
circuit_1077.jpg,1,V-AC,1,2,0,0,ok,2,pose0,0.1171
circuit_1077.jpg,2,GND,0,1,0,0,ok,1,,
circuit_1077.jpg,3,Resistor,0,2,n2,n2,ok,2,pose0,0.1296
circuit_1077.jpg,3,Resistor,1,2,n3,n3,ok,2,pose0,0.1296
circuit_1077.jpg,4,Capacitor,0,2,n3,n3,ok,2,pose0,0.174
circuit_1077.jpg,4,Capacitor,1,2,0,0,ok,2,pose0,0.174
circuit_1077.jpg,5,Resistor,0,2,n2,n2,ok,2,pose0,0.1303
circuit_1077.jpg,5,Resistor,1,2,n4,n4,ok,2,pose0,0.1303
circuit_1077.jpg,6,Inductor,0,2,n4,n4,ok,2,pose0,0.1245
circuit_1077.jpg,6,Inductor,1,2,0,0,ok,2,pose0,0.1245
circuit_1079.jpg,0,BJT-PNP,0,3,0,0,ok,3,pose2,0.2276
circuit_1079.jpg,0,BJT-PNP,1,3,n7,n6,swapped,3,pose2,0.2276
circuit_1079.jpg,0,BJT-PNP,2,3,n6,n7,swapped,3,pose2,0.2276
circuit_1079.jpg,1,BJT-PNP,0,3,n8,n3,swapped,3,pose3,0.2196
circuit_1079.jpg,1,BJT-PNP,1,3,n6,n8,swapped,3,pose3,0.2196
circuit_1079.jpg,1,BJT-PNP,2,3,n3,n6,swapped,3,pose3,0.2196
circuit_1079.jpg,2,GND,0,1,0,0,ok,1,,
circuit_1079.jpg,3,BJT-PNP,0,3,n10,n10,ok,3,pose2,0.2157
circuit_1079.jpg,3,BJT-PNP,1,3,n11,n4,swapped,3,pose2,0.2157
circuit_1079.jpg,3,BJT-PNP,2,3,n4,n11,swapped,3,pose2,0.2157
circuit_1079.jpg,4,Diode,0,2,n12,n12,ok,2,pose0,0.1763
circuit_1079.jpg,4,Diode,1,2,n13,n13,ok,2,pose0,0.1763
circuit_1079.jpg,5,Resistor,0,2,n1,n1,ok,2,pose2,0.166
circuit_1079.jpg,5,Resistor,1,2,n2,n2,ok,2,pose2,0.166
circuit_1079.jpg,6,BJT-NPN,0,3,n5,n15,swapped,3,pose6,0.1518
circuit_1079.jpg,6,BJT-NPN,1,3,n15,0,swapped,3,pose6,0.1518
circuit_1079.jpg,6,BJT-NPN,2,3,0,n5,swapped,3,pose6,0.1518
circuit_1079.jpg,7,BJT-PNP,0,3,n15,n15,ok,3,pose2,0.1426
circuit_1079.jpg,7,BJT-PNP,1,3,n14,n5,swapped,3,pose2,0.1426
circuit_1079.jpg,7,BJT-PNP,2,3,n5,n14,swapped,3,pose2,0.1426
circuit_1079.jpg,8,BJT-NPN,0,3,n14,n10,swapped,3,pose6,0.1489
circuit_1079.jpg,8,BJT-NPN,1,3,n10,0,swapped,3,pose6,0.1489
circuit_1079.jpg,8,BJT-NPN,2,3,0,n14,swapped,3,pose6,0.1489
circuit_1079.jpg,9,Resistor,0,2,n7,n7,ok,2,pose2,0.1386
circuit_1079.jpg,9,Resistor,1,2,0,0,ok,2,pose2,0.1386
circuit_1079.jpg,10,Resistor,0,2,n2,n2,ok,2,pose2,0.1513
circuit_1079.jpg,10,Resistor,1,2,n3,n3,ok,2,pose2,0.1513
circuit_1079.jpg,11,Diode,0,2,n13,n13,ok,2,pose0,0.1708
circuit_1079.jpg,11,Diode,1,2,n14,n14,ok,2,pose0,0.1708
circuit_1079.jpg,12,V-DC (one port),0,1,n4,n4,ok,1,any,0.4084
circuit_1079.jpg,13,Resistor,0,2,n11,n11,ok,2,pose2,0.1465
circuit_1079.jpg,13,Resistor,1,2,0,0,ok,2,pose2,0.1465
circuit_1079.jpg,14,V-DC (one port),0,1,n1,n1,ok,1,any,0.3855
circuit_1079.jpg,15,V-DC (one port),0,1,n7,n7,ok,1,any,0.3899
circuit_1079.jpg,16,V-DC (one port),0,1,n2,n2,ok,1,any,0.3897
circuit_1079.jpg,17,Inductor,0,2,n4,n4,ok,2,pose0,0.1577
circuit_1079.jpg,17,Inductor,1,2,n5,n5,ok,2,pose0,0.1577
circuit_1079.jpg,18,BJT-NPN,0,3,n8,n9,swapped,3,pose6,0.1568
circuit_1079.jpg,18,BJT-NPN,1,3,n9,0,swapped,3,pose6,0.1568
circuit_1079.jpg,18,BJT-NPN,2,3,0,n8,swapped,3,pose6,0.1568
circuit_1079.jpg,19,BJT-NPN,0,3,n1,n12,swapped,3,pose6,0.1497
circuit_1079.jpg,19,BJT-NPN,1,3,n12,n5,swapped,3,pose6,0.1497
circuit_1079.jpg,19,BJT-NPN,2,3,n5,n1,swapped,3,pose6,0.1497
circuit_1079.jpg,20,BJT-NPN,0,3,n10,n9,swapped,3,pose6,0.1562
circuit_1079.jpg,20,BJT-NPN,1,3,n9,0,swapped,3,pose6,0.1562
circuit_1079.jpg,20,BJT-NPN,2,3,0,n10,swapped,3,pose6,0.1562
circuit_1079.jpg,21,V-DC (one port),0,1,n5,n5,ok,1,any,0.3792
circuit_1079.jpg,22,Resistor,0,2,n3,n3,ok,2,pose0,0.1694
circuit_1079.jpg,22,Resistor,1,2,n4,n4,ok,2,pose0,0.1694
circuit_1087.jpg,0,V-DC,0,2,n1,0,swapped,2,pose6,0.0977
circuit_1087.jpg,0,V-DC,1,2,0,n1,swapped,2,pose6,0.0977
circuit_1087.jpg,1,I-DC,0,2,n3,n3,ok,2,pose0,0.1004
circuit_1087.jpg,1,I-DC,1,2,n5,n5,ok,2,pose0,0.1004
circuit_1087.jpg,2,Capacitor,0,2,0,0,ok,2,pose0,0.1452
circuit_1087.jpg,2,Capacitor,1,2,n3,n3,ok,2,pose0,0.1452
circuit_1087.jpg,3,Resistor,0,2,n4,n4,ok,2,pose2,0.1096
circuit_1087.jpg,3,Resistor,1,2,n5,n5,ok,2,pose2,0.1096
circuit_1087.jpg,4,Inductor,0,2,n2,n2,ok,2,pose0,0.1106
circuit_1087.jpg,4,Inductor,1,2,n3,n3,ok,2,pose0,0.1106
circuit_1087.jpg,5,GND,0,1,0,0,ok,1,,
circuit_1087.jpg,6,Resistor,0,2,0,0,ok,2,pose0,0.1148
circuit_1087.jpg,6,Resistor,1,2,n1,n1,ok,2,pose0,0.1148
circuit_1087.jpg,7,Resistor,0,2,n1,n1,ok,2,pose0,0.1129
circuit_1087.jpg,7,Resistor,1,2,n2,n2,ok,2,pose0,0.1129
circuit_1087.jpg,8,Inductor,0,2,n3,n3,ok,2,pose0,0.1081
circuit_1087.jpg,8,Inductor,1,2,n4,n4,ok,2,pose0,0.1081
circuit_1093.jpg,0,Inductor,0,2,n6,n6,ok,2,pose0,0.1105
circuit_1093.jpg,0,Inductor,1,2,n7,n7,ok,2,pose0,0.1105
circuit_1093.jpg,1,Diode,0,2,n3,n4,swapped,2,pose4,0.1918
circuit_1093.jpg,1,Diode,1,2,n4,n3,swapped,2,pose4,0.1918
circuit_1093.jpg,2,Diode,0,2,n4,n4,ok,2,pose0,0.1555
circuit_1093.jpg,2,Diode,1,2,n7,n7,ok,2,pose0,0.1555
circuit_1093.jpg,3,Diode,0,2,n3,n3,ok,2,pose0,0.149
circuit_1093.jpg,3,Diode,1,2,n5,n5,ok,2,pose0,0.149
circuit_1093.jpg,4,Inductor,0,2,n2,n2,ok,2,pose0,0.1136
circuit_1093.jpg,4,Inductor,1,2,n3,n3,ok,2,pose0,0.1136
circuit_1093.jpg,5,Diode,0,2,n2,n2,ok,2,pose0,0.163
circuit_1093.jpg,5,Diode,1,2,n9,n9,ok,2,pose0,0.163
circuit_1093.jpg,6,Diode,0,2,n5,n5,ok,2,pose0,0.157
circuit_1093.jpg,6,Diode,1,2,n8,n8,ok,2,pose0,0.157
circuit_1093.jpg,7,I-DC,0,2,n1,0,swapped,2,pose6,0.1002
circuit_1093.jpg,7,I-DC,1,2,0,n1,swapped,2,pose6,0.1002
circuit_1093.jpg,8,Inductor,0,2,n4,n4,ok,2,pose0,0.1091
circuit_1093.jpg,8,Inductor,1,2,n5,n5,ok,2,pose0,0.1091
circuit_1093.jpg,9,V-DC,0,2,0,n6,swapped,2,pose6,0.1035
circuit_1093.jpg,9,V-DC,1,2,n6,0,swapped,2,pose6,0.1035
circuit_1093.jpg,10,Zener Diode,0,2,n4,n8,swapped,2,pose4,0.1394
circuit_1093.jpg,10,Zener Diode,1,2,n8,n4,swapped,2,pose4,0.1394
circuit_1093.jpg,11,Capacitor,0,2,n1,n1,ok,2,pose2,0.1773
circuit_1093.jpg,11,Capacitor,1,2,n2,n2,ok,2,pose2,0.1773
circuit_1093.jpg,12,Capacitor,0,2,0,0,ok,2,pose2,0.1859
circuit_1093.jpg,12,Capacitor,1,2,n4,n4,ok,2,pose2,0.1859
circuit_1093.jpg,13,GND,0,1,0,0,ok,1,,
circuit_1093.jpg,14,Capacitor,0,2,n7,n7,ok,2,pose2,0.175
circuit_1093.jpg,14,Capacitor,1,2,n8,n8,ok,2,pose2,0.175
circuit_1093.jpg,15,GND,0,1,0,0,ok,1,,
circuit_1093.jpg,16,Resistor,0,2,0,0,ok,2,pose2,0.1319
circuit_1093.jpg,16,Resistor,1,2,n5,n5,ok,2,pose2,0.1319
circuit_1093.jpg,17,Zener Diode,0,2,n2,n4,swapped,2,pose4,0.1341
circuit_1093.jpg,17,Zener Diode,1,2,n4,n2,swapped,2,pose4,0.1341
circuit_1093.jpg,18,Zener Diode,0,2,n9,n7,swapped,2,pose4,0.1567
circuit_1093.jpg,18,Zener Diode,1,2,n7,n9,swapped,2,pose4,0.1567
circuit_1094.jpg,0,I-DC,0,2,n1,n2,swapped,2,pose4,0.1059
circuit_1094.jpg,0,I-DC,1,2,n2,n1,swapped,2,pose4,0.1059
circuit_1094.jpg,1,V-DC,0,2,n3,n3,ok,2,pose0,0.0975
circuit_1094.jpg,1,V-DC,1,2,0,0,ok,2,pose0,0.0975
circuit_1094.jpg,2,Resistor,0,2,n2,n2,ok,2,pose0,0.1108
circuit_1094.jpg,2,Resistor,1,2,n3,n3,ok,2,pose0,0.1108
circuit_1094.jpg,3,GND,0,1,0,0,ok,1,,
circuit_1094.jpg,4,Capacitor,0,2,n3,n3,ok,2,pose0,0.1511
circuit_1094.jpg,4,Capacitor,1,2,0,0,ok,2,pose0,0.1511
circuit_1094.jpg,5,Inductor,0,2,n1,n1,ok,2,pose0,0.1017
circuit_1094.jpg,5,Inductor,1,2,0,0,ok,2,pose0,0.1017
circuit_1097.jpg,0,Capacitor,0,2,n4,n4,ok,2,pose0,0.1513
circuit_1097.jpg,0,Capacitor,1,2,n5,n5,ok,2,pose0,0.1513
circuit_1097.jpg,1,Inductor,0,2,n1,n1,ok,2,pose0,0.1069
circuit_1097.jpg,1,Inductor,1,2,n2,n2,ok,2,pose0,0.1069
circuit_1097.jpg,2,Resistor,0,2,n1,n1,ok,2,pose2,0.1077
circuit_1097.jpg,2,Resistor,1,2,n7,n7,ok,2,pose2,0.1077
circuit_1097.jpg,3,Resistor,0,2,n3,n3,ok,2,pose2,0.106
circuit_1097.jpg,3,Resistor,1,2,0,0,ok,2,pose2,0.106
circuit_1097.jpg,4,GND,0,1,0,0,ok,1,,
circuit_1097.jpg,5,Inductor,0,2,n6,n6,ok,2,pose0,0.1027
circuit_1097.jpg,5,Inductor,1,2,0,0,ok,2,pose0,0.1027
circuit_1097.jpg,6,V-AC,0,2,n3,n3,ok,2,pose2,0.0901
circuit_1097.jpg,6,V-AC,1,2,n4,n4,ok,2,pose2,0.0901
circuit_1097.jpg,7,Capacitor,0,2,n2,n2,ok,2,pose2,0.1413
circuit_1097.jpg,7,Capacitor,1,2,n3,n3,ok,2,pose2,0.1413
circuit_1097.jpg,8,I-AC,0,2,0,0,ok,2,pose0,0.0835
circuit_1097.jpg,8,I-AC,1,2,n5,n5,ok,2,pose0,0.0835
circuit_1097.jpg,9,Capacitor,0,2,n7,n7,ok,2,pose2,0.1539
circuit_1097.jpg,9,Capacitor,1,2,n6,n6,ok,2,pose2,0.1539
circuit_1121.jpg,0,I-DC,0,2,n1,n1,ok,2,pose7,0.1397
circuit_1121.jpg,0,I-DC,1,2,n2,n2,ok,2,pose7,0.1397
circuit_1121.jpg,1,Inductor,0,2,n2,n2,ok,2,pose0,0.1138
circuit_1121.jpg,1,Inductor,1,2,n3,n3,ok,2,pose0,0.1138
circuit_1121.jpg,2,Inductor,0,2,n5,n5,ok,2,pose2,0.1091
circuit_1121.jpg,2,Inductor,1,2,n3,n3,ok,2,pose2,0.1091
circuit_1121.jpg,3,Resistor,0,2,n3,n3,ok,2,pose0,0.1102
circuit_1121.jpg,3,Resistor,1,2,n4,n4,ok,2,pose0,0.1102
circuit_1121.jpg,4,Capacitor,0,2,0,0,ok,2,pose0,0.1578
circuit_1121.jpg,4,Capacitor,1,2,n5,n5,ok,2,pose0,0.1578
circuit_1121.jpg,5,GND,0,1,0,0,ok,1,,
circuit_1121.jpg,6,V-DC,0,2,n1,n4,swapped,2,pose6,0.1007
circuit_1121.jpg,6,V-DC,1,2,n4,n1,swapped,2,pose6,0.1007
circuit_1122.jpg,0,V-AC,0,2,n1,n1,ok,2,pose2,0.1117
circuit_1122.jpg,0,V-AC,1,2,0,0,ok,2,pose2,0.1117
circuit_1122.jpg,1,Zener Diode,0,2,n3,n4,swapped,2,pose4,0.1641
circuit_1122.jpg,1,Zener Diode,1,2,n4,n3,swapped,2,pose4,0.1641
circuit_1122.jpg,2,I-DC,0,2,0,n6,swapped,2,pose6,0.1049
circuit_1122.jpg,2,I-DC,1,2,n6,0,swapped,2,pose6,0.1049
circuit_1122.jpg,3,Zener Diode,0,2,n2,0,swapped,2,pose4,0.1524
circuit_1122.jpg,3,Zener Diode,1,2,0,n2,swapped,2,pose4,0.1524
circuit_1122.jpg,4,Inductor,0,2,n4,n4,ok,2,pose0,0.1511
circuit_1122.jpg,4,Inductor,1,2,n5,n5,ok,2,pose0,0.1511
circuit_1122.jpg,5,Inductor,0,2,n7,n7,ok,2,pose0,0.1339
circuit_1122.jpg,5,Inductor,1,2,n8,n8,ok,2,pose0,0.1339
circuit_1122.jpg,6,Capacitor,0,2,n2,n2,ok,2,pose2,0.2127
circuit_1122.jpg,6,Capacitor,1,2,n3,n3,ok,2,pose2,0.2127
circuit_1122.jpg,7,Inductor,0,2,n1,n1,ok,2,pose0,0.1377
circuit_1122.jpg,7,Inductor,1,2,n2,n2,ok,2,pose0,0.1377
circuit_1122.jpg,8,Diode,0,2,n4,n4,ok,2,pose0,0.1843
circuit_1122.jpg,8,Diode,1,2,n8,n8,ok,2,pose0,0.1843
circuit_1122.jpg,9,Diode,0,2,0,0,ok,2,pose0,0.18
circuit_1122.jpg,9,Diode,1,2,n7,n7,ok,2,pose0,0.18
circuit_1122.jpg,10,Resistor,0,2,n5,n5,ok,2,pose2,0.1298
circuit_1122.jpg,10,Resistor,1,2,0,0,ok,2,pose2,0.1298
circuit_1122.jpg,11,Capacitor,0,2,0,0,ok,2,pose2,0.2082
circuit_1122.jpg,11,Capacitor,1,2,n4,n4,ok,2,pose2,0.2082
circuit_1122.jpg,12,Zener Diode,0,2,n4,n7,swapped,2,pose4,0.1623
circuit_1122.jpg,12,Zener Diode,1,2,n7,n4,swapped,2,pose4,0.1623
circuit_1122.jpg,13,Diode,0,2,n2,n2,ok,2,pose0,0.1904
circuit_1122.jpg,13,Diode,1,2,n4,n4,ok,2,pose0,0.1904
circuit_1122.jpg,14,Diode,0,2,n5,n5,ok,2,pose0,0.1742
circuit_1122.jpg,14,Diode,1,2,n8,n8,ok,2,pose0,0.1742
circuit_1122.jpg,15,Diode,0,2,n3,n3,ok,2,pose0,0.1931
circuit_1122.jpg,15,Diode,1,2,n5,n5,ok,2,pose0,0.1931
circuit_1122.jpg,16,GND,0,1,0,0,ok,1,,
circuit_1122.jpg,17,Capacitor,0,2,n6,n6,ok,2,pose2,0.194
circuit_1122.jpg,17,Capacitor,1,2,n7,n7,ok,2,pose2,0.194
circuit_1122.jpg,18,GND,0,1,0,0,ok,1,,
circuit_1124.jpg,0,GND,0,1,0,0,ok,1,,
circuit_1124.jpg,1,GND,0,1,0,0,ok,1,,
circuit_1124.jpg,2,V-AC,0,2,0,0,ok,2,pose2,0.1055
circuit_1124.jpg,2,V-AC,1,2,n4,n4,ok,2,pose2,0.1055
circuit_1124.jpg,3,I-DC,0,2,n1,0,swapped,2,pose6,0.1093
circuit_1124.jpg,3,I-DC,1,2,0,n1,swapped,2,pose6,0.1093
circuit_1124.jpg,4,Inductor,0,2,n4,n4,ok,2,pose0,0.1131
circuit_1124.jpg,4,Inductor,1,2,n5,n5,ok,2,pose0,0.1131
circuit_1124.jpg,5,Inductor,0,2,n2,n2,ok,2,pose0,0.1143
circuit_1124.jpg,5,Inductor,1,2,n3,n3,ok,2,pose0,0.1143
circuit_1124.jpg,6,Inductor,0,2,n7,n7,ok,2,pose0,0.1143
circuit_1124.jpg,6,Inductor,1,2,n8,n8,ok,2,pose0,0.1143
circuit_1124.jpg,7,Capacitor,0,2,n1,n1,ok,2,pose2,0.1831
circuit_1124.jpg,7,Capacitor,1,2,n2,n2,ok,2,pose2,0.1831
circuit_1124.jpg,8,Capacitor,0,2,0,0,ok,2,pose2,0.1699
circuit_1124.jpg,8,Capacitor,1,2,n7,n7,ok,2,pose2,0.1699
circuit_1124.jpg,9,Capacitor,0,2,n5,n5,ok,2,pose2,0.1636
circuit_1124.jpg,9,Capacitor,1,2,n6,n6,ok,2,pose2,0.1636
circuit_1124.jpg,10,Diode,0,2,n2,n2,ok,2,pose0,0.1494
circuit_1124.jpg,10,Diode,1,2,0,0,ok,2,pose0,0.1494
circuit_1124.jpg,11,Diode,0,2,n7,n7,ok,2,pose0,0.1517
circuit_1124.jpg,11,Diode,1,2,n5,n5,ok,2,pose0,0.1517
circuit_1124.jpg,12,Diode,0,2,n3,n7,swapped,2,pose6,0.1486
circuit_1124.jpg,12,Diode,1,2,n7,n3,swapped,2,pose6,0.1486
circuit_1124.jpg,13,Diode,0,2,n8,n8,ok,2,pose0,0.1586
circuit_1124.jpg,13,Diode,1,2,n6,n6,ok,2,pose0,0.1586
circuit_1124.jpg,14,Diode,0,2,n3,n3,ok,2,pose0,0.158
circuit_1124.jpg,14,Diode,1,2,n8,n8,ok,2,pose0,0.158
circuit_1124.jpg,15,Zener Diode,0,2,n7,n6,swapped,2,pose4,0.1284
circuit_1124.jpg,15,Zener Diode,1,2,n6,n7,swapped,2,pose4,0.1284
circuit_1124.jpg,16,Zener Diode,0,2,0,n5,swapped,2,pose4,0.1376
circuit_1124.jpg,16,Zener Diode,1,2,n5,0,swapped,2,pose4,0.1376
circuit_1124.jpg,17,Zener Diode,0,2,n2,n7,swapped,2,pose4,0.1377
circuit_1124.jpg,17,Zener Diode,1,2,n7,n2,swapped,2,pose4,0.1377
circuit_1124.jpg,18,Resistor,0,2,0,0,ok,2,pose2,0.1178
circuit_1124.jpg,18,Resistor,1,2,n8,n8,ok,2,pose2,0.1178
circuit_1127.jpg,0,I-DC,0,2,n2,n3,swapped,2,pose4,0.1197
circuit_1127.jpg,0,I-DC,1,2,n3,n2,swapped,2,pose4,0.1197
circuit_1127.jpg,1,Resistor,0,2,n2,n2,ok,2,pose0,0.1336
circuit_1127.jpg,1,Resistor,1,2,n3,n3,ok,2,pose0,0.1336
circuit_1127.jpg,2,Resistor,0,2,n1,n1,ok,2,pose2,0.1288
circuit_1127.jpg,2,Resistor,1,2,n2,n2,ok,2,pose2,0.1288
circuit_1127.jpg,3,Resistor,0,2,0,0,ok,2,pose2,0.1292
circuit_1127.jpg,3,Resistor,1,2,n3,n3,ok,2,pose2,0.1292
circuit_1127.jpg,4,Capacitor,0,2,n1,n1,ok,2,pose0,0.1723
circuit_1127.jpg,4,Capacitor,1,2,n2,n2,ok,2,pose0,0.1723
circuit_1127.jpg,5,GND,0,1,0,0,ok,1,,
circuit_1127.jpg,6,V-DC,0,2,n1,n1,ok,2,pose0,0.1166
circuit_1127.jpg,6,V-DC,1,2,0,0,ok,2,pose0,0.1166
circuit_1127.jpg,7,Inductor,0,2,0,0,ok,2,pose2,0.1865
circuit_1127.jpg,7,Inductor,1,2,n3,n3,ok,2,pose2,0.1865
circuit_1133.jpg,0,V-DC,0,2,n3,n4,swapped,2,pose6,0.0993
circuit_1133.jpg,0,V-DC,1,2,n4,n3,swapped,2,pose6,0.0993
circuit_1133.jpg,1,V-AC,0,2,n1,n1,ok,2,pose2,0.0961
circuit_1133.jpg,1,V-AC,1,2,n2,n2,ok,2,pose2,0.0961
circuit_1133.jpg,2,V-AC,0,2,n2,n2,ok,2,pose2,0.0971
circuit_1133.jpg,2,V-AC,1,2,n3,n3,ok,2,pose2,0.0971
circuit_1133.jpg,3,Capacitor,0,2,n5,n5,ok,2,pose0,0.1566
circuit_1133.jpg,3,Capacitor,1,2,n7,n7,ok,2,pose0,0.1566
circuit_1133.jpg,4,V-DC,0,2,n7,n4,swapped,2,pose6,0.1119
circuit_1133.jpg,4,V-DC,1,2,n4,n7,swapped,2,pose6,0.1119
circuit_1133.jpg,5,Capacitor,0,2,n2,n2,ok,2,pose0,0.1606
circuit_1133.jpg,5,Capacitor,1,2,n4,n4,ok,2,pose0,0.1606
circuit_1133.jpg,6,Inductor,0,2,n1,n1,ok,2,pose2,0.1047
circuit_1133.jpg,6,Inductor,1,2,n2,n2,ok,2,pose2,0.1047
circuit_1133.jpg,7,Inductor,0,2,n1,n1,ok,2,pose2,0.108
circuit_1133.jpg,7,Inductor,1,2,n3,n3,ok,2,pose2,0.108
circuit_1133.jpg,8,I-DC,0,2,n4,n4,ok,2,pose2,0.0947
circuit_1133.jpg,8,I-DC,1,2,n7,n7,ok,2,pose2,0.0947
circuit_1133.jpg,9,Inductor,0,2,n1,n1,ok,2,pose2,0.1173
circuit_1133.jpg,9,Inductor,1,2,n6,n6,ok,2,pose2,0.1173
circuit_1133.jpg,10,Inductor,0,2,n1,n1,ok,2,pose2,0.1148
circuit_1133.jpg,10,Inductor,1,2,n5,n5,ok,2,pose2,0.1148
circuit_1133.jpg,11,Capacitor,0,2,n3,n3,ok,2,pose0,0.1598
circuit_1133.jpg,11,Capacitor,1,2,n4,n4,ok,2,pose0,0.1598
circuit_1133.jpg,12,Capacitor,0,2,n6,n6,ok,2,pose0,0.1838
circuit_1133.jpg,12,Capacitor,1,2,n4,n4,ok,2,pose0,0.1838
circuit_1134.jpg,0,I-AC,0,2,n1,n1,ok,2,pose2,0.1021
circuit_1134.jpg,0,I-AC,1,2,n2,n2,ok,2,pose2,0.1021
circuit_1134.jpg,1,V-AC,0,2,n2,n2,ok,2,pose2,0.1005
circuit_1134.jpg,1,V-AC,1,2,n3,n3,ok,2,pose2,0.1005
circuit_1134.jpg,2,Capacitor,0,2,0,0,ok,2,pose0,0.1559
circuit_1134.jpg,2,Capacitor,1,2,n1,n1,ok,2,pose0,0.1559
circuit_1134.jpg,3,V-DC,0,2,0,n6,swapped,2,pose6,0.104
circuit_1134.jpg,3,V-DC,1,2,n6,0,swapped,2,pose6,0.104
circuit_1134.jpg,4,V-DC,0,2,0,n1,swapped,2,pose6,0.1095
circuit_1134.jpg,4,V-DC,1,2,n1,0,swapped,2,pose6,0.1095
circuit_1134.jpg,5,I-DC,0,2,n6,n6,ok,2,pose2,0.0996
circuit_1134.jpg,5,I-DC,1,2,0,0,ok,2,pose2,0.0996
circuit_1134.jpg,6,GND,0,1,0,0,ok,1,,
circuit_1134.jpg,7,Inductor,0,2,n2,n2,ok,2,pose2,0.1243
circuit_1134.jpg,7,Inductor,1,2,n3,n3,ok,2,pose2,0.1243
circuit_1134.jpg,8,Inductor,0,2,n4,n4,ok,2,pose2,0.1198
circuit_1134.jpg,8,Inductor,1,2,n3,n3,ok,2,pose2,0.1198
circuit_1134.jpg,9,Inductor,0,2,n1,n1,ok,2,pose2,0.1132
circuit_1134.jpg,9,Inductor,1,2,n3,n3,ok,2,pose2,0.1132
circuit_1134.jpg,10,Inductor,0,2,n5,n5,ok,2,pose2,0.1148
circuit_1134.jpg,10,Inductor,1,2,n3,n3,ok,2,pose2,0.1148
circuit_1134.jpg,11,Capacitor,0,2,n6,n6,ok,2,pose0,0.1696
circuit_1134.jpg,11,Capacitor,1,2,n4,n4,ok,2,pose0,0.1696
circuit_1134.jpg,12,Capacitor,0,2,0,0,ok,2,pose0,0.1805
circuit_1134.jpg,12,Capacitor,1,2,n5,n5,ok,2,pose0,0.1805
circuit_1134.jpg,13,Capacitor,0,2,0,0,ok,2,pose0,0.1741
circuit_1134.jpg,13,Capacitor,1,2,n2,n2,ok,2,pose0,0.1741
circuit_1135.jpg,0,Resistor,0,2,n1,n1,ok,2,pose0,0.1178
circuit_1135.jpg,0,Resistor,1,2,n2,n2,ok,2,pose0,0.1178
circuit_1135.jpg,1,Inductor,0,2,n2,n2,ok,2,pose0,0.1161
circuit_1135.jpg,1,Inductor,1,2,n3,n3,ok,2,pose0,0.1161
circuit_1135.jpg,2,V-DC,0,2,0,n1,swapped,2,pose6,0.1223
circuit_1135.jpg,2,V-DC,1,2,n1,0,swapped,2,pose6,0.1223
circuit_1135.jpg,3,Resistor,0,2,0,0,ok,2,pose2,0.1405
circuit_1135.jpg,3,Resistor,1,2,n3,n3,ok,2,pose2,0.1405
circuit_1135.jpg,4,GND,0,1,0,0,ok,1,,
circuit_1135.jpg,5,Capacitor,0,2,0,0,ok,2,pose0,0.1668
circuit_1135.jpg,5,Capacitor,1,2,n3,n3,ok,2,pose0,0.1668
circuit_1145.jpg,0,Capacitor,0,2,n1,n1,ok,2,pose0,0.1746
circuit_1145.jpg,0,Capacitor,1,2,n2,n2,ok,2,pose0,0.1746
circuit_1145.jpg,1,Resistor,0,2,0,0,ok,2,pose2,0.1155
circuit_1145.jpg,1,Resistor,1,2,n1,n1,ok,2,pose2,0.1155
circuit_1145.jpg,2,I-AC,0,2,0,0,ok,2,pose0,0.1129
circuit_1145.jpg,2,I-AC,1,2,n1,n1,ok,2,pose0,0.1129
circuit_1145.jpg,3,GND,0,1,0,0,ok,1,,
circuit_1145.jpg,4,Inductor,0,2,0,0,ok,2,pose2,0.1208
circuit_1145.jpg,4,Inductor,1,2,n2,n2,ok,2,pose2,0.1208
circuit_1145.jpg,5,Resistor,0,2,n2,n2,ok,2,pose0,0.119
circuit_1145.jpg,5,Resistor,1,2,0,0,ok,2,pose0,0.119
circuit_1162.jpg,0,V-AC,0,2,n1,n1,ok,2,pose0,0.1094
circuit_1162.jpg,0,V-AC,1,2,n4,n4,ok,2,pose0,0.1094
circuit_1162.jpg,1,I-DC,0,2,n4,n7,swapped,2,pose4,0.1004
circuit_1162.jpg,1,I-DC,1,2,n7,n4,swapped,2,pose4,0.1004
circuit_1162.jpg,2,Diode,0,2,n3,n3,ok,2,pose0,0.1716
circuit_1162.jpg,2,Diode,1,2,n6,n6,ok,2,pose0,0.1716
circuit_1162.jpg,3,GND,0,1,0,0,ok,1,,
circuit_1162.jpg,4,Capacitor,0,2,,n4,gt_null,1,pose2,0.3633
circuit_1162.jpg,4,Capacitor,1,2,n4,n4,ok,1,pose2,0.3633
circuit_1162.jpg,5,Zener Diode,0,2,n3,n5,swapped,2,pose4,0.1564
circuit_1162.jpg,5,Zener Diode,1,2,n5,n3,swapped,2,pose4,0.1564
circuit_1162.jpg,6,Inductor,0,2,n1,n1,ok,2,pose0,0.1273
circuit_1162.jpg,6,Inductor,1,2,n2,n2,ok,2,pose0,0.1273
circuit_1162.jpg,7,Diode,0,2,n5,n5,ok,2,pose0,0.1716
circuit_1162.jpg,7,Diode,1,2,n8,n8,ok,2,pose0,0.1716
circuit_1162.jpg,8,Inductor,0,2,n5,n5,ok,2,pose0,0.1346
circuit_1162.jpg,8,Inductor,1,2,n6,n6,ok,2,pose0,0.1346
circuit_1162.jpg,9,Capacitor,0,2,n2,n2,ok,2,pose2,0.2114
circuit_1162.jpg,9,Capacitor,1,2,n3,n3,ok,2,pose2,0.2114
circuit_1162.jpg,10,Zener Diode,0,2,n2,n4,swapped,2,pose4,0.1536
circuit_1162.jpg,10,Zener Diode,1,2,n4,n2,swapped,2,pose4,0.1536
circuit_1162.jpg,11,Zener Diode,0,2,n5,n8,swapped,2,pose4,0.1545
circuit_1162.jpg,11,Zener Diode,1,2,n8,n5,swapped,2,pose4,0.1545
circuit_1162.jpg,12,Diode,0,2,n6,n6,ok,2,pose0,0.1703
circuit_1162.jpg,12,Diode,1,2,n8,n8,ok,2,pose0,0.1703
circuit_1162.jpg,13,Capacitor,0,2,n7,n7,ok,2,pose2,0.1808
circuit_1162.jpg,13,Capacitor,1,2,n8,n8,ok,2,pose2,0.1808
circuit_1162.jpg,14,Diode,0,2,n4,n4,ok,2,pose0,0.1638
circuit_1162.jpg,14,Diode,1,2,n8,n8,ok,2,pose0,0.1638
circuit_1162.jpg,15,Capacitor,0,2,n4,n4,ok,2,pose2,0.2043
circuit_1162.jpg,15,Capacitor,1,2,n5,n5,ok,2,pose2,0.2043
circuit_1162.jpg,16,Resistor,0,2,n6,n6,ok,2,pose2,0.1267
circuit_1162.jpg,16,Resistor,1,2,0,0,ok,2,pose2,0.1267
circuit_1162.jpg,17,Diode,0,2,n2,n2,ok,2,pose0,0.1659
circuit_1162.jpg,17,Diode,1,2,n5,n5,ok,2,pose0,0.1659
circuit_1166.jpg,0,Resistor,0,2,n8,n8,ok,2,pose0,0.1142
circuit_1166.jpg,0,Resistor,1,2,n15,n15,ok,2,pose0,0.1142
circuit_1166.jpg,1,Resistor,0,2,n5,n5,ok,2,pose0,0.1158
circuit_1166.jpg,1,Resistor,1,2,n8,n8,ok,2,pose0,0.1158
circuit_1166.jpg,2,BJT-PNP,0,3,n9,n9,ok,3,pose2,0.2456
circuit_1166.jpg,2,BJT-PNP,1,3,n10,n8,swapped,3,pose2,0.2456
circuit_1166.jpg,2,BJT-PNP,2,3,n8,n10,swapped,3,pose2,0.2456
circuit_1166.jpg,3,BJT-PNP,0,3,n3,n3,ok,3,pose2,0.2242
circuit_1166.jpg,3,BJT-PNP,1,3,n2,n5,swapped,3,pose2,0.2242
circuit_1166.jpg,3,BJT-PNP,2,3,n5,n2,swapped,3,pose2,0.2242
circuit_1166.jpg,4,BJT-NPN,0,3,n11,n9,swapped,3,pose6,0.1437
circuit_1166.jpg,4,BJT-NPN,1,3,n9,0,swapped,3,pose6,0.1437
circuit_1166.jpg,4,BJT-NPN,2,3,0,n11,swapped,3,pose6,0.1437
circuit_1166.jpg,5,BJT-PNP,0,3,n14,n14,ok,3,pose2,0.2338
circuit_1166.jpg,5,BJT-PNP,1,3,n11,n15,swapped,3,pose2,0.2338
circuit_1166.jpg,5,BJT-PNP,2,3,n15,n11,swapped,3,pose2,0.2338
circuit_1166.jpg,6,Diode,0,2,n11,n11,ok,2,pose0,0.1647
circuit_1166.jpg,6,Diode,1,2,n12,n12,ok,2,pose0,0.1647
circuit_1166.jpg,7,BJT-NPN,0,3,n15,n14,swapped,3,pose6,0.1353
circuit_1166.jpg,7,BJT-NPN,1,3,n14,0,swapped,3,pose6,0.1353
circuit_1166.jpg,7,BJT-NPN,2,3,0,n15,swapped,3,pose6,0.1353
circuit_1166.jpg,8,V-DC (one port),0,1,n15,n15,ok,1,any,0.3652
circuit_1166.jpg,9,Resistor,0,2,0,0,ok,2,pose2,0.1196
circuit_1166.jpg,9,Resistor,1,2,n10,n10,ok,2,pose2,0.1196
circuit_1166.jpg,10,Diode,0,2,n12,n12,ok,2,pose0,0.1639
circuit_1166.jpg,10,Diode,1,2,n13,n13,ok,2,pose0,0.1639
circuit_1166.jpg,11,V-DC (one port),0,1,n8,n8,ok,1,any,0.3674
circuit_1166.jpg,12,BJT-PNP,0,3,0,0,ok,3,pose2,0.2555
circuit_1166.jpg,12,BJT-PNP,1,3,n1,n2,swapped,3,pose2,0.2555
circuit_1166.jpg,12,BJT-PNP,2,3,n2,n1,swapped,3,pose2,0.2555
circuit_1166.jpg,13,V-DC (one port),0,1,n6,n6,ok,1,any,0.3582
circuit_1166.jpg,14,Resistor,0,2,n5,n5,ok,2,pose2,0.1284
circuit_1166.jpg,14,Resistor,1,2,n6,n6,ok,2,pose2,0.1284
circuit_1166.jpg,15,BJT-NPN,0,3,n9,n4,swapped,3,pose6,0.1501
circuit_1166.jpg,15,BJT-NPN,1,3,n4,0,swapped,3,pose6,0.1501
circuit_1166.jpg,15,BJT-NPN,2,3,0,n9,swapped,3,pose6,0.1501
circuit_1166.jpg,16,V-DC (one port),0,1,n7,n7,ok,1,any,0.3897
circuit_1166.jpg,17,Resistor,0,2,n6,n6,ok,2,pose2,0.1313
circuit_1166.jpg,17,Resistor,1,2,n7,n7,ok,2,pose2,0.1313
circuit_1166.jpg,18,GND,0,1,0,0,ok,1,,
circuit_1166.jpg,19,BJT-NPN,0,3,n7,n13,swapped,3,pose6,0.1556
circuit_1166.jpg,19,BJT-NPN,1,3,n13,n15,swapped,3,pose6,0.1556
circuit_1166.jpg,19,BJT-NPN,2,3,n15,n7,swapped,3,pose6,0.1556
circuit_1166.jpg,20,V-DC (one port),0,1,n1,n1,ok,1,any,0.403
circuit_1166.jpg,21,BJT-NPN,0,3,n3,n4,swapped,3,pose6,0.145
circuit_1166.jpg,21,BJT-NPN,1,3,n4,0,swapped,3,pose6,0.145
circuit_1166.jpg,21,BJT-NPN,2,3,0,n3,swapped,3,pose6,0.145
circuit_1166.jpg,22,Resistor,0,2,0,0,ok,2,pose2,0.1152
circuit_1166.jpg,22,Resistor,1,2,n1,n1,ok,2,pose2,0.1152
circuit_1172.jpg,0,GND,0,1,0,0,ok,1,,
circuit_1172.jpg,1,V-DC (one port),0,1,n1,n1,ok,1,any,0.3629
circuit_1172.jpg,2,V-DC (one port),0,1,n7,n7,ok,1,any,0.3697
circuit_1172.jpg,3,V-DC (one port),0,1,n6,n6,ok,1,any,0.377
circuit_1172.jpg,4,V-DC (one port),0,1,n8,n8,ok,1,any,0.3974
circuit_1172.jpg,5,V-DC (one port),0,1,n15,n15,ok,1,any,0.414
circuit_1172.jpg,6,Resistor,0,2,n6,n6,ok,2,pose2,0.1207
circuit_1172.jpg,6,Resistor,1,2,n7,n7,ok,2,pose2,0.1207
circuit_1172.jpg,7,Resistor,0,2,n5,n5,ok,2,pose2,0.1181
circuit_1172.jpg,7,Resistor,1,2,n6,n6,ok,2,pose2,0.1181
circuit_1172.jpg,8,Resistor,0,2,n5,n5,ok,2,pose0,0.117
circuit_1172.jpg,8,Resistor,1,2,n8,n8,ok,2,pose0,0.117
circuit_1172.jpg,9,Resistor,0,2,n8,n8,ok,2,pose0,0.1079
circuit_1172.jpg,9,Resistor,1,2,n15,n15,ok,2,pose0,0.1079
circuit_1172.jpg,10,Resistor,0,2,0,0,ok,2,pose2,0.1088
circuit_1172.jpg,10,Resistor,1,2,n1,n1,ok,2,pose2,0.1088
circuit_1172.jpg,11,Resistor,0,2,0,0,ok,2,pose2,0.1106
circuit_1172.jpg,11,Resistor,1,2,n10,n10,ok,2,pose2,0.1106
circuit_1172.jpg,12,Diode,0,2,n11,n11,ok,2,pose0,0.164
circuit_1172.jpg,12,Diode,1,2,n12,n12,ok,2,pose0,0.164
circuit_1172.jpg,13,Diode,0,2,n12,n12,ok,2,pose0,0.1535
circuit_1172.jpg,13,Diode,1,2,n13,n13,ok,2,pose0,0.1535
circuit_1172.jpg,14,BJT-PNP,0,3,n3,n3,ok,3,pose2,0.2163
circuit_1172.jpg,14,BJT-PNP,1,3,n2,n5,swapped,3,pose2,0.2163
circuit_1172.jpg,14,BJT-PNP,2,3,n5,n2,swapped,3,pose2,0.2163
circuit_1172.jpg,15,BJT-PNP,0,3,0,0,ok,3,pose2,0.2305
circuit_1172.jpg,15,BJT-PNP,1,3,n1,n2,swapped,3,pose2,0.2305
circuit_1172.jpg,15,BJT-PNP,2,3,n2,n1,swapped,3,pose2,0.2305
circuit_1172.jpg,16,BJT-NPN,0,3,n3,n4,swapped,3,pose6,0.125
circuit_1172.jpg,16,BJT-NPN,1,3,n4,0,swapped,3,pose6,0.125
circuit_1172.jpg,16,BJT-NPN,2,3,0,n3,swapped,3,pose6,0.125
circuit_1172.jpg,17,BJT-PNP,0,3,n9,n9,ok,3,pose2,0.208
circuit_1172.jpg,17,BJT-PNP,1,3,n10,n8,swapped,3,pose2,0.208
circuit_1172.jpg,17,BJT-PNP,2,3,n8,n10,swapped,3,pose2,0.208
circuit_1172.jpg,18,BJT-NPN,0,3,n9,n4,swapped,3,pose6,0.1356
circuit_1172.jpg,18,BJT-NPN,1,3,n4,0,swapped,3,pose6,0.1356
circuit_1172.jpg,18,BJT-NPN,2,3,0,n9,swapped,3,pose6,0.1356
circuit_1172.jpg,19,BJT-NPN,0,3,n11,n11,ok,3,pose2,0.1344
circuit_1172.jpg,19,BJT-NPN,1,3,n9,0,swapped,3,pose2,0.1344
circuit_1172.jpg,19,BJT-NPN,2,3,0,n9,swapped,3,pose2,0.1344
circuit_1172.jpg,20,BJT-PNP,0,3,n14,n14,ok,3,pose2,0.2309
circuit_1172.jpg,20,BJT-PNP,1,3,n11,n15,swapped,3,pose2,0.2309
circuit_1172.jpg,20,BJT-PNP,2,3,n15,n11,swapped,3,pose2,0.2309
circuit_1172.jpg,21,BJT-NPN,0,3,n15,n14,swapped,3,pose6,0.1341
circuit_1172.jpg,21,BJT-NPN,1,3,n14,0,swapped,3,pose6,0.1341
circuit_1172.jpg,21,BJT-NPN,2,3,0,n15,swapped,3,pose6,0.1341
circuit_1172.jpg,22,BJT-NPN,0,3,n7,n13,swapped,3,pose6,0.1265
circuit_1172.jpg,22,BJT-NPN,1,3,n13,n15,swapped,3,pose6,0.1265
circuit_1172.jpg,22,BJT-NPN,2,3,n15,n7,swapped,3,pose6,0.1265
circuit_1183.jpg,0,Resistor,0,2,n2,n2,ok,2,pose0,0.1168
circuit_1183.jpg,0,Resistor,1,2,n1,n1,ok,2,pose0,0.1168
circuit_1183.jpg,1,V-AC,0,2,0,0,ok,2,pose2,0.1101
circuit_1183.jpg,1,V-AC,1,2,n2,n2,ok,2,pose2,0.1101
circuit_1183.jpg,2,Capacitor,0,2,0,0,ok,2,pose0,0.1677
circuit_1183.jpg,2,Capacitor,1,2,n1,n1,ok,2,pose0,0.1677
circuit_1183.jpg,3,GND,0,1,0,0,ok,1,,
circuit_1183.jpg,4,Inductor,0,2,0,0,ok,2,pose2,0.1122
circuit_1183.jpg,4,Inductor,1,2,n1,n1,ok,2,pose2,0.1122
circuit_1183.jpg,5,Resistor,0,2,0,0,ok,2,pose2,0.118
circuit_1183.jpg,5,Resistor,1,2,n1,n1,ok,2,pose2,0.118
circuit_1194.jpg,0,Op-Amp,0,3,n8,n12,swapped,3,pose3,0.1939
circuit_1194.jpg,0,Op-Amp,1,3,n11,n8,swapped,3,pose3,0.1939
circuit_1194.jpg,0,Op-Amp,2,3,n12,n11,swapped,3,pose3,0.1939
circuit_1194.jpg,1,Op-Amp,0,3,0,n10,swapped,3,pose3,0.2157
circuit_1194.jpg,1,Op-Amp,1,3,n9,0,swapped,3,pose3,0.2157
circuit_1194.jpg,1,Op-Amp,2,3,n10,n9,swapped,3,pose3,0.2157
circuit_1194.jpg,2,Op-Amp,0,3,0,n2,swapped,3,pose3,0.2232
circuit_1194.jpg,2,Op-Amp,1,3,n1,0,swapped,3,pose3,0.2232
circuit_1194.jpg,2,Op-Amp,2,3,n2,n1,swapped,3,pose3,0.2232
circuit_1194.jpg,3,Op-Amp,0,3,0,n4,swapped,3,pose2,0.113
circuit_1194.jpg,3,Op-Amp,1,3,n3,0,swapped,3,pose2,0.113
circuit_1194.jpg,3,Op-Amp,2,3,n4,n3,swapped,3,pose2,0.113
circuit_1194.jpg,4,Op-Amp,0,3,0,n6,swapped,3,pose6,0.2178
circuit_1194.jpg,4,Op-Amp,1,3,n7,n7,ok,3,pose6,0.2178
circuit_1194.jpg,4,Op-Amp,2,3,n6,0,swapped,3,pose6,0.2178
circuit_1194.jpg,5,GND,0,1,0,0,ok,1,,
circuit_1194.jpg,6,GND,0,1,0,0,ok,1,,
circuit_1194.jpg,7,GND,0,1,0,0,ok,1,,
circuit_1194.jpg,8,GND,0,1,0,0,ok,1,,
circuit_1194.jpg,9,GND,0,1,0,0,ok,1,,
circuit_1194.jpg,10,GND,0,1,0,0,ok,1,,
circuit_1194.jpg,11,V-DC,0,2,0,n9,swapped,2,pose6,0.1027
circuit_1194.jpg,11,V-DC,1,2,n9,0,swapped,2,pose6,0.1027
circuit_1194.jpg,12,Capacitor,0,2,n9,n9,ok,2,pose2,0.1671
circuit_1194.jpg,12,Capacitor,1,2,n10,n10,ok,2,pose2,0.1671
circuit_1194.jpg,13,Capacitor,0,2,n3,n3,ok,3,pose2,0.1743
circuit_1194.jpg,13,Capacitor,1,2,n4,n4,ok,3,pose2,0.1743
circuit_1194.jpg,14,Capacitor,0,2,n8,n8,ok,2,pose2,0.1696
circuit_1194.jpg,14,Capacitor,1,2,n7,n7,ok,2,pose2,0.1696
circuit_1194.jpg,15,Resistor,0,2,n10,n10,ok,2,pose0,0.1222
circuit_1194.jpg,15,Resistor,1,2,n11,n11,ok,2,pose0,0.1222
circuit_1194.jpg,16,Resistor,0,2,n12,n12,ok,2,pose0,0.1172
circuit_1194.jpg,16,Resistor,1,2,n5,n5,ok,2,pose0,0.1172
circuit_1194.jpg,17,Resistor,0,2,n2,n2,ok,2,pose0,0.1155
circuit_1194.jpg,17,Resistor,1,2,n3,n3,ok,2,pose0,0.1155
circuit_1194.jpg,18,Resistor,0,2,n4,n4,ok,2,pose0,0.1187
circuit_1194.jpg,18,Resistor,1,2,n5,n5,ok,2,pose0,0.1187
circuit_1194.jpg,19,Resistor,0,2,n6,n6,ok,2,pose0,0.1186
circuit_1194.jpg,19,Resistor,1,2,n5,n5,ok,2,pose0,0.1186
circuit_1194.jpg,20,Inductor,0,2,n11,n11,ok,2,pose0,0.1215
circuit_1194.jpg,20,Inductor,1,2,n12,n12,ok,2,pose0,0.1215
circuit_1194.jpg,21,Inductor,0,2,n7,n7,ok,2,pose0,0.1226
circuit_1194.jpg,21,Inductor,1,2,n6,n6,ok,2,pose0,0.1226
circuit_1194.jpg,22,Inductor,0,2,n1,n1,ok,2,pose0,0.1234
circuit_1194.jpg,22,Inductor,1,2,n2,n2,ok,2,pose0,0.1234
circuit_1194.jpg,23,I-DC,0,2,0,n1,swapped,2,pose6,0.0998
circuit_1194.jpg,23,I-DC,1,2,n1,0,swapped,2,pose6,0.0998
circuit_1201.jpg,0,BJT-PNP,0,3,n8,n8,ok,3,pose2,0.2329
circuit_1201.jpg,0,BJT-PNP,1,3,n7,n3,swapped,3,pose2,0.2329
circuit_1201.jpg,0,BJT-PNP,2,3,n3,n7,swapped,3,pose2,0.2329
circuit_1201.jpg,1,BJT-NPN,0,3,n1,n9,swapped,3,pose6,0.1465
circuit_1201.jpg,1,BJT-NPN,1,3,n9,n5,swapped,3,pose6,0.1465
circuit_1201.jpg,1,BJT-NPN,2,3,n5,n1,swapped,3,pose6,0.1465
circuit_1201.jpg,2,BJT-PNP,0,3,0,0,ok,3,pose2,0.2254
circuit_1201.jpg,2,BJT-PNP,1,3,n6,n7,swapped,3,pose2,0.2254
circuit_1201.jpg,2,BJT-PNP,2,3,n7,n6,swapped,3,pose2,0.2254
circuit_1201.jpg,3,BJT-NPN,0,3,n11,n11,ok,2,pose2,0.1387
circuit_1201.jpg,3,BJT-NPN,1,3,0,0,ok,2,pose2,0.1387
circuit_1201.jpg,3,BJT-NPN,2,3,0,0,ok,2,pose2,0.1387
circuit_1201.jpg,4,Resistor,0,2,n6,n6,ok,2,pose2,0.1264
circuit_1201.jpg,4,Resistor,1,2,0,0,ok,2,pose2,0.1264
circuit_1201.jpg,5,V-DC (one port),0,1,n5,n5,ok,1,any,0.3519
circuit_1201.jpg,6,BJT-PNP,0,3,n12,n12,ok,3,pose2,0.2344
circuit_1201.jpg,6,BJT-PNP,1,3,n11,n5,swapped,3,pose2,0.2344
circuit_1201.jpg,6,BJT-PNP,2,3,n5,n11,swapped,3,pose2,0.2344
circuit_1201.jpg,7,GND,0,1,0,0,ok,1,,
circuit_1201.jpg,8,Diode,0,2,n9,n9,ok,2,pose0,0.1717
circuit_1201.jpg,8,Diode,1,2,n10,n10,ok,2,pose0,0.1717
circuit_1201.jpg,9,V-DC (one port),0,1,n2,n2,ok,1,any,0.3744
circuit_1201.jpg,10,Resistor,0,2,n4,n4,ok,2,pose0,0.1265
circuit_1201.jpg,10,Resistor,1,2,n5,n5,ok,2,pose0,0.1265
circuit_1201.jpg,11,BJT-PNP,0,3,0,0,ok,3,pose2,0.2349
circuit_1201.jpg,11,BJT-PNP,1,3,n13,n4,swapped,3,pose2,0.2349
circuit_1201.jpg,11,BJT-PNP,2,3,n4,n13,swapped,3,pose2,0.2349
circuit_1201.jpg,12,BJT-NPN,0,3,n8,0,swapped,2,pose6,0.1368
circuit_1201.jpg,12,BJT-NPN,1,3,0,0,ok,2,pose6,0.1368
circuit_1201.jpg,12,BJT-NPN,2,3,0,n8,swapped,2,pose6,0.1368
circuit_1201.jpg,13,Resistor,0,2,n2,n2,ok,2,pose2,0.1254
circuit_1201.jpg,13,Resistor,1,2,n3,n3,ok,2,pose2,0.1254
circuit_1201.jpg,14,V-DC (one port),0,1,n4,n4,ok,1,any,0.3378
circuit_1201.jpg,15,Resistor,0,2,n3,n3,ok,2,pose0,0.1257
circuit_1201.jpg,15,Resistor,1,2,n4,n4,ok,2,pose0,0.1257
circuit_1201.jpg,16,Resistor,0,2,n1,n1,ok,2,pose2,0.1285
circuit_1201.jpg,16,Resistor,1,2,n2,n2,ok,2,pose2,0.1285
circuit_1201.jpg,17,Diode,0,2,n10,n10,ok,2,pose0,0.1785
circuit_1201.jpg,17,Diode,1,2,n11,n11,ok,2,pose0,0.1785
circuit_1201.jpg,18,BJT-NPN,0,3,n5,n12,swapped,3,pose6,0.1471
circuit_1201.jpg,18,BJT-NPN,1,3,n12,0,swapped,3,pose6,0.1471
circuit_1201.jpg,18,BJT-NPN,2,3,0,n5,swapped,3,pose6,0.1471
circuit_1201.jpg,19,V-DC (one port),0,1,n1,n1,ok,1,any,0.3405
circuit_1201.jpg,20,Resistor,0,2,n13,n13,ok,2,pose2,0.1257
circuit_1201.jpg,20,Resistor,1,2,0,0,ok,2,pose2,0.1257
circuit_1201.jpg,21,V-DC (one port),0,1,n6,n6,ok,1,any,0.3576
circuit_1202.jpg,0,I-DC,0,2,n2,0,swapped,2,pose4,0.0857
circuit_1202.jpg,0,I-DC,1,2,0,n2,swapped,2,pose4,0.0857
circuit_1202.jpg,1,Capacitor,0,2,n2,n2,ok,2,pose0,0.1551
circuit_1202.jpg,1,Capacitor,1,2,0,0,ok,2,pose0,0.1551
circuit_1202.jpg,2,Resistor,0,2,n2,n2,ok,2,pose2,0.1075
circuit_1202.jpg,2,Resistor,1,2,0,0,ok,2,pose2,0.1075
circuit_1202.jpg,3,Resistor,0,2,n1,n1,ok,2,pose0,0.1113
circuit_1202.jpg,3,Resistor,1,2,n2,n2,ok,2,pose0,0.1113
circuit_1202.jpg,4,Inductor,0,2,n2,n2,ok,2,pose2,0.1032
circuit_1202.jpg,4,Inductor,1,2,0,0,ok,2,pose2,0.1032
circuit_1202.jpg,5,GND,0,1,0,0,ok,1,,
circuit_1202.jpg,6,V-DC,0,2,n1,0,swapped,2,pose4,0.086
circuit_1202.jpg,6,V-DC,1,2,0,n1,swapped,2,pose4,0.086
circuit_1203.jpg,0,Resistor,0,2,n1,n1,ok,2,pose0,0.1267
circuit_1203.jpg,0,Resistor,1,2,n2,n2,ok,2,pose0,0.1267
circuit_1203.jpg,1,V-AC,0,2,n1,n1,ok,2,pose0,0.1098
circuit_1203.jpg,1,V-AC,1,2,0,0,ok,2,pose0,0.1098
circuit_1203.jpg,2,Inductor,0,2,n2,n2,ok,2,pose2,0.123
circuit_1203.jpg,2,Inductor,1,2,0,0,ok,2,pose2,0.123
circuit_1203.jpg,3,V-AC,0,2,n2,n2,ok,2,pose0,0.119
circuit_1203.jpg,3,V-AC,1,2,n3,n3,ok,2,pose0,0.119
circuit_1203.jpg,4,Capacitor,0,2,n3,n3,ok,2,pose0,0.1759
circuit_1203.jpg,4,Capacitor,1,2,0,0,ok,2,pose0,0.1759
circuit_1203.jpg,5,GND,0,1,0,0,ok,1,,
circuit_1203.jpg,6,Resistor,0,2,n3,n3,ok,2,pose2,0.1151
circuit_1203.jpg,6,Resistor,1,2,0,0,ok,2,pose2,0.1151
circuit_1204.jpg,0,V-DC,0,2,0,0,ok,2,pose0,0.0992
circuit_1204.jpg,0,V-DC,1,2,n1,n1,ok,2,pose0,0.0992
circuit_1204.jpg,1,I-DC,0,2,n2,n3,swapped,2,pose4,0.0965
circuit_1204.jpg,1,I-DC,1,2,n3,n2,swapped,2,pose4,0.0965
circuit_1204.jpg,2,Inductor,0,2,n1,n1,ok,2,pose0,0.1131
circuit_1204.jpg,2,Inductor,1,2,n2,n2,ok,2,pose0,0.1131
circuit_1204.jpg,3,Capacitor,0,2,0,0,ok,2,pose0,0.1686
circuit_1204.jpg,3,Capacitor,1,2,n2,n2,ok,2,pose0,0.1686
circuit_1204.jpg,4,GND,0,1,0,0,ok,1,,
circuit_1204.jpg,5,Resistor,0,2,n1,n1,ok,2,pose0,0.1078
circuit_1204.jpg,5,Resistor,1,2,n2,n2,ok,2,pose0,0.1078
circuit_1204.jpg,6,Resistor,0,2,0,0,ok,2,pose2,0.1102
circuit_1204.jpg,6,Resistor,1,2,n3,n3,ok,2,pose2,0.1102
circuit_1205.jpg,0,V-DC,0,2,n1,0,swapped,2,pose4,0.0943
circuit_1205.jpg,0,V-DC,1,2,0,n1,swapped,2,pose4,0.0943
circuit_1205.jpg,1,I-DC,0,2,n3,n3,ok,2,pose0,0.0904
circuit_1205.jpg,1,I-DC,1,2,0,0,ok,2,pose0,0.0904
circuit_1205.jpg,2,Inductor,0,2,n2,n2,ok,2,pose0,0.108
circuit_1205.jpg,2,Inductor,1,2,n3,n3,ok,2,pose0,0.108
circuit_1205.jpg,3,GND,0,1,0,0,ok,1,,
circuit_1205.jpg,4,Resistor,0,2,n1,n1,ok,2,pose0,0.1101
circuit_1205.jpg,4,Resistor,1,2,n2,n2,ok,2,pose0,0.1101
circuit_1205.jpg,5,Capacitor,0,2,n2,n2,ok,2,pose0,0.156
circuit_1205.jpg,5,Capacitor,1,2,0,0,ok,2,pose0,0.156
circuit_1209.jpg,0,V-AC,0,2,n1,n1,ok,2,pose0,0.0979
circuit_1209.jpg,0,V-AC,1,2,n2,n2,ok,2,pose0,0.0979
circuit_1209.jpg,1,V-DC,0,2,n3,n3,ok,2,pose0,0.1045
circuit_1209.jpg,1,V-DC,1,2,n6,n6,ok,2,pose0,0.1045
circuit_1209.jpg,2,I-AC,0,2,n2,n2,ok,2,pose0,0.1009
circuit_1209.jpg,2,I-AC,1,2,n3,n3,ok,2,pose0,0.1009
circuit_1209.jpg,3,I-DC,0,2,n6,0,swapped,2,pose4,0.0989
circuit_1209.jpg,3,I-DC,1,2,0,n6,swapped,2,pose4,0.0989
circuit_1209.jpg,4,Capacitor,0,2,n2,n2,ok,2,pose0,0.1674
circuit_1209.jpg,4,Capacitor,1,2,n6,n6,ok,2,pose0,0.1674
circuit_1209.jpg,5,Capacitor,0,2,n3,n3,ok,2,pose0,0.1618
circuit_1209.jpg,5,Capacitor,1,2,n6,n6,ok,2,pose0,0.1618
circuit_1209.jpg,6,Capacitor,0,2,n4,n4,ok,2,pose0,0.1622
circuit_1209.jpg,6,Capacitor,1,2,0,0,ok,2,pose0,0.1622
circuit_1209.jpg,7,Inductor,0,2,n1,n1,ok,2,pose2,0.1176
circuit_1209.jpg,7,Inductor,1,2,n3,n3,ok,2,pose2,0.1176
circuit_1209.jpg,8,Inductor,0,2,n1,n1,ok,2,pose2,0.1188
circuit_1209.jpg,8,Inductor,1,2,n4,n4,ok,2,pose2,0.1188
circuit_1209.jpg,9,Inductor,0,2,n1,n1,ok,2,pose2,0.1134
circuit_1209.jpg,9,Inductor,1,2,n2,n2,ok,2,pose2,0.1134
circuit_1209.jpg,10,GND,0,1,0,0,ok,1,,
circuit_1209.jpg,11,Capacitor,0,2,n5,n5,ok,2,pose0,0.1723
circuit_1209.jpg,11,Capacitor,1,2,n6,n6,ok,2,pose0,0.1723
circuit_1209.jpg,12,V-DC,0,2,0,0,ok,2,pose0,0.1019
circuit_1209.jpg,12,V-DC,1,2,n6,n6,ok,2,pose0,0.1019
circuit_1209.jpg,13,Inductor,0,2,n1,n1,ok,2,pose2,0.1198
circuit_1209.jpg,13,Inductor,1,2,n5,n5,ok,2,pose2,0.1198
circuit_1233.jpg,0,I-AC,0,2,n8,n8,ok,2,pose2,0.0961
circuit_1233.jpg,0,I-AC,1,2,0,0,ok,2,pose2,0.0961
circuit_1233.jpg,1,I-AC,0,2,n7,n7,ok,2,pose0,0.1014
circuit_1233.jpg,1,I-AC,1,2,0,0,ok,2,pose0,0.1014
circuit_1233.jpg,2,MOSFET-P,0,3,n6,n6,ok,3,pose0,0.1411
circuit_1233.jpg,2,MOSFET-P,1,3,n8,0,swapped,3,pose0,0.1411
circuit_1233.jpg,2,MOSFET-P,2,3,0,n8,swapped,3,pose0,0.1411
circuit_1233.jpg,3,MOSFET-N,0,3,n1,n4,swapped,3,pose6,0.1594
circuit_1233.jpg,3,MOSFET-N,1,3,n4,n3,swapped,3,pose6,0.1594
circuit_1233.jpg,3,MOSFET-N,2,3,n3,n1,swapped,3,pose6,0.1594
circuit_1233.jpg,4,V-AC,0,2,n2,n2,ok,2,pose0,0.0932
circuit_1233.jpg,4,V-AC,1,2,0,0,ok,2,pose0,0.0932
circuit_1233.jpg,5,Resistor,0,2,n5,n5,ok,2,pose0,0.1192
circuit_1233.jpg,5,Resistor,1,2,n6,n6,ok,2,pose0,0.1192
circuit_1233.jpg,6,MOSFET-N,0,3,n1,n2,swapped,3,pose4,0.1531
circuit_1233.jpg,6,MOSFET-N,1,3,n2,n3,swapped,3,pose4,0.1531
circuit_1233.jpg,6,MOSFET-N,2,3,n3,n1,swapped,3,pose4,0.1531
circuit_1233.jpg,7,V-AC,0,2,n4,n4,ok,2,pose0,0.0986
circuit_1233.jpg,7,V-AC,1,2,0,0,ok,2,pose0,0.0986
circuit_1233.jpg,8,V-DC,0,2,n1,n1,ok,2,pose0,0.093
circuit_1233.jpg,8,V-DC,1,2,0,0,ok,2,pose0,0.093
circuit_1233.jpg,9,MOSFET-P,0,3,n3,n3,ok,3,pose0,0.2696
circuit_1233.jpg,9,MOSFET-P,1,3,n7,n6,swapped,3,pose0,0.2696
circuit_1233.jpg,9,MOSFET-P,2,3,n6,n7,swapped,3,pose0,0.2696
circuit_1233.jpg,10,GND,0,1,0,0,ok,1,,
circuit_1233.jpg,11,GND,0,1,0,0,ok,1,,
circuit_1233.jpg,12,MOSFET-N,0,3,n3,n2,swapped,3,pose6,0.1603
circuit_1233.jpg,12,MOSFET-N,1,3,n2,n5,swapped,3,pose6,0.1603
circuit_1233.jpg,12,MOSFET-N,2,3,n5,n3,swapped,3,pose6,0.1603
circuit_1233.jpg,13,MOSFET-N,0,3,n5,n4,swapped,3,pose6,0.1655
circuit_1233.jpg,13,MOSFET-N,1,3,n4,0,swapped,3,pose6,0.1655
circuit_1233.jpg,13,MOSFET-N,2,3,0,n5,swapped,3,pose6,0.1655
circuit_1233.jpg,14,Zener Diode,0,2,n1,n2,swapped,2,pose4,0.1329
circuit_1233.jpg,14,Zener Diode,1,2,n2,n1,swapped,2,pose4,0.1329
circuit_1239.jpg,0,Resistor,0,2,n1,n1,ok,2,pose2,0.1213
circuit_1239.jpg,0,Resistor,1,2,n2,n2,ok,2,pose2,0.1213
circuit_1239.jpg,1,Resistor,0,2,n1,n1,ok,2,pose1,0.1906
circuit_1239.jpg,1,Resistor,1,2,n3,n3,ok,2,pose1,0.1906
circuit_1239.jpg,2,Resistor,0,2,n1,n1,ok,2,pose2,0.1289
circuit_1239.jpg,2,Resistor,1,2,n4,n4,ok,2,pose2,0.1289
circuit_1239.jpg,3,V-DC,0,2,n2,n2,ok,2,pose0,0.1214
circuit_1239.jpg,3,V-DC,1,2,n3,n3,ok,2,pose0,0.1214
circuit_1239.jpg,4,V-DC,0,2,n3,n3,ok,2,pose0,0.112
circuit_1239.jpg,4,V-DC,1,2,n4,n4,ok,2,pose0,0.112
circuit_1239.jpg,5,Capacitor,0,2,n3,n3,ok,2,pose0,0.1751
circuit_1239.jpg,5,Capacitor,1,2,0,0,ok,2,pose0,0.1751
circuit_1239.jpg,6,Inductor,0,2,n2,n2,ok,2,pose2,0.1183
circuit_1239.jpg,6,Inductor,1,2,0,0,ok,2,pose2,0.1183
circuit_1239.jpg,7,GND,0,1,0,0,ok,1,,
circuit_1239.jpg,8,I-DC,0,2,n4,0,swapped,2,pose4,0.205
circuit_1239.jpg,8,I-DC,1,2,0,n4,swapped,2,pose4,0.205
circuit_1241.jpg,0,BJT-PNP,0,3,n9,n9,ok,3,pose2,0.1308
circuit_1241.jpg,0,BJT-PNP,1,3,n10,n7,swapped,3,pose2,0.1308
circuit_1241.jpg,0,BJT-PNP,2,3,n7,n10,swapped,3,pose2,0.1308
circuit_1241.jpg,1,BJT-PNP,0,3,n5,n4,swapped,3,pose3,0.2159
circuit_1241.jpg,1,BJT-PNP,1,3,n4,n5,swapped,3,pose3,0.2159
circuit_1241.jpg,1,BJT-PNP,2,3,n3,n3,ok,3,pose3,0.2159
circuit_1241.jpg,2,Resistor,0,2,n1,n1,ok,2,pose2,0.1119
circuit_1241.jpg,2,Resistor,1,2,n10,n10,ok,2,pose2,0.1119
circuit_1241.jpg,3,BJT-NPN,0,3,n8,n14,swapped,3,pose6,0.1377
circuit_1241.jpg,3,BJT-NPN,1,3,n14,n1,swapped,3,pose6,0.1377
circuit_1241.jpg,3,BJT-NPN,2,3,n1,n8,swapped,3,pose6,0.1377
circuit_1241.jpg,4,Resistor,0,2,n1,n1,ok,2,pose2,0.1111
circuit_1241.jpg,4,Resistor,1,2,n4,n4,ok,2,pose2,0.1111
circuit_1241.jpg,5,Resistor,0,2,n5,n5,ok,2,pose0,0.1365
circuit_1241.jpg,5,Resistor,1,2,n7,n7,ok,2,pose0,0.1365
circuit_1241.jpg,6,Diode,0,2,n12,n12,ok,2,pose0,0.1611
circuit_1241.jpg,6,Diode,1,2,n13,n13,ok,2,pose0,0.1611
circuit_1241.jpg,7,Resistor,0,2,n5,n5,ok,2,pose2,0.135
circuit_1241.jpg,7,Resistor,1,2,n4,n4,ok,2,pose2,0.135
circuit_1241.jpg,8,BJT-NPN,0,3,n11,n9,swapped,3,pose6,0.1458
circuit_1241.jpg,8,BJT-NPN,1,3,n9,n1,swapped,3,pose6,0.1458
circuit_1241.jpg,8,BJT-NPN,2,3,n1,n11,swapped,3,pose6,0.1458
circuit_1241.jpg,9,BJT-NPN,0,3,n3,n2,swapped,3,pose6,0.1299
circuit_1241.jpg,9,BJT-NPN,1,3,n2,n1,swapped,3,pose6,0.1299
circuit_1241.jpg,9,BJT-NPN,2,3,n1,n3,swapped,3,pose6,0.1299
circuit_1241.jpg,10,Resistor,0,2,n7,n7,ok,2,pose0,0.1415
circuit_1241.jpg,10,Resistor,1,2,n8,n8,ok,2,pose0,0.1415
circuit_1241.jpg,11,Diode,0,2,n11,n12,swapped,2,pose6,0.1574
circuit_1241.jpg,11,Diode,1,2,n12,n11,swapped,2,pose6,0.1574
circuit_1241.jpg,12,Resistor,0,2,n4,n4,ok,2,pose2,0.1327
circuit_1241.jpg,12,Resistor,1,2,n6,n6,ok,2,pose2,0.1327
circuit_1241.jpg,13,V-DC (one port),0,1,n7,n7,ok,1,any,0.3677
circuit_1241.jpg,14,BJT-NPN,0,3,n9,n2,swapped,3,pose6,0.1519
circuit_1241.jpg,14,BJT-NPN,1,3,n2,n1,swapped,3,pose6,0.1519
circuit_1241.jpg,14,BJT-NPN,2,3,n1,n9,swapped,3,pose6,0.1519
circuit_1241.jpg,15,V-DC (one port),0,1,n4,n4,ok,1,any,0.3856
circuit_1241.jpg,16,BJT-NPN,0,3,n6,n13,swapped,3,pose6,0.1468
circuit_1241.jpg,16,BJT-NPN,1,3,n13,n8,swapped,3,pose6,0.1468
circuit_1241.jpg,16,BJT-NPN,2,3,n8,n6,swapped,3,pose6,0.1468
circuit_1241.jpg,17,V-DC (one port),0,1,n6,n6,ok,1,any,0.3902
circuit_1241.jpg,18,V-DC (one port),0,1,n8,n8,ok,1,any,0.4301
circuit_1241.jpg,19,BJT-PNP,0,3,n14,n14,ok,3,pose2,0.2257
circuit_1241.jpg,19,BJT-PNP,1,3,n11,n8,swapped,3,pose2,0.2257
circuit_1241.jpg,19,BJT-PNP,2,3,n8,n11,swapped,3,pose2,0.2257
circuit_1243.jpg,0,Capacitor,0,2,n8,n8,ok,2,pose2,0.1868
circuit_1243.jpg,0,Capacitor,1,2,n9,n9,ok,2,pose2,0.1868
circuit_1243.jpg,1,V-DC,0,2,0,n8,swapped,2,pose4,0.1134
circuit_1243.jpg,1,V-DC,1,2,n8,0,swapped,2,pose4,0.1134
circuit_1243.jpg,2,Op-Amp,0,3,0,n8,swapped,3,pose7,0.2214
circuit_1243.jpg,2,Op-Amp,1,3,n8,0,swapped,3,pose7,0.2214
circuit_1243.jpg,2,Op-Amp,2,3,n9,n9,ok,3,pose7,0.2214
circuit_1243.jpg,3,Resistor,0,2,n9,n9,ok,2,pose0,0.1271
circuit_1243.jpg,3,Resistor,1,2,n10,n10,ok,2,pose0,0.1271
circuit_1243.jpg,4,Op-Amp,0,3,n2,n11,swapped,3,pose3,0.2227
circuit_1243.jpg,4,Op-Amp,1,3,n10,n2,swapped,3,pose3,0.2227
circuit_1243.jpg,4,Op-Amp,2,3,n11,n10,swapped,3,pose3,0.2227
circuit_1243.jpg,5,Inductor,0,2,n10,n10,ok,2,pose0,0.1208
circuit_1243.jpg,5,Inductor,1,2,n11,n11,ok,2,pose0,0.1208
circuit_1243.jpg,6,Resistor,0,2,n11,n11,ok,2,pose0,0.1409
circuit_1243.jpg,6,Resistor,1,2,n5,n5,ok,2,pose0,0.1409
circuit_1243.jpg,7,Resistor,0,2,n2,n2,ok,2,pose0,0.1424
circuit_1243.jpg,7,Resistor,1,2,n3,n3,ok,2,pose0,0.1424
circuit_1243.jpg,8,Inductor,0,2,n1,n1,ok,2,pose0,0.119
circuit_1243.jpg,8,Inductor,1,2,n2,n2,ok,2,pose0,0.119
circuit_1243.jpg,9,Capacitor,0,2,n3,n3,ok,2,pose2,0.195
circuit_1243.jpg,9,Capacitor,1,2,n4,n4,ok,2,pose2,0.195
circuit_1243.jpg,10,Resistor,0,2,n4,n4,ok,2,pose0,0.1736
circuit_1243.jpg,10,Resistor,1,2,n5,n5,ok,2,pose0,0.1736
circuit_1243.jpg,11,Op-Amp,0,3,0,0,ok,3,pose0,0.1089
circuit_1243.jpg,11,Op-Amp,1,3,n3,n3,ok,3,pose0,0.1089
circuit_1243.jpg,11,Op-Amp,2,3,n4,n4,ok,3,pose0,0.1089
circuit_1243.jpg,12,Op-Amp,0,3,0,n2,swapped,3,pose3,0.209
circuit_1243.jpg,12,Op-Amp,1,3,n1,0,swapped,3,pose3,0.209
circuit_1243.jpg,12,Op-Amp,2,3,n2,n1,swapped,3,pose3,0.209
circuit_1243.jpg,13,I-DC,0,2,0,n1,swapped,2,pose6,0.1101
circuit_1243.jpg,13,I-DC,1,2,n1,0,swapped,2,pose6,0.1101
circuit_1243.jpg,14,Inductor,0,2,n6,n6,ok,2,pose0,0.118
circuit_1243.jpg,14,Inductor,1,2,n7,n7,ok,2,pose0,0.118
circuit_1243.jpg,15,Capacitor,0,2,n2,n2,ok,2,pose2,0.1937
circuit_1243.jpg,15,Capacitor,1,2,n6,n6,ok,2,pose2,0.1937
circuit_1243.jpg,16,Op-Amp,0,3,0,n6,swapped,3,pose0,0.2025
circuit_1243.jpg,16,Op-Amp,1,3,n6,0,swapped,3,pose0,0.2025
circuit_1243.jpg,16,Op-Amp,2,3,n7,n7,ok,3,pose0,0.2025
circuit_1243.jpg,17,Resistor,0,2,n7,n7,ok,2,pose0,0.1332
circuit_1243.jpg,17,Resistor,1,2,n5,n5,ok,2,pose0,0.1332
circuit_1243.jpg,18,GND,0,1,0,0,ok,1,,
circuit_1243.jpg,19,GND,0,1,0,n1,wrong_net,2,,
circuit_1243.jpg,20,GND,0,1,0,n1,wrong_net,2,,
circuit_1243.jpg,21,GND,0,1,0,0,ok,1,,
circuit_1243.jpg,22,GND,0,1,0,0,ok,1,,
circuit_1243.jpg,23,GND,0,1,0,0,ok,1,,
circuit_1244.jpg,0,Capacitor,0,2,n1,n1,ok,2,pose2,0.1676
circuit_1244.jpg,0,Capacitor,1,2,n2,n2,ok,2,pose2,0.1676
circuit_1244.jpg,1,V-DC,0,2,n1,0,swapped,2,pose6,0.1109
circuit_1244.jpg,1,V-DC,1,2,0,n1,swapped,2,pose6,0.1109
circuit_1244.jpg,2,Op-Amp,0,3,0,n1,swapped,3,pose4,0.0945
circuit_1244.jpg,2,Op-Amp,1,3,n1,n2,swapped,3,pose4,0.0945
circuit_1244.jpg,2,Op-Amp,2,3,n2,0,swapped,3,pose4,0.0945
circuit_1244.jpg,3,GND,0,1,0,0,ok,1,,
circuit_1244.jpg,4,Resistor,0,2,n2,n2,ok,2,pose0,0.1325
circuit_1244.jpg,4,Resistor,1,2,n3,n3,ok,2,pose0,0.1325
circuit_1244.jpg,5,Inductor,0,2,n3,n3,ok,2,pose0,0.1287
circuit_1244.jpg,5,Inductor,1,2,n4,n4,ok,2,pose0,0.1287
circuit_1244.jpg,6,Resistor,0,2,n4,n4,ok,2,pose0,0.1234
circuit_1244.jpg,6,Resistor,1,2,n5,n5,ok,2,pose0,0.1234
circuit_1244.jpg,7,Op-Amp,0,3,n10,n10,ok,3,pose0,0.1635
circuit_1244.jpg,7,Op-Amp,1,3,n3,n3,ok,3,pose0,0.1635
circuit_1244.jpg,7,Op-Amp,2,3,n4,n4,ok,3,pose0,0.1635
circuit_1244.jpg,8,Capacitor,0,2,n8,n8,ok,2,pose2,0.1671
circuit_1244.jpg,8,Capacitor,1,2,n9,n9,ok,2,pose2,0.1671
circuit_1244.jpg,9,Op-Amp,0,3,0,0,ok,3,pose0,0.1717
circuit_1244.jpg,9,Op-Amp,1,3,n8,n8,ok,3,pose0,0.1717
circuit_1244.jpg,9,Op-Amp,2,3,n9,n9,ok,3,pose0,0.1717
circuit_1244.jpg,10,Resistor,0,2,n7,n7,ok,2,pose0,0.1246
circuit_1244.jpg,10,Resistor,1,2,n8,n8,ok,2,pose0,0.1246
circuit_1244.jpg,11,Inductor,0,2,n6,n6,ok,2,pose0,0.1244
circuit_1244.jpg,11,Inductor,1,2,n7,n7,ok,2,pose0,0.1244
circuit_1244.jpg,12,I-DC,0,2,n6,0,swapped,2,pose6,0.109
circuit_1244.jpg,12,I-DC,1,2,0,n6,swapped,2,pose6,0.109
circuit_1244.jpg,13,Op-Amp,0,3,0,n7,swapped,3,pose3,0.2125
circuit_1244.jpg,13,Op-Amp,1,3,n6,0,swapped,3,pose3,0.2125
circuit_1244.jpg,13,Op-Amp,2,3,n7,n6,swapped,3,pose3,0.2125
circuit_1244.jpg,14,Resistor,0,2,n9,n9,ok,2,pose0,0.1221
circuit_1244.jpg,14,Resistor,1,2,n5,n5,ok,2,pose0,0.1221
circuit_1244.jpg,15,Inductor,0,2,n11,n11,ok,2,pose0,0.1168
circuit_1244.jpg,15,Inductor,1,2,n12,n12,ok,2,pose0,0.1168
circuit_1244.jpg,16,Capacitor,0,2,n10,n10,ok,2,pose2,0.163
circuit_1244.jpg,16,Capacitor,1,2,n11,n11,ok,2,pose2,0.163
circuit_1244.jpg,17,Op-Amp,0,3,0,n11,swapped,3,pose0,0.2059
circuit_1244.jpg,17,Op-Amp,1,3,n11,0,swapped,3,pose0,0.2059
circuit_1244.jpg,17,Op-Amp,2,3,n12,n12,ok,3,pose0,0.2059
circuit_1244.jpg,18,GND,0,1,0,0,ok,1,,
circuit_1244.jpg,19,Resistor,0,2,n12,n12,ok,2,pose0,0.1268
circuit_1244.jpg,19,Resistor,1,2,n5,n5,ok,2,pose0,0.1268
circuit_1244.jpg,20,GND,0,1,0,0,ok,1,,
circuit_1244.jpg,21,GND,0,1,0,0,ok,1,,
circuit_1244.jpg,22,GND,0,1,0,0,ok,1,,
circuit_1244.jpg,23,GND,0,1,0,0,ok,1,,
circuit_125.jpg,0,V-DC,0,2,0,n4,swapped,2,pose4,0.0984
circuit_125.jpg,0,V-DC,1,2,n4,0,swapped,2,pose4,0.0984
circuit_125.jpg,1,Inductor,0,2,n2,n2,ok,2,pose0,0.1112
circuit_125.jpg,1,Inductor,1,2,n3,n3,ok,2,pose0,0.1112
circuit_125.jpg,2,I-DC,0,2,0,n1,swapped,2,pose4,0.0977
circuit_125.jpg,2,I-DC,1,2,n1,0,swapped,2,pose4,0.0977
circuit_125.jpg,3,Capacitor,0,2,0,0,ok,2,pose0,0.1573
circuit_125.jpg,3,Capacitor,1,2,n3,n3,ok,2,pose0,0.1573
circuit_125.jpg,4,Capacitor,0,2,n1,n1,ok,2,pose0,0.1513
circuit_125.jpg,4,Capacitor,1,2,n2,n2,ok,2,pose0,0.1513
circuit_125.jpg,5,Resistor,0,2,n3,n3,ok,2,pose0,0.1138
circuit_125.jpg,5,Resistor,1,2,n4,n4,ok,2,pose0,0.1138
circuit_125.jpg,6,Resistor,0,2,0,0,ok,2,pose2,0.1065
circuit_125.jpg,6,Resistor,1,2,n2,n2,ok,2,pose2,0.1065
circuit_125.jpg,7,GND,0,1,0,0,ok,1,,
circuit_1252.jpg,0,Resistor,0,2,n7,n7,ok,2,pose7,0.1411
circuit_1252.jpg,0,Resistor,1,2,n13,n13,ok,2,pose7,0.1411
circuit_1252.jpg,1,Resistor,0,2,n4,n4,ok,2,pose0,0.1187
circuit_1252.jpg,1,Resistor,1,2,n7,n7,ok,2,pose0,0.1187
circuit_1252.jpg,2,Resistor,0,2,n5,n5,ok,2,pose2,0.1175
circuit_1252.jpg,2,Resistor,1,2,n6,n6,ok,2,pose2,0.1175
circuit_1252.jpg,3,Resistor,0,2,n4,n4,ok,2,pose2,0.12
circuit_1252.jpg,3,Resistor,1,2,n5,n5,ok,2,pose2,0.12
circuit_1252.jpg,4,BJT-PNP,0,3,0,0,ok,3,pose2,0.2396
circuit_1252.jpg,4,BJT-PNP,1,3,n1,n2,swapped,3,pose2,0.2396
circuit_1252.jpg,4,BJT-PNP,2,3,n2,n1,swapped,3,pose2,0.2396
circuit_1252.jpg,5,BJT-PNP,0,3,n3,n3,ok,3,pose2,0.252
circuit_1252.jpg,5,BJT-PNP,1,3,n2,n4,swapped,3,pose2,0.252
circuit_1252.jpg,5,BJT-PNP,2,3,n4,n2,swapped,3,pose2,0.252
circuit_1252.jpg,6,BJT-NPN,0,3,n8,n8,ok,3,pose2,0.1471
circuit_1252.jpg,6,BJT-NPN,1,3,n15,0,swapped,3,pose2,0.1471
circuit_1252.jpg,6,BJT-NPN,2,3,0,n15,swapped,3,pose2,0.1471
circuit_1252.jpg,7,BJT-NPN,0,3,n8,n9,swapped,3,pose6,0.1451
circuit_1252.jpg,7,BJT-NPN,1,3,n9,n7,swapped,3,pose6,0.1451
circuit_1252.jpg,7,BJT-NPN,2,3,n7,n8,swapped,3,pose6,0.1451
circuit_1252.jpg,8,BJT-NPN,0,3,n13,n13,ok,3,pose2,0.1476
circuit_1252.jpg,8,BJT-NPN,1,3,n14,0,swapped,3,pose2,0.1476
circuit_1252.jpg,8,BJT-NPN,2,3,0,n14,swapped,3,pose2,0.1476
circuit_1252.jpg,9,V-DC (one port),0,1,n7,n7,ok,1,any,0.3731
circuit_1252.jpg,10,GND,0,1,0,0,ok,1,,
circuit_1252.jpg,11,Diode,0,2,n11,n11,ok,2,pose0,0.1555
circuit_1252.jpg,11,Diode,1,2,n12,n12,ok,2,pose0,0.1555
circuit_1252.jpg,12,BJT-NPN,0,3,n10,n10,ok,3,pose2,0.1481
circuit_1252.jpg,12,BJT-NPN,1,3,n8,0,swapped,3,pose2,0.1481
circuit_1252.jpg,12,BJT-NPN,2,3,0,n8,swapped,3,pose2,0.1481
circuit_1252.jpg,13,Resistor,0,2,0,0,ok,2,pose2,0.136
circuit_1252.jpg,13,Resistor,1,2,n9,n9,ok,2,pose2,0.136
circuit_1252.jpg,14,V-DC (one port),0,1,n1,n1,ok,1,any,0.3736
circuit_1252.jpg,15,BJT-NPN,0,3,n3,n15,swapped,3,pose6,0.1516
circuit_1252.jpg,15,BJT-NPN,1,3,n15,0,swapped,3,pose6,0.1516
circuit_1252.jpg,15,BJT-NPN,2,3,0,n3,swapped,3,pose6,0.1516
circuit_1252.jpg,16,Diode,0,2,n10,n10,ok,2,pose0,0.1516
circuit_1252.jpg,16,Diode,1,2,n11,n11,ok,2,pose0,0.1516
circuit_1252.jpg,17,Resistor,0,2,0,0,ok,2,pose2,0.1327
circuit_1252.jpg,17,Resistor,1,2,n1,n1,ok,2,pose2,0.1327
circuit_1252.jpg,18,V-DC (one port),0,1,n5,n5,ok,1,any,0.3757
circuit_1252.jpg,19,BJT-NPN,0,3,n6,n12,swapped,3,pose6,0.1493
circuit_1252.jpg,19,BJT-NPN,1,3,n12,n13,swapped,3,pose6,0.1493
circuit_1252.jpg,19,BJT-NPN,2,3,n13,n6,swapped,3,pose6,0.1493
circuit_1252.jpg,20,V-DC (one port),0,1,n13,n13,ok,1,any,0.3933
circuit_1252.jpg,21,BJT-NPN,0,3,n14,n10,swapped,3,pose6,0.1444
circuit_1252.jpg,21,BJT-NPN,1,3,n10,n13,swapped,3,pose6,0.1444
circuit_1252.jpg,21,BJT-NPN,2,3,n13,n14,swapped,3,pose6,0.1444
circuit_1252.jpg,22,V-DC (one port),0,1,n6,n6,ok,1,any,0.3615
circuit_1256.jpg,0,I-AC,0,2,n1,n1,ok,2,pose0,0.0947
circuit_1256.jpg,0,I-AC,1,2,n4,n4,ok,2,pose0,0.0947
circuit_1256.jpg,1,GND,0,1,0,0,ok,1,,
circuit_1256.jpg,2,Capacitor,0,2,n1,n1,ok,2,pose0,0.1739
circuit_1256.jpg,2,Capacitor,1,2,n4,n4,ok,2,pose0,0.1739
circuit_1256.jpg,3,Capacitor,0,2,n5,n5,ok,2,pose0,0.1682
circuit_1256.jpg,3,Capacitor,1,2,n1,n1,ok,2,pose0,0.1682
circuit_1256.jpg,4,Capacitor,0,2,n6,n6,ok,2,pose0,0.1565
circuit_1256.jpg,4,Capacitor,1,2,n3,n3,ok,2,pose0,0.1565
circuit_1256.jpg,5,Capacitor,0,2,n2,n7,swapped,2,pose2,0.1579
circuit_1256.jpg,5,Capacitor,1,2,n7,n2,swapped,2,pose2,0.1579
circuit_1256.jpg,6,Capacitor,0,2,n2,n2,ok,2,pose0,0.1726
circuit_1256.jpg,6,Capacitor,1,2,n8,n8,ok,2,pose0,0.1726
circuit_1256.jpg,7,Capacitor,0,2,n3,n3,ok,2,pose0,0.1563
circuit_1256.jpg,7,Capacitor,1,2,n2,n2,ok,2,pose0,0.1563
circuit_1256.jpg,8,Inductor,0,2,n3,n3,ok,2,pose2,0.1131
circuit_1256.jpg,8,Inductor,1,2,n5,n5,ok,2,pose2,0.1131
circuit_1256.jpg,9,Inductor,0,2,n1,n1,ok,2,pose2,0.1176
circuit_1256.jpg,9,Inductor,1,2,n4,n4,ok,2,pose2,0.1176
circuit_1256.jpg,10,Inductor,0,2,n8,n8,ok,2,pose2,0.1185
circuit_1256.jpg,10,Inductor,1,2,n1,n1,ok,2,pose2,0.1185
circuit_1256.jpg,11,Inductor,0,2,n6,n6,ok,2,pose0,0.1089
circuit_1256.jpg,11,Inductor,1,2,n3,n3,ok,2,pose0,0.1089
circuit_1256.jpg,12,Resistor,0,2,n3,n3,ok,2,pose2,0.1195
circuit_1256.jpg,12,Resistor,1,2,n2,n2,ok,2,pose2,0.1195
circuit_1256.jpg,13,Resistor,0,2,n7,n7,ok,2,pose2,0.1294
circuit_1256.jpg,13,Resistor,1,2,n1,n1,ok,2,pose2,0.1294
circuit_1256.jpg,14,Resistor,0,2,n2,n2,ok,2,pose2,0.1257
circuit_1256.jpg,14,Resistor,1,2,n4,n4,ok,2,pose2,0.1257
circuit_1256.jpg,15,V-DC,0,2,n3,n2,swapped,2,pose6,0.0969
circuit_1256.jpg,15,V-DC,1,2,n2,n3,swapped,2,pose6,0.0969
circuit_1256.jpg,16,V-DC,0,2,0,n1,swapped,2,pose6,0.1077
circuit_1256.jpg,16,V-DC,1,2,n1,0,swapped,2,pose6,0.1077
circuit_1256.jpg,17,I-AC,0,2,n2,n2,ok,2,pose2,0.095
circuit_1256.jpg,17,I-AC,1,2,0,0,ok,2,pose2,0.095
circuit_1258.jpg,0,V-DC,0,2,n1,n1,ok,2,pose0,0.093
circuit_1258.jpg,0,V-DC,1,2,n2,n2,ok,2,pose0,0.093
circuit_1258.jpg,1,Capacitor,0,2,n3,n3,ok,2,pose0,0.1462
circuit_1258.jpg,1,Capacitor,1,2,0,0,ok,2,pose0,0.1462
circuit_1258.jpg,2,Inductor,0,2,n1,n1,ok,2,pose2,0.1125
circuit_1258.jpg,2,Inductor,1,2,n4,n4,ok,2,pose2,0.1125
circuit_1258.jpg,3,Resistor,0,2,n2,n2,ok,2,pose0,0.1073
circuit_1258.jpg,3,Resistor,1,2,n3,n3,ok,2,pose0,0.1073
circuit_1258.jpg,4,Inductor,0,2,n4,n4,ok,2,pose0,0.1054
circuit_1258.jpg,4,Inductor,1,2,0,0,ok,2,pose0,0.1054
circuit_1258.jpg,5,I-DC,0,2,n3,0,swapped,2,pose6,0.1441
circuit_1258.jpg,5,I-DC,1,2,0,n3,swapped,2,pose6,0.1441
circuit_1258.jpg,6,Resistor,0,2,n2,n2,ok,2,pose2,0.1108
circuit_1258.jpg,6,Resistor,1,2,n4,n4,ok,2,pose2,0.1108
circuit_1258.jpg,7,GND,0,1,0,0,ok,1,,
circuit_1262.jpg,0,I-AC,0,2,0,0,ok,2,pose0,0.0945
circuit_1262.jpg,0,I-AC,1,2,n1,n1,ok,2,pose0,0.0945
circuit_1262.jpg,1,V-AC,0,2,0,0,ok,2,pose0,0.1017
circuit_1262.jpg,1,V-AC,1,2,n3,n3,ok,2,pose0,0.1017
circuit_1262.jpg,2,Capacitor,0,2,n2,n2,ok,2,pose0,0.1484
circuit_1262.jpg,2,Capacitor,1,2,n1,n1,ok,2,pose0,0.1484
circuit_1262.jpg,3,Resistor,0,2,n3,n3,ok,2,pose0,0.1106
circuit_1262.jpg,3,Resistor,1,2,n2,n2,ok,2,pose0,0.1106
circuit_1262.jpg,4,Resistor,0,2,0,0,ok,2,pose2,0.1076
circuit_1262.jpg,4,Resistor,1,2,n4,n4,ok,2,pose2,0.1076
circuit_1262.jpg,5,Inductor,0,2,n1,n1,ok,2,pose0,0.1087
circuit_1262.jpg,5,Inductor,1,2,n4,n4,ok,2,pose0,0.1087
circuit_1262.jpg,6,GND,0,1,0,0,ok,1,,
circuit_1268.jpg,0,V-DC,0,2,0,n4,swapped,2,pose4,0.1019
circuit_1268.jpg,0,V-DC,1,2,n4,0,swapped,2,pose4,0.1019
circuit_1268.jpg,1,V-DC,0,2,n3,n3,ok,2,pose0,0.1028
circuit_1268.jpg,1,V-DC,1,2,n4,n4,ok,2,pose0,0.1028
circuit_1268.jpg,2,GND,0,1,0,0,ok,1,,
circuit_1268.jpg,3,Capacitor,0,2,n2,n2,ok,2,pose2,0.1651
circuit_1268.jpg,3,Capacitor,1,2,n4,n4,ok,2,pose2,0.1651
circuit_1268.jpg,4,I-AC,0,2,n2,n2,ok,2,pose0,0.1094
circuit_1268.jpg,4,I-AC,1,2,n3,n3,ok,2,pose0,0.1094
circuit_1268.jpg,5,I-DC,0,2,n4,n4,ok,2,pose0,0.1048
circuit_1268.jpg,5,I-DC,1,2,0,0,ok,2,pose0,0.1048
circuit_1268.jpg,6,Inductor,0,2,n1,n1,ok,2,pose0,0.1178
circuit_1268.jpg,6,Inductor,1,2,n5,n5,ok,2,pose0,0.1178
circuit_1268.jpg,7,Inductor,0,2,n1,n1,ok,2,pose0,0.1172
circuit_1268.jpg,7,Inductor,1,2,n2,n2,ok,2,pose0,0.1172
circuit_1268.jpg,8,Capacitor,0,2,n6,n6,ok,2,pose2,0.1683
circuit_1268.jpg,8,Capacitor,1,2,0,0,ok,2,pose2,0.1683
circuit_1268.jpg,9,Capacitor,0,2,n5,n5,ok,2,pose2,0.1769
circuit_1268.jpg,9,Capacitor,1,2,n4,n4,ok,2,pose2,0.1769
circuit_1268.jpg,10,Inductor,0,2,n1,n1,ok,2,pose0,0.1169
circuit_1268.jpg,10,Inductor,1,2,n6,n6,ok,2,pose0,0.1169
circuit_1268.jpg,11,Capacitor,0,2,n3,n3,ok,2,pose0,0.1485
circuit_1268.jpg,11,Capacitor,1,2,n4,n4,ok,2,pose0,0.1485
circuit_1268.jpg,12,Inductor,0,2,n1,n1,ok,2,pose0,0.1228
circuit_1268.jpg,12,Inductor,1,2,n3,n3,ok,2,pose0,0.1228
circuit_1268.jpg,13,V-AC,0,2,n1,n1,ok,2,pose0,0.1214
circuit_1268.jpg,13,V-AC,1,2,n2,n2,ok,2,pose0,0.1214
circuit_1272.jpg,0,I-AC,0,2,0,0,ok,2,pose2,0.1063
circuit_1272.jpg,0,I-AC,1,2,n9,n9,ok,2,pose2,0.1063
circuit_1272.jpg,1,I-AC,0,2,0,0,ok,2,pose0,0.1149
circuit_1272.jpg,1,I-AC,1,2,n8,n8,ok,2,pose0,0.1149
circuit_1272.jpg,2,V-DC,0,2,n5,0,swapped,2,pose4,0.1129
circuit_1272.jpg,2,V-DC,1,2,0,n5,swapped,2,pose4,0.1129
circuit_1272.jpg,3,V-AC,0,2,0,0,ok,2,pose0,0.1072
circuit_1272.jpg,3,V-AC,1,2,n1,n1,ok,2,pose0,0.1072
circuit_1272.jpg,4,GND,0,1,0,0,ok,1,,
circuit_1272.jpg,5,MOSFET-P,0,3,n7,n7,ok,3,pose2,0.1719
circuit_1272.jpg,5,MOSFET-P,1,3,n8,0,swapped,3,pose2,0.1719
circuit_1272.jpg,5,MOSFET-P,2,3,0,n8,swapped,3,pose2,0.1719
circuit_1272.jpg,6,V-AC,0,2,0,0,ok,2,pose0,0.1143
circuit_1272.jpg,6,V-AC,1,2,n2,n2,ok,2,pose0,0.1143
circuit_1272.jpg,7,MOSFET-P,0,3,n5,n5,ok,3,pose2,0.1692
circuit_1272.jpg,7,MOSFET-P,1,3,n1,n6,swapped,3,pose2,0.1692
circuit_1272.jpg,7,MOSFET-P,2,3,n6,n1,swapped,3,pose2,0.1692
circuit_1272.jpg,8,MOSFET-N,0,3,n3,n2,swapped,3,pose6,0.172
circuit_1272.jpg,8,MOSFET-N,1,3,n2,0,swapped,3,pose6,0.172
circuit_1272.jpg,8,MOSFET-N,2,3,0,n3,swapped,3,pose6,0.172
circuit_1272.jpg,9,Zener Diode,0,2,n1,n1,ok,2,pose2,0.1485
circuit_1272.jpg,9,Zener Diode,1,2,n5,n5,ok,2,pose2,0.1485
circuit_1272.jpg,10,MOSFET-P,0,3,n6,n6,ok,3,pose2,0.1703
circuit_1272.jpg,10,MOSFET-P,1,3,n9,n7,swapped,3,pose2,0.1703
circuit_1272.jpg,10,MOSFET-P,2,3,n7,n9,swapped,3,pose2,0.1703
circuit_1272.jpg,11,MOSFET-N,0,3,n5,n2,swapped,3,pose6,0.1626
circuit_1272.jpg,11,MOSFET-N,1,3,n2,n4,swapped,3,pose6,0.1626
circuit_1272.jpg,11,MOSFET-N,2,3,n4,n5,swapped,3,pose6,0.1626
circuit_1272.jpg,12,Resistor,0,2,n3,n3,ok,2,pose0,0.1458
circuit_1272.jpg,12,Resistor,1,2,n7,n7,ok,2,pose0,0.1458
circuit_1272.jpg,13,GND,0,1,0,0,ok,1,,
circuit_1272.jpg,14,MOSFET-N,0,3,n4,n1,swapped,3,pose6,0.1851
circuit_1272.jpg,14,MOSFET-N,1,3,n1,n3,swapped,3,pose6,0.1851
circuit_1272.jpg,14,MOSFET-N,2,3,n3,n4,swapped,3,pose6,0.1851
circuit_136.jpg,0,Resistor,0,2,n1,n1,ok,2,pose0,0.1203
circuit_136.jpg,0,Resistor,1,2,n2,n2,ok,2,pose0,0.1203
circuit_136.jpg,1,Resistor,0,2,n2,n2,ok,2,pose0,0.1225
circuit_136.jpg,1,Resistor,1,2,n3,n3,ok,2,pose0,0.1225
circuit_136.jpg,2,V-DC,0,2,n1,n1,ok,2,pose0,0.1124
circuit_136.jpg,2,V-DC,1,2,0,0,ok,2,pose0,0.1124
circuit_136.jpg,3,GND,0,1,0,0,ok,1,,
circuit_136.jpg,4,Capacitor,0,2,n2,n2,ok,2,pose0,0.1728
circuit_136.jpg,4,Capacitor,1,2,0,0,ok,2,pose0,0.1728
circuit_136.jpg,5,Resistor,0,2,n3,n3,ok,2,pose2,0.1248
circuit_136.jpg,5,Resistor,1,2,0,0,ok,2,pose2,0.1248
circuit_136.jpg,6,Inductor,0,2,n3,n3,ok,2,pose2,0.1266
circuit_136.jpg,6,Inductor,1,2,0,0,ok,2,pose2,0.1266
circuit_138.jpg,0,V-DC,0,2,n1,n5,swapped,2,pose4,0.0842
circuit_138.jpg,0,V-DC,1,2,n5,n1,swapped,2,pose4,0.0842
circuit_138.jpg,1,Capacitor,0,2,n2,n2,ok,2,pose0,0.1465
circuit_138.jpg,1,Capacitor,1,2,n3,n3,ok,2,pose0,0.1465
circuit_138.jpg,2,I-DC,0,2,n3,n5,swapped,2,pose4,0.084
circuit_138.jpg,2,I-DC,1,2,n5,n3,swapped,2,pose4,0.084
circuit_138.jpg,3,Inductor,0,2,n4,n4,ok,2,pose0,0.1024
circuit_138.jpg,3,Inductor,1,2,n5,n5,ok,2,pose0,0.1024
circuit_138.jpg,4,Resistor,0,2,n3,n3,ok,2,pose0,0.1024
circuit_138.jpg,4,Resistor,1,2,n4,n4,ok,2,pose0,0.1024
circuit_138.jpg,5,Resistor,0,2,n1,n1,ok,2,pose2,0.1026
circuit_138.jpg,5,Resistor,1,2,n2,n2,ok,2,pose2,0.1026
circuit_153.jpg,0,Inductor,0,2,n1,n1,ok,2,pose0,0.1288
circuit_153.jpg,0,Inductor,1,2,n2,n2,ok,2,pose0,0.1288
circuit_153.jpg,1,Inductor,0,2,n1,n1,ok,2,pose0,0.1221
circuit_153.jpg,1,Inductor,1,2,n3,n3,ok,2,pose0,0.1221
circuit_153.jpg,2,Inductor,0,2,n1,n1,ok,2,pose0,0.1232
circuit_153.jpg,2,Inductor,1,2,n5,n5,ok,2,pose0,0.1232
circuit_153.jpg,3,Inductor,0,2,n1,n1,ok,2,pose0,0.1222
circuit_153.jpg,3,Inductor,1,2,n4,n4,ok,2,pose0,0.1222
circuit_153.jpg,4,Capacitor,0,2,n4,n4,ok,2,pose2,0.1875
circuit_153.jpg,4,Capacitor,1,2,n6,n6,ok,2,pose2,0.1875
circuit_153.jpg,5,Capacitor,0,2,n5,n5,ok,2,pose2,0.1737
circuit_153.jpg,5,Capacitor,1,2,0,0,ok,2,pose2,0.1737
circuit_153.jpg,6,Capacitor,0,2,n3,n3,ok,2,pose0,0.1745
circuit_153.jpg,6,Capacitor,1,2,n6,n6,ok,2,pose0,0.1745
circuit_153.jpg,7,Capacitor,0,2,n2,n2,ok,2,pose2,0.1851
circuit_153.jpg,7,Capacitor,1,2,n6,n6,ok,2,pose2,0.1851
circuit_153.jpg,8,GND,0,1,0,0,ok,1,,
circuit_153.jpg,9,V-DC,0,2,0,0,ok,2,pose0,0.1218
circuit_153.jpg,9,V-DC,1,2,n6,n6,ok,2,pose0,0.1218
circuit_153.jpg,10,I-DC,0,2,n6,n6,ok,2,pose0,0.1145
circuit_153.jpg,10,I-DC,1,2,0,0,ok,2,pose0,0.1145
circuit_153.jpg,11,V-DC,0,2,n3,n3,ok,2,pose0,0.1118
circuit_153.jpg,11,V-DC,1,2,n6,n6,ok,2,pose0,0.1118
circuit_153.jpg,12,I-AC,0,2,n2,n2,ok,2,pose0,0.1167
circuit_153.jpg,12,I-AC,1,2,n3,n3,ok,2,pose0,0.1167
circuit_153.jpg,13,V-AC,0,2,n1,n1,ok,2,pose0,0.1103
circuit_153.jpg,13,V-AC,1,2,n2,n2,ok,2,pose0,0.1103
circuit_155.jpg,0,V-AC,0,2,n1,n1,ok,2,pose0,0.0965
circuit_155.jpg,0,V-AC,1,2,0,0,ok,2,pose0,0.0965
circuit_155.jpg,1,Inductor,0,2,n4,n4,ok,2,pose0,0.115
circuit_155.jpg,1,Inductor,1,2,n5,n5,ok,2,pose0,0.115
circuit_155.jpg,2,I-DC,0,2,0,n6,swapped,2,pose6,0.1014
circuit_155.jpg,2,I-DC,1,2,n6,0,swapped,2,pose6,0.1014
circuit_155.jpg,3,Zener Diode,0,2,n4,n7,swapped,2,pose4,0.1343
circuit_155.jpg,3,Zener Diode,1,2,n7,n4,swapped,2,pose4,0.1343
circuit_155.jpg,4,Zener Diode,0,2,n2,n2,ok,2,pose2,0.1407
circuit_155.jpg,4,Zener Diode,1,2,0,0,ok,2,pose2,0.1407
circuit_155.jpg,5,Diode,0,2,n5,n5,ok,2,pose0,0.1506
circuit_155.jpg,5,Diode,1,2,n8,n8,ok,2,pose0,0.1506
circuit_155.jpg,6,Resistor,0,2,n5,n5,ok,2,pose2,0.1125
circuit_155.jpg,6,Resistor,1,2,0,0,ok,2,pose2,0.1125
circuit_155.jpg,7,Inductor,0,2,n1,n1,ok,2,pose0,0.1114
circuit_155.jpg,7,Inductor,1,2,n2,n2,ok,2,pose0,0.1114
circuit_155.jpg,8,Diode,0,2,n3,n3,ok,2,pose0,0.1624
circuit_155.jpg,8,Diode,1,2,n5,n5,ok,2,pose0,0.1624
circuit_155.jpg,9,Zener Diode,0,2,n3,n4,swapped,2,pose4,0.1394
circuit_155.jpg,9,Zener Diode,1,2,n4,n3,swapped,2,pose4,0.1394
circuit_155.jpg,10,Diode,0,2,0,0,ok,2,pose0,0.1536
circuit_155.jpg,10,Diode,1,2,n7,n7,ok,2,pose0,0.1536
circuit_155.jpg,11,Inductor,0,2,n7,n7,ok,2,pose0,0.1109
circuit_155.jpg,11,Inductor,1,2,n8,n8,ok,2,pose0,0.1109
circuit_155.jpg,12,Diode,0,2,n4,n4,ok,2,pose0,0.1641
circuit_155.jpg,12,Diode,1,2,n8,n8,ok,2,pose0,0.1641
circuit_155.jpg,13,Diode,0,2,n2,n2,ok,2,pose0,0.1621
circuit_155.jpg,13,Diode,1,2,n4,n4,ok,2,pose0,0.1621
circuit_155.jpg,14,GND,0,1,0,0,ok,1,,
circuit_155.jpg,15,Capacitor,0,2,0,0,ok,2,pose2,0.1682
circuit_155.jpg,15,Capacitor,1,2,n4,n4,ok,2,pose2,0.1682
circuit_155.jpg,16,Capacitor,0,2,n2,n2,ok,2,pose2,0.174
circuit_155.jpg,16,Capacitor,1,2,n3,n3,ok,2,pose2,0.174
circuit_155.jpg,17,GND,0,1,0,0,ok,1,,
circuit_155.jpg,18,Capacitor,0,2,n6,n6,ok,2,pose2,0.1768
circuit_155.jpg,18,Capacitor,1,2,n7,n7,ok,2,pose2,0.1768
circuit_170.jpg,0,Resistor,0,2,n2,n2,ok,2,pose0,0.111
circuit_170.jpg,0,Resistor,1,2,n3,n3,ok,2,pose0,0.111
circuit_170.jpg,1,Resistor,0,2,n1,n1,ok,2,pose0,0.1134
circuit_170.jpg,1,Resistor,1,2,n2,n2,ok,2,pose0,0.1134
circuit_170.jpg,2,Capacitor,0,2,n4,n4,ok,2,pose0,0.1516
circuit_170.jpg,2,Capacitor,1,2,n6,n6,ok,2,pose0,0.1516
circuit_170.jpg,3,Resistor,0,2,n2,n2,ok,2,pose2,0.1145
circuit_170.jpg,3,Resistor,1,2,0,0,ok,2,pose2,0.1145
circuit_170.jpg,4,Resistor,0,2,n5,n5,ok,2,pose0,0.1077
circuit_170.jpg,4,Resistor,1,2,0,0,ok,2,pose0,0.1077
circuit_170.jpg,5,GND,0,1,0,0,ok,1,,
circuit_170.jpg,6,Inductor,0,2,0,0,ok,2,pose0,0.1046
circuit_170.jpg,6,Inductor,1,2,n6,n6,ok,2,pose0,0.1046
circuit_170.jpg,7,I-DC,0,2,n3,n6,swapped,2,pose6,0.0929
circuit_170.jpg,7,I-DC,1,2,n6,n3,swapped,2,pose6,0.0929
circuit_170.jpg,8,I-DC,0,2,n1,n5,swapped,2,pose6,0.0889
circuit_170.jpg,8,I-DC,1,2,n5,n1,swapped,2,pose6,0.0889
circuit_170.jpg,9,Inductor,0,2,n3,n3,ok,2,pose0,0.1084
circuit_170.jpg,9,Inductor,1,2,n4,n4,ok,2,pose0,0.1084
circuit_178.jpg,0,I-AC,0,2,0,0,ok,2,pose2,0.1061
circuit_178.jpg,0,I-AC,1,2,n1,n1,ok,2,pose2,0.1061
circuit_178.jpg,1,Capacitor,0,2,0,0,ok,2,pose0,0.1702
circuit_178.jpg,1,Capacitor,1,2,n1,n1,ok,2,pose0,0.1702
circuit_178.jpg,2,Resistor,0,2,n1,n1,ok,2,pose0,0.1114
circuit_178.jpg,2,Resistor,1,2,n2,n2,ok,2,pose0,0.1114
circuit_178.jpg,3,V-AC,0,2,n1,n1,ok,2,pose0,0.1149
circuit_178.jpg,3,V-AC,1,2,n2,n2,ok,2,pose0,0.1149
circuit_178.jpg,4,Inductor,0,2,0,0,ok,2,pose2,0.1216
circuit_178.jpg,4,Inductor,1,2,n2,n2,ok,2,pose2,0.1216
circuit_178.jpg,5,Resistor,0,2,0,0,ok,2,pose2,0.119
circuit_178.jpg,5,Resistor,1,2,n2,n2,ok,2,pose2,0.119
circuit_178.jpg,6,GND,0,1,0,0,ok,1,,
circuit_184.jpg,0,I-AC,0,2,n2,n2,ok,2,pose2,0.1078
circuit_184.jpg,0,I-AC,1,2,n3,n3,ok,2,pose2,0.1078
circuit_184.jpg,1,V-DC,0,2,n3,0,swapped,2,pose6,0.0988
circuit_184.jpg,1,V-DC,1,2,0,n3,swapped,2,pose6,0.0988
circuit_184.jpg,2,V-AC,0,2,n1,n1,ok,2,pose2,0.1158
circuit_184.jpg,2,V-AC,1,2,n2,n2,ok,2,pose2,0.1158
circuit_184.jpg,3,GND,0,1,0,0,ok,1,,
circuit_184.jpg,4,Inductor,0,2,n1,n1,ok,2,pose0,0.1391
circuit_184.jpg,4,Inductor,1,2,n3,n3,ok,2,pose0,0.1391
circuit_184.jpg,5,Inductor,0,2,n1,n1,ok,2,pose0,0.1493
circuit_184.jpg,5,Inductor,1,2,n2,n2,ok,2,pose0,0.1493
circuit_184.jpg,6,I-DC,0,2,0,0,ok,1,pose4,0.1119
circuit_184.jpg,6,I-DC,1,2,0,0,ok,1,pose4,0.1119
circuit_184.jpg,7,Capacitor,0,2,n3,n3,ok,2,pose0,0.1709
circuit_184.jpg,7,Capacitor,1,2,0,0,ok,2,pose0,0.1709
circuit_184.jpg,8,Capacitor,0,2,n4,n4,ok,2,pose2,0.1701
circuit_184.jpg,8,Capacitor,1,2,0,0,ok,2,pose2,0.1701
circuit_184.jpg,9,Capacitor,0,2,n2,n2,ok,2,pose2,0.1841
circuit_184.jpg,9,Capacitor,1,2,0,0,ok,2,pose2,0.1841
circuit_184.jpg,10,Inductor,0,2,n1,n1,ok,2,pose0,0.1441
circuit_184.jpg,10,Inductor,1,2,n4,n4,ok,2,pose0,0.1441
circuit_184.jpg,11,Capacitor,0,2,n5,n5,ok,2,pose3,0.1941
circuit_184.jpg,11,Capacitor,1,2,0,0,ok,2,pose3,0.1941
circuit_184.jpg,12,Inductor,0,2,n1,n1,ok,2,pose0,0.1447
circuit_184.jpg,12,Inductor,1,2,n5,n5,ok,2,pose0,0.1447
circuit_185.jpg,0,Resistor,0,2,n1,n1,ok,2,pose0,0.1163
circuit_185.jpg,0,Resistor,1,2,n2,n2,ok,2,pose0,0.1163
circuit_185.jpg,1,Capacitor,0,2,n2,n2,ok,2,pose0,0.1705
circuit_185.jpg,1,Capacitor,1,2,n3,n3,ok,2,pose0,0.1705
circuit_185.jpg,2,V-AC,0,2,0,0,ok,2,pose2,0.1135
circuit_185.jpg,2,V-AC,1,2,n1,n1,ok,2,pose2,0.1135
circuit_185.jpg,3,GND,0,1,0,0,ok,1,,
circuit_185.jpg,4,Inductor,0,2,0,0,ok,2,pose2,0.1167
circuit_185.jpg,4,Inductor,1,2,n3,n3,ok,2,pose2,0.1167
circuit_187.jpg,0,I-DC,0,2,0,0,ok,2,pose0,0.1019
circuit_187.jpg,0,I-DC,1,2,n6,n6,ok,2,pose0,0.1019
circuit_187.jpg,1,V-DC,0,2,n6,0,swapped,2,pose4,0.1017
circuit_187.jpg,1,V-DC,1,2,0,n6,swapped,2,pose4,0.1017
circuit_187.jpg,2,V-DC,0,2,n3,n3,ok,2,pose0,0.0995
circuit_187.jpg,2,V-DC,1,2,0,0,ok,2,pose0,0.0995
circuit_187.jpg,3,Capacitor,0,2,n2,n2,ok,2,pose0,0.1616
circuit_187.jpg,3,Capacitor,1,2,0,0,ok,2,pose0,0.1616
circuit_187.jpg,4,V-AC,0,2,n1,n1,ok,2,pose0,0.105
circuit_187.jpg,4,V-AC,1,2,n2,n2,ok,2,pose0,0.105
circuit_187.jpg,5,Capacitor,0,2,n4,n4,ok,2,pose0,0.1685
circuit_187.jpg,5,Capacitor,1,2,n6,n6,ok,2,pose0,0.1685
circuit_187.jpg,6,Capacitor,0,2,n3,n3,ok,2,pose0,0.1661
circuit_187.jpg,6,Capacitor,1,2,0,0,ok,2,pose0,0.1661
circuit_187.jpg,7,I-AC,0,2,n2,n2,ok,2,pose0,0.1003
circuit_187.jpg,7,I-AC,1,2,n3,n3,ok,2,pose0,0.1003
circuit_187.jpg,8,GND,0,1,0,0,ok,1,,
circuit_187.jpg,9,Resistor,0,2,n1,n1,ok,2,pose2,0.1114
circuit_187.jpg,9,Resistor,1,2,n2,n2,ok,2,pose2,0.1114
circuit_187.jpg,10,Inductor,0,2,n1,n1,ok,2,pose2,0.1201
circuit_187.jpg,10,Inductor,1,2,n4,n4,ok,2,pose2,0.1201
circuit_187.jpg,11,Inductor,0,2,n1,n1,ok,2,pose2,0.1248
circuit_187.jpg,11,Inductor,1,2,n5,n5,ok,2,pose2,0.1248
circuit_187.jpg,12,Capacitor,0,2,n5,n5,ok,2,pose0,0.172
circuit_187.jpg,12,Capacitor,1,2,0,0,ok,2,pose0,0.172
circuit_187.jpg,13,Inductor,0,2,n1,n1,ok,2,pose2,0.1206
circuit_187.jpg,13,Inductor,1,2,n3,n3,ok,2,pose2,0.1206
circuit_19.jpg,0,I-DC,0,2,n4,0,swapped,2,pose6,0.0953
circuit_19.jpg,0,I-DC,1,2,0,n4,swapped,2,pose6,0.0953
circuit_19.jpg,1,V-DC,0,2,n1,n1,ok,2,pose0,0.0961
circuit_19.jpg,1,V-DC,1,2,n5,n5,ok,2,pose0,0.0961
circuit_19.jpg,2,GND,0,1,0,0,ok,1,,
circuit_19.jpg,3,Resistor,0,2,n3,n3,ok,2,pose0,0.1106
circuit_19.jpg,3,Resistor,1,2,n4,n4,ok,2,pose0,0.1106
circuit_19.jpg,4,Resistor,0,2,n5,n5,ok,2,pose0,0.106
circuit_19.jpg,4,Resistor,1,2,0,0,ok,2,pose0,0.106
circuit_19.jpg,5,Inductor,0,2,n2,n2,ok,2,pose0,0.1119
circuit_19.jpg,5,Inductor,1,2,n3,n3,ok,2,pose0,0.1119
circuit_19.jpg,6,Resistor,0,2,n1,n1,ok,2,pose0,0.1059
circuit_19.jpg,6,Resistor,1,2,n2,n2,ok,2,pose0,0.1059
circuit_19.jpg,7,Inductor,0,2,n3,n3,ok,2,pose2,0.1075
circuit_19.jpg,7,Inductor,1,2,0,0,ok,2,pose2,0.1075
circuit_19.jpg,8,Inductor,0,2,n2,n2,ok,2,pose2,0.1087
circuit_19.jpg,8,Inductor,1,2,n5,n5,ok,2,pose2,0.1087
circuit_193.jpg,0,V-DC,0,2,n6,n8,swapped,2,pose6,0.1047
circuit_193.jpg,0,V-DC,1,2,n8,n6,swapped,2,pose6,0.1047
circuit_193.jpg,1,Inductor,0,2,n1,n1,ok,2,pose0,0.1153
circuit_193.jpg,1,Inductor,1,2,n2,n2,ok,2,pose0,0.1153
circuit_193.jpg,2,Inductor,0,2,n9,n9,ok,2,pose0,0.1236
circuit_193.jpg,2,Inductor,1,2,n10,n10,ok,2,pose0,0.1236
circuit_193.jpg,3,Zener Diode,0,2,n5,n6,swapped,2,pose4,0.1493
circuit_193.jpg,3,Zener Diode,1,2,n6,n5,swapped,2,pose4,0.1493
circuit_193.jpg,4,Inductor,0,2,n4,n4,ok,2,pose0,0.1219
circuit_193.jpg,4,Inductor,1,2,n5,n5,ok,2,pose0,0.1219
circuit_193.jpg,5,Resistor,0,2,n3,n3,ok,2,pose0,0.1259
circuit_193.jpg,5,Resistor,1,2,n4,n4,ok,2,pose0,0.1259
circuit_193.jpg,6,Zener Diode,0,2,n3,n6,swapped,2,pose4,0.1497
circuit_193.jpg,6,Zener Diode,1,2,n6,n3,swapped,2,pose4,0.1497
circuit_193.jpg,7,Inductor,0,2,n6,n6,ok,2,pose2,0.1294
circuit_193.jpg,7,Inductor,1,2,n7,n7,ok,2,pose2,0.1294
circuit_193.jpg,8,Resistor,0,2,n6,n6,ok,2,pose2,0.1297
circuit_193.jpg,8,Resistor,1,2,n10,n10,ok,2,pose2,0.1297
circuit_193.jpg,9,Resistor,0,2,n8,n8,ok,2,pose0,0.1395
circuit_193.jpg,9,Resistor,1,2,n9,n9,ok,2,pose0,0.1395
circuit_193.jpg,10,Capacitor,0,2,n2,n2,ok,2,pose2,0.1786
circuit_193.jpg,10,Capacitor,1,2,n3,n3,ok,2,pose2,0.1786
circuit_193.jpg,11,Resistor,0,2,n6,n6,ok,2,pose2,0.1311
circuit_193.jpg,11,Resistor,1,2,n8,n8,ok,2,pose2,0.1311
circuit_193.jpg,12,Diode,0,2,n7,n7,ok,2,pose0,0.1642
circuit_193.jpg,12,Diode,1,2,n10,n10,ok,2,pose0,0.1642
circuit_193.jpg,13,Diode,0,2,n5,n5,ok,2,pose0,0.1646
circuit_193.jpg,13,Diode,1,2,n6,n6,ok,2,pose0,0.1646
circuit_193.jpg,14,Diode,0,2,n4,n4,ok,2,pose0,0.1634
circuit_193.jpg,14,Diode,1,2,n6,n6,ok,2,pose0,0.1634
circuit_193.jpg,15,Resistor,0,2,n10,n10,ok,2,pose2,0.146
circuit_193.jpg,15,Resistor,1,2,0,0,ok,2,pose2,0.146
circuit_193.jpg,16,GND,0,1,0,0,ok,1,,
circuit_193.jpg,17,V-AC,0,2,n1,n1,ok,2,pose2,0.1056
circuit_193.jpg,17,V-AC,1,2,n6,n6,ok,2,pose2,0.1056
circuit_193.jpg,18,Zener Diode,0,2,n6,n8,swapped,2,pose4,0.1429
circuit_193.jpg,18,Zener Diode,1,2,n8,n6,swapped,2,pose4,0.1429
circuit_193.jpg,19,Zener Diode,0,2,n6,n9,swapped,2,pose4,0.1427
circuit_193.jpg,19,Zener Diode,1,2,n9,n6,swapped,2,pose4,0.1427
circuit_198.jpg,0,Inductor,0,2,n2,n2,ok,2,pose0,0.1076
circuit_198.jpg,0,Inductor,1,2,n4,n4,ok,2,pose0,0.1076
circuit_198.jpg,1,V-AC,0,2,0,0,ok,2,pose2,0.1034
circuit_198.jpg,1,V-AC,1,2,n2,n2,ok,2,pose2,0.1034
circuit_198.jpg,2,I-DC,0,2,n1,0,swapped,2,pose6,0.0992
circuit_198.jpg,2,I-DC,1,2,0,n1,swapped,2,pose6,0.0992
circuit_198.jpg,3,GND,0,1,0,0,ok,1,,
circuit_198.jpg,4,Capacitor,0,2,n1,n1,ok,2,pose2,0.1714
circuit_198.jpg,4,Capacitor,1,2,n3,n3,ok,2,pose2,0.1714
circuit_198.jpg,5,Capacitor,0,2,0,0,ok,2,pose2,0.1798
circuit_198.jpg,5,Capacitor,1,2,n5,n5,ok,2,pose2,0.1798
circuit_198.jpg,6,Capacitor,0,2,n4,n4,ok,2,pose2,0.1883
circuit_198.jpg,6,Capacitor,1,2,n6,n6,ok,2,pose2,0.1883
circuit_198.jpg,7,Inductor,0,2,n3,n3,ok,2,pose0,0.1122
circuit_198.jpg,7,Inductor,1,2,0,0,ok,2,pose0,0.1122
circuit_198.jpg,8,Inductor,0,2,n5,n5,ok,2,pose0,0.1152
circuit_198.jpg,8,Inductor,1,2,n7,n7,ok,2,pose0,0.1152
circuit_198.jpg,9,Diode,0,2,n3,n3,ok,2,pose0,0.1562
circuit_198.jpg,9,Diode,1,2,0,0,ok,2,pose0,0.1562
circuit_198.jpg,10,Diode,0,2,n5,n5,ok,2,pose0,0.1525
circuit_198.jpg,10,Diode,1,2,n4,n4,ok,2,pose0,0.1525
circuit_198.jpg,11,Diode,0,2,0,0,ok,2,pose0,0.1581
circuit_198.jpg,11,Diode,1,2,n5,n5,ok,2,pose0,0.1581
circuit_198.jpg,12,Diode,0,2,n7,n7,ok,2,pose0,0.1534
circuit_198.jpg,12,Diode,1,2,n6,n6,ok,2,pose0,0.1534
circuit_198.jpg,13,Diode,0,2,0,0,ok,2,pose0,0.1502
circuit_198.jpg,13,Diode,1,2,n7,n7,ok,2,pose0,0.1502
circuit_198.jpg,14,Resistor,0,2,0,0,ok,2,pose2,0.1168
circuit_198.jpg,14,Resistor,1,2,n7,n7,ok,2,pose2,0.1168
circuit_198.jpg,15,GND,0,1,0,0,ok,1,,
circuit_198.jpg,16,Zener Diode,0,2,0,n4,swapped,2,pose4,0.1266
circuit_198.jpg,16,Zener Diode,1,2,n4,0,swapped,2,pose4,0.1266
circuit_198.jpg,17,Zener Diode,0,2,n3,n3,ok,2,pose2,0.1252
circuit_198.jpg,17,Zener Diode,1,2,n5,n5,ok,2,pose2,0.1252
circuit_198.jpg,18,Zener Diode,0,2,n5,n5,ok,2,pose2,0.1306
circuit_198.jpg,18,Zener Diode,1,2,n6,n6,ok,2,pose2,0.1306
circuit_205.jpg,0,I-AC,0,2,0,0,ok,2,pose2,0.1065
circuit_205.jpg,0,I-AC,1,2,n8,n8,ok,2,pose2,0.1065
circuit_205.jpg,1,V-DC,0,2,n5,n5,ok,2,pose0,0.1098
circuit_205.jpg,1,V-DC,1,2,0,0,ok,2,pose0,0.1098
circuit_205.jpg,2,MOSFET-P,0,3,n6,n7,swapped,3,pose6,0.1505
circuit_205.jpg,2,MOSFET-P,1,3,n7,0,swapped,3,pose6,0.1505
circuit_205.jpg,2,MOSFET-P,2,3,0,n6,swapped,3,pose6,0.1505
circuit_205.jpg,3,I-AC,0,2,0,0,ok,2,pose2,0.1075
circuit_205.jpg,3,I-AC,1,2,n7,n7,ok,2,pose2,0.1075
circuit_205.jpg,4,MOSFET-P,0,3,n3,n3,ok,3,pose2,0.1657
circuit_205.jpg,4,MOSFET-P,1,3,n8,n6,swapped,3,pose2,0.1657
circuit_205.jpg,4,MOSFET-P,2,3,n6,n8,swapped,3,pose2,0.1657
circuit_205.jpg,5,MOSFET-N,0,3,n3,n4,swapped,3,pose6,0.1653
circuit_205.jpg,5,MOSFET-N,1,3,n4,n2,swapped,3,pose6,0.1653
circuit_205.jpg,5,MOSFET-N,2,3,n2,n3,swapped,3,pose6,0.1653
circuit_205.jpg,6,GND,0,1,0,0,ok,1,,
circuit_205.jpg,7,GND,0,1,0,0,ok,1,,
circuit_205.jpg,8,V-AC,0,2,0,0,ok,2,pose2,0.1129
circuit_205.jpg,8,V-AC,1,2,n1,n1,ok,2,pose2,0.1129
circuit_205.jpg,9,MOSFET-N,0,3,n5,n1,swapped,3,pose6,0.1566
circuit_205.jpg,9,MOSFET-N,1,3,n1,n3,swapped,3,pose6,0.1566
circuit_205.jpg,9,MOSFET-N,2,3,n3,n5,swapped,3,pose6,0.1566
circuit_205.jpg,10,V-AC,0,2,0,0,ok,2,pose2,0.1673
circuit_205.jpg,10,V-AC,1,2,n4,n4,ok,2,pose2,0.1673
circuit_205.jpg,11,MOSFET-P,0,3,n5,n5,ok,3,pose2,0.1674
circuit_205.jpg,11,MOSFET-P,1,3,n4,n3,swapped,3,pose2,0.1674
circuit_205.jpg,11,MOSFET-P,2,3,n3,n4,swapped,3,pose2,0.1674
circuit_205.jpg,12,Resistor,0,2,n2,n2,ok,2,pose0,0.1367
circuit_205.jpg,12,Resistor,1,2,n6,n6,ok,2,pose0,0.1367
circuit_205.jpg,13,Zener Diode,0,2,n4,n5,swapped,2,pose4,0.1375
circuit_205.jpg,13,Zener Diode,1,2,n5,n4,swapped,2,pose4,0.1375
circuit_205.jpg,14,MOSFET-N,0,3,n2,n1,swapped,3,pose6,0.1587
circuit_205.jpg,14,MOSFET-N,1,3,n1,0,swapped,3,pose6,0.1587
circuit_205.jpg,14,MOSFET-N,2,3,0,n2,swapped,3,pose6,0.1587
circuit_210.jpg,0,V-DC,0,2,n1,n1,ok,2,pose0,0.1183
circuit_210.jpg,0,V-DC,1,2,0,0,ok,2,pose0,0.1183
circuit_210.jpg,1,I-AC,0,2,n7,n7,ok,2,pose2,0.1202
circuit_210.jpg,1,I-AC,1,2,0,0,ok,2,pose2,0.1202
circuit_210.jpg,2,I-AC,0,2,n8,n8,ok,2,pose2,0.1335
circuit_210.jpg,2,I-AC,1,2,0,0,ok,2,pose2,0.1335
circuit_210.jpg,3,V-AC,0,2,n3,n3,ok,2,pose2,0.1189
circuit_210.jpg,3,V-AC,1,2,0,0,ok,2,pose2,0.1189
circuit_210.jpg,4,Resistor,0,2,n5,n5,ok,2,pose0,0.1278
circuit_210.jpg,4,Resistor,1,2,n6,n6,ok,2,pose0,0.1278
circuit_210.jpg,5,V-AC,0,2,n4,n4,ok,2,pose2,0.1223
circuit_210.jpg,5,V-AC,1,2,0,0,ok,2,pose2,0.1223
circuit_210.jpg,6,GND,0,1,0,0,ok,1,,
circuit_210.jpg,7,MOSFET-N,0,3,n1,n4,swapped,3,pose6,0.1779
circuit_210.jpg,7,MOSFET-N,1,3,n4,n2,swapped,3,pose6,0.1779
circuit_210.jpg,7,MOSFET-N,2,3,n2,n1,swapped,3,pose6,0.1779
circuit_210.jpg,8,MOSFET-P,0,3,0,0,ok,3,pose2,0.1822
circuit_210.jpg,8,MOSFET-P,1,3,n8,n6,swapped,3,pose2,0.1822
circuit_210.jpg,8,MOSFET-P,2,3,n6,n8,swapped,3,pose2,0.1822
circuit_210.jpg,9,Zener Diode,0,2,n1,n3,swapped,2,pose4,0.137
circuit_210.jpg,9,Zener Diode,1,2,n3,n1,swapped,2,pose4,0.137
circuit_210.jpg,10,MOSFET-N,0,3,n2,n3,swapped,3,pose6,0.1749
circuit_210.jpg,10,MOSFET-N,1,3,n3,n5,swapped,3,pose6,0.1749
circuit_210.jpg,10,MOSFET-N,2,3,n5,n2,swapped,3,pose6,0.1749
circuit_210.jpg,11,MOSFET-P,0,3,n2,n2,ok,3,pose2,0.1743
circuit_210.jpg,11,MOSFET-P,1,3,n3,n1,swapped,3,pose2,0.1743
circuit_210.jpg,11,MOSFET-P,2,3,n1,n3,swapped,3,pose2,0.1743
circuit_210.jpg,12,MOSFET-N,0,3,n5,n4,swapped,3,pose6,0.1799
circuit_210.jpg,12,MOSFET-N,1,3,n4,0,swapped,3,pose6,0.1799
circuit_210.jpg,12,MOSFET-N,2,3,0,n5,swapped,3,pose6,0.1799
circuit_210.jpg,13,MOSFET-P,0,3,n6,n7,swapped,3,pose6,0.1352
circuit_210.jpg,13,MOSFET-P,1,3,n7,n2,swapped,3,pose6,0.1352
circuit_210.jpg,13,MOSFET-P,2,3,n2,n6,swapped,3,pose6,0.1352
circuit_210.jpg,14,GND,0,1,0,0,ok,1,,
circuit_215.jpg,0,I-AC,0,2,0,0,ok,2,pose2,0.108
circuit_215.jpg,0,I-AC,1,2,n7,n7,ok,2,pose2,0.108
circuit_215.jpg,1,V-DC,0,2,n2,0,swapped,2,pose4,0.1058
circuit_215.jpg,1,V-DC,1,2,0,n2,swapped,2,pose4,0.1058
circuit_215.jpg,2,I-AC,0,2,0,0,ok,2,pose0,0.1009
circuit_215.jpg,2,I-AC,1,2,n8,n8,ok,2,pose0,0.1009
circuit_215.jpg,3,MOSFET-P,0,3,n5,n5,ok,3,pose0,0.2592
circuit_215.jpg,3,MOSFET-P,1,3,n8,n6,swapped,3,pose0,0.2592
circuit_215.jpg,3,MOSFET-P,2,3,n6,n8,swapped,3,pose0,0.2592
circuit_215.jpg,4,V-AC,0,2,0,0,ok,2,pose2,0.1071
circuit_215.jpg,4,V-AC,1,2,n1,n1,ok,2,pose2,0.1071
circuit_215.jpg,5,MOSFET-P,0,3,n2,n2,ok,3,pose0,0.2461
circuit_215.jpg,5,MOSFET-P,1,3,n1,n5,swapped,3,pose0,0.2461
circuit_215.jpg,5,MOSFET-P,2,3,n5,n1,swapped,3,pose0,0.2461
circuit_215.jpg,6,V-AC,0,2,0,0,ok,2,pose2,0.1137
circuit_215.jpg,6,V-AC,1,2,n3,n3,ok,2,pose2,0.1137
circuit_215.jpg,7,MOSFET-P,0,3,n6,n6,ok,3,pose2,0.2119
circuit_215.jpg,7,MOSFET-P,1,3,n7,0,swapped,3,pose2,0.2119
circuit_215.jpg,7,MOSFET-P,2,3,0,n7,swapped,3,pose2,0.2119
circuit_215.jpg,8,GND,0,1,0,0,ok,1,,
circuit_215.jpg,9,Zener Diode,0,2,n1,n2,swapped,2,pose4,0.1446
circuit_215.jpg,9,Zener Diode,1,2,n2,n1,swapped,2,pose4,0.1446
circuit_215.jpg,10,MOSFET-N,0,3,n4,n3,swapped,3,pose6,0.159
circuit_215.jpg,10,MOSFET-N,1,3,n3,0,swapped,3,pose6,0.159
circuit_215.jpg,10,MOSFET-N,2,3,0,n4,swapped,3,pose6,0.159
circuit_215.jpg,11,MOSFET-N,0,3,n5,n1,swapped,3,pose4,0.1539
circuit_215.jpg,11,MOSFET-N,1,3,n1,n4,swapped,3,pose4,0.1539
circuit_215.jpg,11,MOSFET-N,2,3,n4,n5,swapped,3,pose4,0.1539
circuit_215.jpg,12,Resistor,0,2,n4,n4,ok,2,pose0,0.1453
circuit_215.jpg,12,Resistor,1,2,n6,n6,ok,2,pose0,0.1453
circuit_215.jpg,13,GND,0,1,0,0,ok,1,,
circuit_215.jpg,14,MOSFET-N,0,3,n2,n3,swapped,3,pose6,0.1717
circuit_215.jpg,14,MOSFET-N,1,3,n3,n5,swapped,3,pose6,0.1717
circuit_215.jpg,14,MOSFET-N,2,3,n5,n2,swapped,3,pose6,0.1717
circuit_226.jpg,0,Resistor,0,2,n11,n11,ok,2,pose0,0.1087
circuit_226.jpg,0,Resistor,1,2,n5,n5,ok,2,pose0,0.1087
circuit_226.jpg,1,Op-Amp,0,3,0,n9,swapped,3,pose6,0.1539
circuit_226.jpg,1,Op-Amp,1,3,n8,0,swapped,3,pose6,0.1539
circuit_226.jpg,1,Op-Amp,2,3,n9,n8,swapped,3,pose6,0.1539
circuit_226.jpg,2,Op-Amp,0,3,0,n2,swapped,3,pose3,0.2102
circuit_226.jpg,2,Op-Amp,1,3,n1,0,swapped,3,pose3,0.2102
circuit_226.jpg,2,Op-Amp,2,3,n2,n1,swapped,3,pose3,0.2102
circuit_226.jpg,3,Resistor,0,2,n9,n9,ok,2,pose0,0.1128
circuit_226.jpg,3,Resistor,1,2,n5,n5,ok,2,pose0,0.1128
circuit_226.jpg,4,V-DC,0,2,n1,0,swapped,2,pose4,0.1142
circuit_226.jpg,4,V-DC,1,2,0,n1,swapped,2,pose4,0.1142
circuit_226.jpg,5,Resistor,0,2,n4,n4,ok,2,pose0,0.1143
circuit_226.jpg,5,Resistor,1,2,n5,n5,ok,2,pose0,0.1143
circuit_226.jpg,6,Op-Amp,0,3,0,n6,swapped,3,pose3,0.2056
circuit_226.jpg,6,Op-Amp,1,3,n7,0,swapped,3,pose3,0.2056
circuit_226.jpg,6,Op-Amp,2,3,n6,n7,swapped,3,pose3,0.2056
circuit_226.jpg,7,Op-Amp,0,3,0,n11,swapped,3,pose3,0.1981
circuit_226.jpg,7,Op-Amp,1,3,n10,0,swapped,3,pose3,0.1981
circuit_226.jpg,7,Op-Amp,2,3,n11,n10,swapped,3,pose3,0.1981
circuit_226.jpg,8,Inductor,0,2,n7,n7,ok,2,pose0,0.1119
circuit_226.jpg,8,Inductor,1,2,n6,n6,ok,2,pose0,0.1119
circuit_226.jpg,9,Inductor,0,2,n3,n3,ok,2,pose0,0.1153
circuit_226.jpg,9,Inductor,1,2,n4,n4,ok,2,pose0,0.1153
circuit_226.jpg,10,I-DC,0,2,n7,0,swapped,2,pose6,0.1078
circuit_226.jpg,10,I-DC,1,2,0,n7,swapped,2,pose6,0.1078
circuit_226.jpg,11,Op-Amp,0,3,n6,n4,swapped,3,pose3,0.2103
circuit_226.jpg,11,Op-Amp,1,3,n3,n6,swapped,3,pose3,0.2103
circuit_226.jpg,11,Op-Amp,2,3,n4,n3,swapped,3,pose3,0.2103
circuit_226.jpg,12,Resistor,0,2,n6,n6,ok,2,pose0,0.1113
circuit_226.jpg,12,Resistor,1,2,n8,n8,ok,2,pose0,0.1113
circuit_226.jpg,13,Resistor,0,2,n2,n2,ok,2,pose0,0.1207
circuit_226.jpg,13,Resistor,1,2,n3,n3,ok,2,pose0,0.1207
circuit_226.jpg,14,Capacitor,0,2,n1,n1,ok,2,pose0,0.1644
circuit_226.jpg,14,Capacitor,1,2,n2,n2,ok,2,pose0,0.1644
circuit_226.jpg,15,Inductor,0,2,n10,n10,ok,3,pose0,0.1136
circuit_226.jpg,15,Inductor,1,2,n11,n11,ok,3,pose0,0.1136
circuit_226.jpg,16,GND,0,1,0,0,ok,1,,
circuit_226.jpg,17,Capacitor,0,2,n8,n8,ok,2,pose2,0.1721
circuit_226.jpg,17,Capacitor,1,2,n9,n9,ok,2,pose2,0.1721
circuit_226.jpg,18,GND,0,1,0,0,ok,1,,
circuit_226.jpg,19,GND,0,1,0,0,ok,1,,
circuit_226.jpg,20,GND,0,1,0,0,ok,1,,
circuit_226.jpg,21,GND,0,1,0,0,ok,1,,
circuit_226.jpg,22,GND,0,1,0,0,ok,1,,
circuit_226.jpg,23,Capacitor,0,2,n6,n6,ok,2,pose0,0.1547
circuit_226.jpg,23,Capacitor,1,2,n10,n10,ok,2,pose0,0.1547
circuit_230.jpg,0,V-DC,0,2,0,0,ok,2,pose0,0.0984
circuit_230.jpg,0,V-DC,1,2,n1,n1,ok,2,pose0,0.0984
circuit_230.jpg,1,I-DC,0,2,0,0,ok,2,pose0,0.0985
circuit_230.jpg,1,I-DC,1,2,n2,n2,ok,2,pose0,0.0985
circuit_230.jpg,2,Capacitor,0,2,n4,n4,ok,2,pose0,0.154
circuit_230.jpg,2,Capacitor,1,2,n1,n1,ok,2,pose0,0.154
circuit_230.jpg,3,Resistor,0,2,0,0,ok,2,pose2,0.112
circuit_230.jpg,3,Resistor,1,2,n4,n4,ok,2,pose2,0.112
circuit_230.jpg,4,Resistor,0,2,0,0,ok,2,pose2,0.1117
circuit_230.jpg,4,Resistor,1,2,n3,n3,ok,2,pose2,0.1117
circuit_230.jpg,5,GND,0,1,0,0,ok,1,,
circuit_230.jpg,6,Inductor,0,2,n2,n2,ok,2,pose0,0.1105
circuit_230.jpg,6,Inductor,1,2,n3,n3,ok,2,pose0,0.1105
circuit_230.jpg,7,Resistor,0,2,n1,n1,ok,2,pose0,0.1139
circuit_230.jpg,7,Resistor,1,2,n2,n2,ok,2,pose0,0.1139
circuit_238.jpg,0,I-AC,0,2,n2,n2,ok,2,pose0,0.1104
circuit_238.jpg,0,I-AC,1,2,n3,n3,ok,2,pose0,0.1104
circuit_238.jpg,1,V-DC,0,2,0,0,ok,2,pose0,0.1052
circuit_238.jpg,1,V-DC,1,2,n4,n4,ok,2,pose0,0.1052
circuit_238.jpg,2,V-DC,0,2,n3,n3,ok,2,pose0,0.1031
circuit_238.jpg,2,V-DC,1,2,n4,n4,ok,2,pose0,0.1031
circuit_238.jpg,3,Capacitor,0,2,n5,n5,ok,2,pose2,0.1724
circuit_238.jpg,3,Capacitor,1,2,n4,n4,ok,2,pose2,0.1724
circuit_238.jpg,4,GND,0,1,0,0,ok,1,,
circuit_238.jpg,5,V-AC,0,2,n1,n1,ok,2,pose0,0.1029
circuit_238.jpg,5,V-AC,1,2,n2,n2,ok,2,pose0,0.1029
circuit_238.jpg,6,I-DC,0,2,n4,0,swapped,2,pose4,0.1109
circuit_238.jpg,6,I-DC,1,2,0,n4,swapped,2,pose4,0.1109
circuit_238.jpg,7,Inductor,0,2,n1,n1,ok,2,pose0,0.145
circuit_238.jpg,7,Inductor,1,2,n5,n5,ok,2,pose0,0.145
circuit_238.jpg,8,Capacitor,0,2,n6,n6,ok,2,pose2,0.1835
circuit_238.jpg,8,Capacitor,1,2,0,0,ok,2,pose2,0.1835
circuit_238.jpg,9,Capacitor,0,2,n3,n3,ok,2,pose2,0.1804
circuit_238.jpg,9,Capacitor,1,2,n4,n4,ok,2,pose2,0.1804
circuit_238.jpg,10,Inductor,0,2,n1,n1,ok,2,pose0,0.1304
circuit_238.jpg,10,Inductor,1,2,n3,n3,ok,2,pose0,0.1304
circuit_238.jpg,11,Capacitor,0,2,n2,n2,ok,2,pose2,0.1873
circuit_238.jpg,11,Capacitor,1,2,n4,n4,ok,2,pose2,0.1873
circuit_238.jpg,12,Inductor,0,2,n1,n1,ok,2,pose0,0.1464
circuit_238.jpg,12,Inductor,1,2,n6,n6,ok,2,pose0,0.1464
circuit_238.jpg,13,Inductor,0,2,n1,n1,ok,2,pose0,0.1379
circuit_238.jpg,13,Inductor,1,2,n2,n2,ok,2,pose0,0.1379
circuit_260.jpg,0,Resistor,0,2,n3,n3,ok,2,pose0,0.1177
circuit_260.jpg,0,Resistor,1,2,n2,n2,ok,2,pose0,0.1177
circuit_260.jpg,1,V-AC,0,2,0,0,ok,2,pose2,0.1051
circuit_260.jpg,1,V-AC,1,2,n3,n3,ok,2,pose2,0.1051
circuit_260.jpg,2,Resistor,0,2,n1,n1,ok,2,pose2,0.1176
circuit_260.jpg,2,Resistor,1,2,n2,n2,ok,2,pose2,0.1176
circuit_260.jpg,3,Inductor,0,2,0,0,ok,2,pose2,0.1233
circuit_260.jpg,3,Inductor,1,2,n1,n1,ok,2,pose2,0.1233
circuit_260.jpg,4,GND,0,1,0,0,ok,1,,
circuit_260.jpg,5,Capacitor,0,2,0,0,ok,2,pose0,0.1608
circuit_260.jpg,5,Capacitor,1,2,n2,n2,ok,2,pose0,0.1608
circuit_263.jpg,0,V-DC,0,2,0,n3,swapped,2,pose6,0.0954
circuit_263.jpg,0,V-DC,1,2,n3,0,swapped,2,pose6,0.0954
circuit_263.jpg,1,I-DC,0,2,0,n2,swapped,2,pose6,0.0928
circuit_263.jpg,1,I-DC,1,2,n2,0,swapped,2,pose6,0.0928
circuit_263.jpg,2,Capacitor,0,2,0,0,ok,2,pose0,0.1582
circuit_263.jpg,2,Capacitor,1,2,n2,n2,ok,2,pose0,0.1582
circuit_263.jpg,3,Inductor,0,2,n3,n3,ok,2,pose0,0.1109
circuit_263.jpg,3,Inductor,1,2,n1,n1,ok,2,pose0,0.1109
circuit_263.jpg,4,Resistor,0,2,0,0,ok,2,pose2,0.1123
circuit_263.jpg,4,Resistor,1,2,n1,n1,ok,2,pose2,0.1123
circuit_263.jpg,5,GND,0,1,0,0,ok,1,,
circuit_267.jpg,0,V-DC,0,2,n1,n1,ok,2,pose0,0.0972
circuit_267.jpg,0,V-DC,1,2,0,0,ok,2,pose0,0.0972
circuit_267.jpg,1,I-DC,0,2,n3,0,swapped,2,pose4,0.0923
circuit_267.jpg,1,I-DC,1,2,0,n3,swapped,2,pose4,0.0923
circuit_267.jpg,2,Capacitor,0,2,n2,n2,ok,2,pose0,0.1553
circuit_267.jpg,2,Capacitor,1,2,0,0,ok,2,pose0,0.1553
circuit_267.jpg,3,Inductor,0,2,n2,n2,ok,2,pose0,0.1094
circuit_267.jpg,3,Inductor,1,2,n3,n3,ok,2,pose0,0.1094
circuit_267.jpg,4,GND,0,1,0,0,ok,1,,
circuit_267.jpg,5,Resistor,0,2,n1,n1,ok,2,pose0,0.1146
circuit_267.jpg,5,Resistor,1,2,n2,n2,ok,2,pose0,0.1146
circuit_294.jpg,0,Diode,0,2,n13,n13,ok,2,pose0,0.1676
circuit_294.jpg,0,Diode,1,2,n12,n12,ok,2,pose0,0.1676
circuit_294.jpg,1,Diode,0,2,n11,n11,ok,2,pose0,0.1628
circuit_294.jpg,1,Diode,1,2,n12,n12,ok,2,pose0,0.1628
circuit_294.jpg,2,BJT-PNP,0,3,n14,n14,ok,3,pose2,0.1452
circuit_294.jpg,2,BJT-PNP,1,3,n11,n15,swapped,3,pose2,0.1452
circuit_294.jpg,2,BJT-PNP,2,3,n15,n11,swapped,3,pose2,0.1452
circuit_294.jpg,3,BJT-NPN,0,3,n15,n15,ok,3,pose2,0.1516
circuit_294.jpg,3,BJT-NPN,1,3,n14,0,swapped,3,pose2,0.1516
circuit_294.jpg,3,BJT-NPN,2,3,0,n14,swapped,3,pose2,0.1516
circuit_294.jpg,4,BJT-NPN,0,3,n11,n11,ok,3,pose2,0.149
circuit_294.jpg,4,BJT-NPN,1,3,n8,0,swapped,3,pose2,0.149
circuit_294.jpg,4,BJT-NPN,2,3,0,n8,swapped,3,pose2,0.149
circuit_294.jpg,5,Resistor,0,2,n7,n7,ok,2,pose0,0.1453
circuit_294.jpg,5,Resistor,1,2,n15,n15,ok,2,pose0,0.1453
circuit_294.jpg,6,Resistor,0,2,n5,n5,ok,2,pose2,0.14
circuit_294.jpg,6,Resistor,1,2,n6,n6,ok,2,pose2,0.14
circuit_294.jpg,7,Resistor,0,2,n4,n4,ok,2,pose0,0.1343
circuit_294.jpg,7,Resistor,1,2,n7,n7,ok,2,pose0,0.1343
circuit_294.jpg,8,BJT-PNP,0,3,0,0,ok,3,pose2,0.2197
circuit_294.jpg,8,BJT-PNP,1,3,n1,n2,swapped,3,pose2,0.2197
circuit_294.jpg,8,BJT-PNP,2,3,n2,n1,swapped,3,pose2,0.2197
circuit_294.jpg,9,BJT-NPN,0,3,n8,n9,swapped,3,pose6,0.1452
circuit_294.jpg,9,BJT-NPN,1,3,n9,0,swapped,3,pose6,0.1452
circuit_294.jpg,9,BJT-NPN,2,3,0,n8,swapped,3,pose6,0.1452
circuit_294.jpg,10,BJT-PNP,0,3,n3,n3,ok,3,pose2,0.229
circuit_294.jpg,10,BJT-PNP,1,3,n2,n4,swapped,3,pose2,0.229
circuit_294.jpg,10,BJT-PNP,2,3,n4,n2,swapped,3,pose2,0.229
circuit_294.jpg,11,BJT-NPN,0,3,n3,n9,swapped,3,pose6,0.1622
circuit_294.jpg,11,BJT-NPN,1,3,n9,0,swapped,3,pose6,0.1622
circuit_294.jpg,11,BJT-NPN,2,3,0,n3,swapped,3,pose6,0.1622
circuit_294.jpg,12,BJT-PNP,0,3,n8,n8,ok,3,pose2,0.2512
circuit_294.jpg,12,BJT-PNP,1,3,n10,n7,swapped,3,pose2,0.2512
circuit_294.jpg,12,BJT-PNP,2,3,n7,n10,swapped,3,pose2,0.2512
circuit_294.jpg,13,BJT-NPN,0,3,n6,n13,swapped,3,pose6,0.1628
circuit_294.jpg,13,BJT-NPN,1,3,n13,n15,swapped,3,pose6,0.1628
circuit_294.jpg,13,BJT-NPN,2,3,n15,n6,swapped,3,pose6,0.1628
circuit_294.jpg,14,GND,0,1,0,0,ok,1,,
circuit_294.jpg,15,Resistor,0,2,n4,n4,ok,2,pose2,0.1471
circuit_294.jpg,15,Resistor,1,2,n5,n5,ok,2,pose2,0.1471
circuit_294.jpg,16,Resistor,0,2,0,0,ok,2,pose2,0.1417
circuit_294.jpg,16,Resistor,1,2,n1,n1,ok,2,pose2,0.1417
circuit_294.jpg,17,Resistor,0,2,0,0,ok,2,pose2,0.1454
circuit_294.jpg,17,Resistor,1,2,n10,n10,ok,2,pose2,0.1454
circuit_294.jpg,18,V-DC (one port),0,1,n5,n5,ok,1,any,0.3751
circuit_294.jpg,19,V-DC (one port),0,1,n7,n7,ok,1,any,0.3803
circuit_294.jpg,20,V-DC (one port),0,1,n1,n1,ok,1,any,0.3839
circuit_294.jpg,21,V-DC (one port),0,1,n6,n6,ok,1,any,0.4019
circuit_294.jpg,22,V-DC (one port),0,1,n15,n15,ok,1,any,0.405
circuit_294.jpg,23,V-DC (one port),0,1,n10,n10,ok,1,any,0.3752
circuit_297.jpg,0,BJT-NPN,0,3,n10,n10,ok,3,pose2,0.1372
circuit_297.jpg,0,BJT-NPN,1,3,n12,0,swapped,3,pose2,0.1372
circuit_297.jpg,0,BJT-NPN,2,3,0,n12,swapped,3,pose2,0.1372
circuit_297.jpg,1,BJT-PNP,0,3,n4,n4,ok,3,pose2,0.2137
circuit_297.jpg,1,BJT-PNP,1,3,n11,n10,swapped,3,pose2,0.2137
circuit_297.jpg,1,BJT-PNP,2,3,n10,n11,swapped,3,pose2,0.2137
circuit_297.jpg,2,Resistor,0,2,n11,n11,ok,2,pose2,0.1223
circuit_297.jpg,2,Resistor,1,2,0,0,ok,2,pose2,0.1223
circuit_297.jpg,3,Resistor,0,2,n2,n2,ok,2,pose2,0.1257
circuit_297.jpg,3,Resistor,1,2,n1,n1,ok,2,pose2,0.1257
circuit_297.jpg,4,Resistor,0,2,n1,n1,ok,2,pose2,0.1203
circuit_297.jpg,4,Resistor,1,2,n3,n3,ok,2,pose2,0.1203
circuit_297.jpg,5,BJT-PNP,0,3,n8,n8,ok,3,pose2,0.2254
circuit_297.jpg,5,BJT-PNP,1,3,n7,n3,swapped,3,pose2,0.2254
circuit_297.jpg,5,BJT-PNP,2,3,n3,n7,swapped,3,pose2,0.2254
circuit_297.jpg,6,V-DC (one port),0,1,n9,n9,ok,1,any,0.355
circuit_297.jpg,7,BJT-PNP,0,3,0,n9,swapped,3,pose0,0.1669
circuit_297.jpg,7,BJT-PNP,1,3,n9,0,swapped,3,pose0,0.1669
circuit_297.jpg,7,BJT-PNP,2,3,n7,n7,ok,3,pose0,0.1669
circuit_297.jpg,8,Resistor,0,2,n4,n4,ok,2,pose0,0.1332
circuit_297.jpg,8,Resistor,1,2,n5,n5,ok,2,pose0,0.1332
circuit_297.jpg,9,V-DC (one port),0,1,n5,n5,ok,1,any,0.3576
circuit_297.jpg,10,V-DC (one port),0,1,n4,n4,ok,1,any,0.3603
circuit_297.jpg,11,BJT-PNP,0,3,n14,n14,ok,3,pose2,0.2369
circuit_297.jpg,11,BJT-PNP,1,3,n13,n5,swapped,3,pose2,0.2369
circuit_297.jpg,11,BJT-PNP,2,3,n5,n13,swapped,3,pose2,0.2369
circuit_297.jpg,12,BJT-NPN,0,3,n13,n10,swapped,3,pose6,0.1441
circuit_297.jpg,12,BJT-NPN,1,3,n10,0,swapped,3,pose6,0.1441
circuit_297.jpg,12,BJT-NPN,2,3,0,n13,swapped,3,pose6,0.1441
circuit_297.jpg,13,BJT-NPN,0,3,n8,n8,ok,3,pose2,0.1258
circuit_297.jpg,13,BJT-NPN,1,3,n12,0,swapped,3,pose2,0.1258
circuit_297.jpg,13,BJT-NPN,2,3,0,n12,swapped,3,pose2,0.1258
circuit_297.jpg,14,BJT-NPN,0,3,n5,n14,swapped,3,pose6,0.143
circuit_297.jpg,14,BJT-NPN,1,3,n14,0,swapped,3,pose6,0.143
circuit_297.jpg,14,BJT-NPN,2,3,0,n5,swapped,3,pose6,0.143
circuit_297.jpg,15,Diode,0,2,n5,n5,ok,2,pose0,0.1573
circuit_297.jpg,15,Diode,1,2,n13,n13,ok,2,pose0,0.1573
circuit_297.jpg,16,V-DC (one port),0,1,n1,n1,ok,1,any,0.3387
circuit_297.jpg,17,Resistor,0,2,n9,n9,ok,2,pose2,0.1195
circuit_297.jpg,17,Resistor,1,2,0,0,ok,2,pose2,0.1195
circuit_297.jpg,18,Resistor,0,2,n3,n3,ok,2,pose0,0.1355
circuit_297.jpg,18,Resistor,1,2,n4,n4,ok,2,pose0,0.1355
circuit_297.jpg,19,V-DC (one port),0,1,n2,n2,ok,1,any,0.3159
circuit_297.jpg,20,Diode,0,2,n6,n6,ok,2,pose0,0.1619
circuit_297.jpg,20,Diode,1,2,n5,n5,ok,2,pose0,0.1619
circuit_297.jpg,21,BJT-NPN,0,3,n2,n6,swapped,3,pose6,0.1303
circuit_297.jpg,21,BJT-NPN,1,3,n6,n5,swapped,3,pose6,0.1303
circuit_297.jpg,21,BJT-NPN,2,3,n5,n2,swapped,3,pose6,0.1303
circuit_297.jpg,22,GND,0,1,0,0,ok,1,,
circuit_299.jpg,0,Capacitor,0,2,0,0,ok,2,pose0,0.162
circuit_299.jpg,0,Capacitor,1,2,n4,n4,ok,2,pose0,0.162
circuit_299.jpg,1,I-DC,0,2,0,n2,swapped,2,pose6,0.0973
circuit_299.jpg,1,I-DC,1,2,n2,0,swapped,2,pose6,0.0973
circuit_299.jpg,2,V-DC,0,2,0,n4,swapped,2,pose4,0.0896
circuit_299.jpg,2,V-DC,1,2,n4,0,swapped,2,pose4,0.0896
circuit_299.jpg,3,Inductor,0,2,n3,n3,ok,2,pose0,0.1137
circuit_299.jpg,3,Inductor,1,2,n4,n4,ok,2,pose0,0.1137
circuit_299.jpg,4,Resistor,0,2,n2,n2,ok,2,pose0,0.121
circuit_299.jpg,4,Resistor,1,2,n3,n3,ok,2,pose0,0.121
circuit_299.jpg,5,Resistor,0,2,0,0,ok,2,pose2,0.1115
circuit_299.jpg,5,Resistor,1,2,n4,n4,ok,2,pose2,0.1115
circuit_299.jpg,6,Resistor,0,2,0,0,ok,2,pose2,0.1109
circuit_299.jpg,6,Resistor,1,2,n2,n2,ok,2,pose2,0.1109
circuit_299.jpg,7,GND,0,1,0,0,ok,1,,
circuit_300.jpg,0,Inductor,0,2,n1,n1,ok,2,pose0,0.1317
circuit_300.jpg,0,Inductor,1,2,n2,n2,ok,2,pose0,0.1317
circuit_300.jpg,1,Capacitor,0,2,n1,n1,ok,2,pose0,0.1515
circuit_300.jpg,1,Capacitor,1,2,n2,n2,ok,2,pose0,0.1515
circuit_300.jpg,2,Inductor,0,2,n1,n1,ok,2,pose0,0.1097
circuit_300.jpg,2,Inductor,1,2,n2,n2,ok,2,pose0,0.1097
circuit_300.jpg,3,Resistor,0,2,0,0,ok,2,pose0,0.1134
circuit_300.jpg,3,Resistor,1,2,n4,n4,ok,2,pose0,0.1134
circuit_300.jpg,4,Capacitor,0,2,n2,n2,ok,2,pose0,0.1472
circuit_300.jpg,4,Capacitor,1,2,0,0,ok,2,pose0,0.1472
circuit_300.jpg,5,Resistor,0,2,n5,n5,ok,2,pose2,0.113
circuit_300.jpg,5,Resistor,1,2,n6,n6,ok,2,pose2,0.113
circuit_300.jpg,6,V-AC,0,2,n4,n4,ok,2,pose0,0.1055
circuit_300.jpg,6,V-AC,1,2,n5,n5,ok,2,pose0,0.1055
circuit_300.jpg,7,GND,0,1,0,0,ok,1,,
circuit_300.jpg,8,I-AC,0,2,0,0,ok,2,pose0,0.0984
circuit_300.jpg,8,I-AC,1,2,n6,n6,ok,2,pose0,0.0984
circuit_303.jpg,0,V-AC,0,2,n1,n1,ok,2,pose0,0.1009
circuit_303.jpg,0,V-AC,1,2,0,0,ok,2,pose0,0.1009
circuit_303.jpg,1,I-DC,0,2,0,n6,swapped,2,pose6,0.1098
circuit_303.jpg,1,I-DC,1,2,n6,0,swapped,2,pose6,0.1098
circuit_303.jpg,2,Zener Diode,0,2,n4,n7,swapped,2,pose4,0.1463
circuit_303.jpg,2,Zener Diode,1,2,n7,n4,swapped,2,pose4,0.1463
circuit_303.jpg,3,Zener Diode,0,2,n3,n4,swapped,2,pose4,0.1484
circuit_303.jpg,3,Zener Diode,1,2,n4,n3,swapped,2,pose4,0.1484
circuit_303.jpg,4,GND,0,1,0,0,ok,1,,
circuit_303.jpg,5,Diode,0,2,n5,n5,ok,2,pose0,0.1743
circuit_303.jpg,5,Diode,1,2,n8,n8,ok,2,pose0,0.1743
circuit_303.jpg,6,Diode,0,2,n3,n3,ok,2,pose0,0.1788
circuit_303.jpg,6,Diode,1,2,n5,n5,ok,2,pose0,0.1788
circuit_303.jpg,7,Inductor,0,2,n4,n4,ok,2,pose0,0.1345
circuit_303.jpg,7,Inductor,1,2,n5,n5,ok,2,pose0,0.1345
circuit_303.jpg,8,Inductor,0,2,n7,n7,ok,2,pose0,0.1308
circuit_303.jpg,8,Inductor,1,2,n8,n8,ok,2,pose0,0.1308
circuit_303.jpg,9,Diode,0,2,0,0,ok,2,pose0,0.1816
circuit_303.jpg,9,Diode,1,2,n7,n7,ok,2,pose0,0.1816
circuit_303.jpg,10,Inductor,0,2,n1,n1,ok,2,pose0,0.1291
circuit_303.jpg,10,Inductor,1,2,n2,n2,ok,2,pose0,0.1291
circuit_303.jpg,11,Diode,0,2,n4,n4,ok,2,pose0,0.1742
circuit_303.jpg,11,Diode,1,2,n8,n8,ok,2,pose0,0.1742
circuit_303.jpg,12,Capacitor,0,2,0,0,ok,2,pose0,0.1732
circuit_303.jpg,12,Capacitor,1,2,n4,n4,ok,2,pose0,0.1732
circuit_303.jpg,13,Capacitor,0,2,n2,n2,ok,2,pose0,0.1681
circuit_303.jpg,13,Capacitor,1,2,n3,n3,ok,2,pose0,0.1681
circuit_303.jpg,14,GND,0,1,0,0,ok,1,,
circuit_303.jpg,15,Capacitor,0,2,n6,n6,ok,2,pose0,0.1783
circuit_303.jpg,15,Capacitor,1,2,n7,n7,ok,2,pose0,0.1783
circuit_303.jpg,16,Resistor,0,2,n5,n5,ok,2,pose2,0.1307
circuit_303.jpg,16,Resistor,1,2,0,0,ok,2,pose2,0.1307
circuit_303.jpg,17,Zener Diode,0,2,n2,0,swapped,2,pose4,0.1442
circuit_303.jpg,17,Zener Diode,1,2,0,n2,swapped,2,pose4,0.1442
circuit_303.jpg,18,Diode,0,2,n2,n2,ok,2,pose0,0.1682
circuit_303.jpg,18,Diode,1,2,n4,n4,ok,2,pose0,0.1682
circuit_312.jpg,0,V-DC,0,2,n4,n5,swapped,2,pose4,0.0889
circuit_312.jpg,0,V-DC,1,2,n5,n4,swapped,2,pose4,0.0889
circuit_312.jpg,1,Inductor,0,2,n1,n1,ok,2,pose0,0.105
circuit_312.jpg,1,Inductor,1,2,n4,n4,ok,2,pose0,0.105
circuit_312.jpg,2,I-DC,0,2,0,0,ok,2,pose0,0.096
circuit_312.jpg,2,I-DC,1,2,n5,n5,ok,2,pose0,0.096
circuit_312.jpg,3,V-DC,0,2,n2,n2,ok,2,pose0,0.0873
circuit_312.jpg,3,V-DC,1,2,n1,n1,ok,2,pose0,0.0873
circuit_312.jpg,4,Capacitor,0,2,n2,n2,ok,2,pose0,0.1502
circuit_312.jpg,4,Capacitor,1,2,n3,n3,ok,2,pose0,0.1502
circuit_312.jpg,5,Inductor,0,2,n3,n3,ok,2,pose2,0.1038
circuit_312.jpg,5,Inductor,1,2,n5,n5,ok,2,pose2,0.1038
circuit_312.jpg,6,Resistor,0,2,n2,n2,ok,2,pose2,0.103
circuit_312.jpg,6,Resistor,1,2,n1,n1,ok,2,pose2,0.103
circuit_312.jpg,7,GND,0,1,0,0,ok,1,,
circuit_312.jpg,8,Resistor,0,2,n1,n1,ok,2,pose2,0.1066
circuit_312.jpg,8,Resistor,1,2,0,0,ok,2,pose2,0.1066
circuit_312.jpg,9,Capacitor,0,2,0,0,ok,1,pose2,0.1087
circuit_312.jpg,9,Capacitor,1,2,0,0,ok,1,pose2,0.1087
circuit_318.jpg,0,Resistor,0,2,n2,n2,ok,2,pose0,0.1208
circuit_318.jpg,0,Resistor,1,2,n3,n3,ok,2,pose0,0.1208
circuit_318.jpg,1,Capacitor,0,2,n2,n2,ok,2,pose0,0.1685
circuit_318.jpg,1,Capacitor,1,2,n3,n3,ok,2,pose0,0.1685
circuit_318.jpg,2,Resistor,0,2,n1,n1,ok,2,pose0,0.1143
circuit_318.jpg,2,Resistor,1,2,n2,n2,ok,2,pose0,0.1143
circuit_318.jpg,3,V-AC,0,2,n1,n1,ok,2,pose2,0.1083
circuit_318.jpg,3,V-AC,1,2,0,0,ok,2,pose2,0.1083
circuit_318.jpg,4,GND,0,1,0,0,ok,1,,
circuit_318.jpg,5,Inductor,0,2,n3,n3,ok,2,pose2,0.1227
circuit_318.jpg,5,Inductor,1,2,0,0,ok,2,pose2,0.1227
circuit_324.jpg,0,Inductor,0,2,n1,n1,ok,2,pose0,0.1197
circuit_324.jpg,0,Inductor,1,2,n2,n2,ok,2,pose0,0.1197
circuit_324.jpg,1,Capacitor,0,2,n2,n2,ok,2,pose0,0.1847
circuit_324.jpg,1,Capacitor,1,2,n3,n3,ok,2,pose0,0.1847
circuit_324.jpg,2,Zener Diode,0,2,n2,n2,ok,2,pose2,0.1364
circuit_324.jpg,2,Zener Diode,1,2,0,0,ok,2,pose2,0.1364
circuit_324.jpg,3,Zener Diode,0,2,n3,n4,swapped,2,pose4,0.1267
circuit_324.jpg,3,Zener Diode,1,2,n4,n3,swapped,2,pose4,0.1267
circuit_324.jpg,4,Zener Diode,0,2,n4,n4,ok,2,pose2,0.1269
circuit_324.jpg,4,Zener Diode,1,2,n7,n7,ok,2,pose2,0.1269
circuit_324.jpg,5,Diode,0,2,n4,n4,ok,2,pose0,0.144
circuit_324.jpg,5,Diode,1,2,n8,n8,ok,2,pose0,0.144
circuit_324.jpg,6,Diode,0,2,n3,n3,ok,2,pose0,0.1398
circuit_324.jpg,6,Diode,1,2,n5,n5,ok,2,pose0,0.1398
circuit_324.jpg,7,Diode,0,2,n5,n5,ok,2,pose0,0.1437
circuit_324.jpg,7,Diode,1,2,n8,n8,ok,2,pose0,0.1437
circuit_324.jpg,8,Diode,0,2,0,0,ok,2,pose0,0.1444
circuit_324.jpg,8,Diode,1,2,n7,n7,ok,2,pose0,0.1444
circuit_324.jpg,9,I-DC,0,2,0,n6,swapped,2,pose6,0.0999
circuit_324.jpg,9,I-DC,1,2,n6,0,swapped,2,pose6,0.0999
circuit_324.jpg,10,V-AC,0,2,n1,n1,ok,2,pose2,0.1094
circuit_324.jpg,10,V-AC,1,2,0,0,ok,2,pose2,0.1094
circuit_324.jpg,11,GND,0,1,0,0,ok,1,,
circuit_324.jpg,12,GND,0,1,0,0,ok,1,,
circuit_324.jpg,13,Resistor,0,2,n5,n5,ok,2,pose2,0.1085
circuit_324.jpg,13,Resistor,1,2,0,0,ok,2,pose2,0.1085
circuit_324.jpg,14,Inductor,0,2,n7,n7,ok,2,pose0,0.1159
circuit_324.jpg,14,Inductor,1,2,n8,n8,ok,2,pose0,0.1159
circuit_324.jpg,15,Capacitor,0,2,n6,n6,ok,2,pose0,0.1475
circuit_324.jpg,15,Capacitor,1,2,n7,n7,ok,2,pose0,0.1475
circuit_324.jpg,16,Capacitor,0,2,0,0,ok,2,pose2,0.1589
circuit_324.jpg,16,Capacitor,1,2,n4,n4,ok,2,pose2,0.1589
circuit_324.jpg,17,Diode,0,2,n2,n2,ok,2,pose0,0.151
circuit_324.jpg,17,Diode,1,2,n4,n4,ok,2,pose0,0.151
circuit_324.jpg,18,Inductor,0,2,n4,n4,ok,2,pose0,0.1253
circuit_324.jpg,18,Inductor,1,2,n5,n5,ok,2,pose0,0.1253
circuit_327.jpg,0,Capacitor,0,2,n1,n1,ok,2,pose0,0.1563
circuit_327.jpg,0,Capacitor,1,2,n2,n2,ok,2,pose0,0.1563
circuit_327.jpg,1,V-DC,0,2,n1,n1,ok,2,pose0,0.097
circuit_327.jpg,1,V-DC,1,2,n3,n3,ok,2,pose0,0.097
circuit_327.jpg,2,Resistor,0,2,n3,n3,ok,2,pose0,0.1126
circuit_327.jpg,2,Resistor,1,2,n1,n1,ok,2,pose0,0.1126
circuit_327.jpg,3,Inductor,0,2,n1,n1,ok,2,pose0,0.1087
circuit_327.jpg,3,Inductor,1,2,n2,n2,ok,2,pose0,0.1087
circuit_327.jpg,4,Resistor,0,2,0,0,ok,2,pose2,0.1146
circuit_327.jpg,4,Resistor,1,2,n2,n2,ok,2,pose2,0.1146
circuit_327.jpg,5,GND,0,1,0,0,ok,1,,
circuit_328.jpg,0,Op-Amp,0,3,0,n2,swapped,3,pose4,0.1159
circuit_328.jpg,0,Op-Amp,1,3,n1,n1,ok,3,pose4,0.1159
circuit_328.jpg,0,Op-Amp,2,3,n2,0,swapped,3,pose4,0.1159
circuit_328.jpg,1,Op-Amp,0,3,n10,n4,swapped,3,pose7,0.2017
circuit_328.jpg,1,Op-Amp,1,3,n3,n10,swapped,3,pose7,0.2017
circuit_328.jpg,1,Op-Amp,2,3,n4,n3,swapped,3,pose7,0.2017
circuit_328.jpg,2,V-DC,0,2,n1,0,swapped,2,pose6,0.1062
circuit_328.jpg,2,V-DC,1,2,0,n1,swapped,2,pose6,0.1062
circuit_328.jpg,3,Resistor,0,2,n4,n4,ok,2,pose0,0.1099
circuit_328.jpg,3,Resistor,1,2,n5,n5,ok,2,pose0,0.1099
circuit_328.jpg,4,Op-Amp,0,3,0,n11,swapped,3,pose0,0.2084
circuit_328.jpg,4,Op-Amp,1,3,n11,0,swapped,3,pose0,0.2084
circuit_328.jpg,4,Op-Amp,2,3,n12,n12,ok,3,pose0,0.2084
circuit_328.jpg,5,Resistor,0,2,n9,n9,ok,2,pose0,0.1243
circuit_328.jpg,5,Resistor,1,2,n5,n5,ok,2,pose0,0.1243
circuit_328.jpg,6,Resistor,0,2,n7,n7,ok,2,pose0,0.1171
circuit_328.jpg,6,Resistor,1,2,n8,n8,ok,2,pose0,0.1171
circuit_328.jpg,7,Op-Amp,0,3,0,n9,swapped,3,pose4,0.1076
circuit_328.jpg,7,Op-Amp,1,3,n8,n8,ok,3,pose4,0.1076
circuit_328.jpg,7,Op-Amp,2,3,n9,0,swapped,3,pose4,0.1076
circuit_328.jpg,8,Resistor,0,2,n12,n12,ok,2,pose0,0.115
circuit_328.jpg,8,Resistor,1,2,n5,n5,ok,2,pose0,0.115
circuit_328.jpg,9,Inductor,0,2,n6,n6,ok,2,pose0,0.1177
circuit_328.jpg,9,Inductor,1,2,n7,n7,ok,2,pose0,0.1177
circuit_328.jpg,10,Inductor,0,2,n11,n11,ok,2,pose0,0.1178
circuit_328.jpg,10,Inductor,1,2,n12,n12,ok,2,pose0,0.1178
circuit_328.jpg,11,Resistor,0,2,n2,n2,ok,2,pose0,0.1289
circuit_328.jpg,11,Resistor,1,2,n3,n3,ok,2,pose0,0.1289
circuit_328.jpg,12,Op-Amp,0,3,0,n7,swapped,3,pose3,0.2172
circuit_328.jpg,12,Op-Amp,1,3,n6,0,swapped,3,pose3,0.2172
circuit_328.jpg,12,Op-Amp,2,3,n7,n6,swapped,3,pose3,0.2172
circuit_328.jpg,13,Inductor,0,2,n3,n3,ok,2,pose0,0.1134
circuit_328.jpg,13,Inductor,1,2,n4,n4,ok,2,pose0,0.1134
circuit_328.jpg,14,I-DC,0,2,n6,n6,ok,2,pose0,0.0999
circuit_328.jpg,14,I-DC,1,2,0,0,ok,2,pose0,0.0999
circuit_328.jpg,15,GND,0,1,0,0,ok,1,,
circuit_328.jpg,16,GND,0,1,0,0,ok,1,,
circuit_328.jpg,17,GND,0,1,0,0,ok,1,,
circuit_328.jpg,18,GND,0,1,0,0,ok,1,,
circuit_328.jpg,19,Capacitor,0,2,n8,n8,ok,2,pose2,0.174
circuit_328.jpg,19,Capacitor,1,2,n9,n9,ok,2,pose2,0.174
circuit_328.jpg,20,Capacitor,0,2,n1,n1,ok,2,pose2,0.1966
circuit_328.jpg,20,Capacitor,1,2,n2,n2,ok,2,pose2,0.1966
circuit_328.jpg,21,GND,0,1,0,0,ok,1,,
circuit_328.jpg,22,Capacitor,0,2,n10,n10,ok,2,pose2,0.1937
circuit_328.jpg,22,Capacitor,1,2,n11,n11,ok,2,pose2,0.1937
circuit_328.jpg,23,GND,0,1,0,0,ok,1,,
circuit_333.jpg,0,V-DC,0,2,0,0,ok,2,pose0,0.1008
circuit_333.jpg,0,V-DC,1,2,n4,n4,ok,2,pose0,0.1008
circuit_333.jpg,1,I-DC,0,2,n6,n6,ok,2,pose0,0.0999
circuit_333.jpg,1,I-DC,1,2,0,0,ok,2,pose0,0.0999
circuit_333.jpg,2,Capacitor,0,2,n5,n5,ok,2,pose0,0.1685
circuit_333.jpg,2,Capacitor,1,2,n6,n6,ok,2,pose0,0.1685
circuit_333.jpg,3,V-DC,0,2,0,0,ok,2,pose0,0.1085
circuit_333.jpg,3,V-DC,1,2,n1,n1,ok,2,pose0,0.1085
circuit_333.jpg,4,Inductor,0,2,n2,n2,ok,2,pose0,0.1191
circuit_333.jpg,4,Inductor,1,2,n5,n5,ok,2,pose0,0.1191
circuit_333.jpg,5,GND,0,1,0,0,ok,1,,
circuit_333.jpg,6,Resistor,0,2,n4,n4,ok,2,pose0,0.1163
circuit_333.jpg,6,Resistor,1,2,n2,n2,ok,2,pose0,0.1163
circuit_333.jpg,7,Resistor,0,2,n1,n1,ok,2,pose0,0.1197
circuit_333.jpg,7,Resistor,1,2,n2,n2,ok,2,pose0,0.1197
circuit_333.jpg,8,Resistor,0,2,n3,n3,ok,2,pose0,0.1406
circuit_333.jpg,8,Resistor,1,2,n2,n2,ok,2,pose0,0.1406
circuit_333.jpg,9,V-DC,0,2,0,0,ok,2,pose0,0.1165
circuit_333.jpg,9,V-DC,1,2,n3,n3,ok,2,pose0,0.1165
circuit_337.jpg,0,BJT-PNP,0,3,n10,n4,swapped,3,pose3,0.2282
circuit_337.jpg,0,BJT-PNP,1,3,n11,n10,swapped,3,pose3,0.2282
circuit_337.jpg,0,BJT-PNP,2,3,n4,n11,swapped,3,pose3,0.2282
circuit_337.jpg,1,BJT-PNP,0,3,n8,n8,ok,3,pose2,0.2311
circuit_337.jpg,1,BJT-PNP,1,3,n7,n3,swapped,3,pose2,0.2311
circuit_337.jpg,1,BJT-PNP,2,3,n3,n7,swapped,3,pose2,0.2311
circuit_337.jpg,2,Resistor,0,2,n4,n4,ok,2,pose0,0.1344
circuit_337.jpg,2,Resistor,1,2,n5,n5,ok,2,pose0,0.1344
circuit_337.jpg,3,Resistor,0,2,n3,n3,ok,2,pose0,0.1303
circuit_337.jpg,3,Resistor,1,2,n4,n4,ok,2,pose0,0.1303
circuit_337.jpg,4,Diode,0,2,n12,n12,ok,2,pose0,0.1649
circuit_337.jpg,4,Diode,1,2,n13,n13,ok,2,pose0,0.1649
circuit_337.jpg,5,BJT-NPN,0,3,n1,n12,swapped,3,pose6,0.1397
circuit_337.jpg,5,BJT-NPN,1,3,n12,n5,swapped,3,pose6,0.1397
circuit_337.jpg,5,BJT-NPN,2,3,n5,n1,swapped,3,pose6,0.1397
circuit_337.jpg,6,Resistor,0,2,n11,n11,ok,2,pose2,0.1294
circuit_337.jpg,6,Resistor,1,2,0,0,ok,2,pose2,0.1294
circuit_337.jpg,7,GND,0,1,0,0,ok,1,,
circuit_337.jpg,8,BJT-NPN,0,3,n10,n10,ok,3,pose2,0.1374
circuit_337.jpg,8,BJT-NPN,1,3,n9,0,swapped,3,pose2,0.1374
circuit_337.jpg,8,BJT-NPN,2,3,0,n9,swapped,3,pose2,0.1374
circuit_337.jpg,9,BJT-NPN,0,3,n8,n8,ok,3,pose2,0.1391
circuit_337.jpg,9,BJT-NPN,1,3,n9,0,swapped,3,pose2,0.1391
circuit_337.jpg,9,BJT-NPN,2,3,0,n9,swapped,3,pose2,0.1391
circuit_337.jpg,10,Resistor,0,2,n1,n1,ok,2,pose2,0.1382
circuit_337.jpg,10,Resistor,1,2,n2,n2,ok,2,pose2,0.1382
circuit_337.jpg,11,V-DC (one port),0,1,n4,n4,ok,1,any,0.3544
circuit_337.jpg,12,Diode,0,2,n13,n13,ok,2,pose0,0.1559
circuit_337.jpg,12,Diode,1,2,n14,n14,ok,2,pose0,0.1559
circuit_337.jpg,13,V-DC (one port),0,1,n5,n5,ok,1,any,0.3827
circuit_337.jpg,14,Resistor,0,2,n6,n6,ok,2,pose2,0.1244
circuit_337.jpg,14,Resistor,1,2,0,0,ok,2,pose2,0.1244
circuit_337.jpg,15,BJT-NPN,0,3,n5,n15,swapped,3,pose6,0.1413
circuit_337.jpg,15,BJT-NPN,1,3,n15,0,swapped,3,pose6,0.1413
circuit_337.jpg,15,BJT-NPN,2,3,0,n5,swapped,3,pose6,0.1413
circuit_337.jpg,16,Resistor,0,2,n2,n2,ok,2,pose2,0.1356
circuit_337.jpg,16,Resistor,1,2,n3,n3,ok,2,pose2,0.1356
circuit_337.jpg,17,V-DC (one port),0,1,n6,n6,ok,1,any,0.3905
circuit_337.jpg,18,V-DC (one port),0,1,n2,n2,ok,1,any,0.3732
circuit_337.jpg,19,BJT-NPN,0,3,n14,n10,swapped,3,pose6,0.1515
circuit_337.jpg,19,BJT-NPN,1,3,n10,0,swapped,3,pose6,0.1515
circuit_337.jpg,19,BJT-NPN,2,3,0,n14,swapped,3,pose6,0.1515
circuit_337.jpg,20,V-DC (one port),0,1,n1,n1,ok,1,any,0.3869
circuit_337.jpg,21,BJT-PNP,0,3,0,0,ok,3,pose2,0.2241
circuit_337.jpg,21,BJT-PNP,1,3,n6,n7,swapped,3,pose2,0.2241
circuit_337.jpg,21,BJT-PNP,2,3,n7,n6,swapped,3,pose2,0.2241
circuit_337.jpg,22,BJT-PNP,0,3,n15,n15,ok,3,pose2,0.2114
circuit_337.jpg,22,BJT-PNP,1,3,n14,n5,swapped,3,pose2,0.2114
circuit_337.jpg,22,BJT-PNP,2,3,n5,n14,swapped,3,pose2,0.2114
circuit_344.jpg,0,Zener Diode,0,2,n1,n2,swapped,2,pose4,0.1496
circuit_344.jpg,0,Zener Diode,1,2,n2,n1,swapped,2,pose4,0.1496
circuit_344.jpg,1,V-DC,0,2,n1,n1,ok,2,pose0,0.0997
circuit_344.jpg,1,V-DC,1,2,0,0,ok,2,pose0,0.0997
circuit_344.jpg,2,V-AC,0,2,n2,n2,ok,2,pose2,0.0945
circuit_344.jpg,2,V-AC,1,2,0,0,ok,2,pose2,0.0945
circuit_344.jpg,3,V-AC,0,2,n3,n3,ok,2,pose0,0.0933
circuit_344.jpg,3,V-AC,1,2,0,0,ok,2,pose0,0.0933
circuit_344.jpg,4,GND,0,1,0,0,ok,1,,
circuit_344.jpg,5,I-AC,0,2,n7,n7,ok,3,pose2,0.1104
circuit_344.jpg,5,I-AC,1,2,0,0,ok,3,pose2,0.1104
circuit_344.jpg,6,I-AC,0,2,n8,n8,ok,2,pose0,0.0916
circuit_344.jpg,6,I-AC,1,2,0,0,ok,2,pose0,0.0916
circuit_344.jpg,7,Resistor,0,2,n5,n5,ok,2,pose0,0.1291
circuit_344.jpg,7,Resistor,1,2,n6,n6,ok,2,pose0,0.1291
circuit_344.jpg,8,GND,0,1,0,0,ok,1,,
circuit_344.jpg,9,MOSFET-P,0,3,n1,n1,ok,3,pose0,0.2632
circuit_344.jpg,9,MOSFET-P,1,3,n2,n4,swapped,3,pose0,0.2632
circuit_344.jpg,9,MOSFET-P,2,3,n4,n2,swapped,3,pose0,0.2632
circuit_344.jpg,10,MOSFET-P,0,3,n6,n6,ok,3,pose2,0.1741
circuit_344.jpg,10,MOSFET-P,1,3,n7,0,swapped,3,pose2,0.1741
circuit_344.jpg,10,MOSFET-P,2,3,0,n7,swapped,3,pose2,0.1741
circuit_344.jpg,11,MOSFET-N,0,3,n5,n3,swapped,3,pose6,0.1702
circuit_344.jpg,11,MOSFET-N,1,3,n3,0,swapped,3,pose6,0.1702
circuit_344.jpg,11,MOSFET-N,2,3,0,n5,swapped,3,pose6,0.1702
circuit_344.jpg,12,MOSFET-N,0,3,n4,n2,swapped,3,pose6,0.1591
circuit_344.jpg,12,MOSFET-N,1,3,n2,n5,swapped,3,pose6,0.1591
circuit_344.jpg,12,MOSFET-N,2,3,n5,n4,swapped,3,pose6,0.1591
circuit_344.jpg,13,MOSFET-N,0,3,n1,n3,swapped,3,pose6,0.158
circuit_344.jpg,13,MOSFET-N,1,3,n3,n4,swapped,3,pose6,0.158
circuit_344.jpg,13,MOSFET-N,2,3,n4,n1,swapped,3,pose6,0.158
circuit_344.jpg,14,MOSFET-P,0,3,n4,n4,ok,3,pose2,0.1551
circuit_344.jpg,14,MOSFET-P,1,3,n8,n6,swapped,3,pose2,0.1551
circuit_344.jpg,14,MOSFET-P,2,3,n6,n8,swapped,3,pose2,0.1551
circuit_35.jpg,0,V-DC,0,2,n4,0,swapped,2,pose4,0.0912
circuit_35.jpg,0,V-DC,1,2,0,n4,swapped,2,pose4,0.0912
circuit_35.jpg,1,Resistor,0,2,n2,n2,ok,2,pose0,0.112
circuit_35.jpg,1,Resistor,1,2,n3,n3,ok,2,pose0,0.112
circuit_35.jpg,2,Resistor,0,2,n6,n6,ok,2,pose0,0.1144
circuit_35.jpg,2,Resistor,1,2,0,0,ok,2,pose0,0.1144
circuit_35.jpg,3,GND,0,1,0,0,ok,1,,
circuit_35.jpg,4,Resistor,0,2,n1,n1,ok,2,pose0,0.1076
circuit_35.jpg,4,Resistor,1,2,0,0,ok,2,pose0,0.1076
circuit_35.jpg,5,I-DC,0,2,n1,n1,ok,2,pose0,0.0838
circuit_35.jpg,5,I-DC,1,2,n4,n4,ok,2,pose0,0.0838
circuit_35.jpg,6,Inductor,0,2,n1,n1,ok,2,pose0,0.1064
circuit_35.jpg,6,Inductor,1,2,n5,n5,ok,2,pose0,0.1064
circuit_35.jpg,7,Capacitor,0,2,n1,n1,ok,2,pose0,0.1421
circuit_35.jpg,7,Capacitor,1,2,n2,n2,ok,2,pose0,0.1421
circuit_35.jpg,8,Capacitor,0,2,n5,n5,ok,2,pose0,0.143
circuit_35.jpg,8,Capacitor,1,2,n6,n6,ok,2,pose0,0.143
circuit_35.jpg,9,Inductor,0,2,n3,n3,ok,2,pose0,0.1036
circuit_35.jpg,9,Inductor,1,2,0,0,ok,2,pose0,0.1036
circuit_350.jpg,0,Inductor,0,2,n1,n1,ok,2,pose0,0.1204
circuit_350.jpg,0,Inductor,1,2,n2,n2,ok,2,pose0,0.1204
circuit_350.jpg,1,Inductor,0,2,n5,n5,ok,2,pose1,0.1205
circuit_350.jpg,1,Inductor,1,2,n6,n6,ok,2,pose1,0.1205
circuit_350.jpg,2,Inductor,0,2,n8,n8,ok,2,pose0,0.1308
circuit_350.jpg,2,Inductor,1,2,n9,n9,ok,2,pose0,0.1308
circuit_350.jpg,3,Zener Diode,0,2,n2,n4,swapped,2,pose4,0.143
circuit_350.jpg,3,Zener Diode,1,2,n4,n2,swapped,2,pose4,0.143
circuit_350.jpg,4,Zener Diode,0,2,n5,n8,swapped,2,pose4,0.1385
circuit_350.jpg,4,Zener Diode,1,2,n8,n5,swapped,2,pose4,0.1385
circuit_350.jpg,5,Zener Diode,0,2,n3,n5,swapped,2,pose4,0.1373
circuit_350.jpg,5,Zener Diode,1,2,n5,n3,swapped,2,pose4,0.1373
circuit_350.jpg,6,Diode,0,2,n4,n4,ok,2,pose0,0.1541
circuit_350.jpg,6,Diode,1,2,n8,n8,ok,2,pose0,0.1541
circuit_350.jpg,7,Diode,0,2,n5,n5,ok,2,pose0,0.1503
circuit_350.jpg,7,Diode,1,2,n9,n9,ok,2,pose0,0.1503
circuit_350.jpg,8,Diode,0,2,n6,n6,ok,2,pose0,0.1707
circuit_350.jpg,8,Diode,1,2,n9,n9,ok,2,pose0,0.1707
circuit_350.jpg,9,Diode,0,2,n3,n3,ok,2,pose0,0.158
circuit_350.jpg,9,Diode,1,2,n6,n6,ok,2,pose0,0.158
circuit_350.jpg,10,Diode,0,2,n2,n2,ok,2,pose0,0.1601
circuit_350.jpg,10,Diode,1,2,n5,n5,ok,2,pose0,0.1601
circuit_350.jpg,11,Capacitor,0,2,n2,n2,ok,2,pose2,0.1842
circuit_350.jpg,11,Capacitor,1,2,n3,n3,ok,2,pose2,0.1842
circuit_350.jpg,12,Capacitor,0,2,n4,n4,ok,2,pose2,0.1851
circuit_350.jpg,12,Capacitor,1,2,n5,n5,ok,2,pose2,0.1851
circuit_350.jpg,13,Capacitor,0,2,n7,n7,ok,2,pose2,0.1861
circuit_350.jpg,13,Capacitor,1,2,n8,n8,ok,2,pose2,0.1861
circuit_350.jpg,14,I-DC,0,2,n4,n7,swapped,2,pose6,0.1005
circuit_350.jpg,14,I-DC,1,2,n7,n4,swapped,2,pose6,0.1005
circuit_350.jpg,15,V-AC,0,2,n1,n1,ok,2,pose0,0.1041
circuit_350.jpg,15,V-AC,1,2,n4,n4,ok,2,pose0,0.1041
circuit_350.jpg,16,Resistor,0,2,n6,n6,ok,2,pose2,0.1482
circuit_350.jpg,16,Resistor,1,2,0,0,ok,2,pose2,0.1482
circuit_350.jpg,17,GND,0,1,0,0,ok,1,,
circuit_355.jpg,0,V-AC,0,2,n1,n1,ok,2,pose0,0.0963
circuit_355.jpg,0,V-AC,1,2,0,0,ok,2,pose0,0.0963
circuit_355.jpg,1,I-AC,0,2,n3,n3,ok,2,pose2,0.0907
circuit_355.jpg,1,I-AC,1,2,0,0,ok,2,pose2,0.0907
circuit_355.jpg,2,Capacitor,0,2,n1,n1,ok,2,pose0,0.153
circuit_355.jpg,2,Capacitor,1,2,n2,n2,ok,2,pose0,0.153
circuit_355.jpg,3,Inductor,0,2,n2,n2,ok,2,pose2,0.1094
circuit_355.jpg,3,Inductor,1,2,0,0,ok,2,pose2,0.1094
circuit_355.jpg,4,Capacitor,0,2,n2,n2,ok,2,pose2,0.147
circuit_355.jpg,4,Capacitor,1,2,n3,n3,ok,2,pose2,0.147
circuit_355.jpg,5,GND,0,1,0,0,ok,1,,
circuit_355.jpg,6,Resistor,0,2,n4,n4,ok,2,pose0,0.1133
circuit_355.jpg,6,Resistor,1,2,0,0,ok,2,pose0,0.1133
circuit_355.jpg,7,Capacitor,0,2,n3,n3,ok,2,pose0,0.1561
circuit_355.jpg,7,Capacitor,1,2,n4,n4,ok,2,pose0,0.1561
circuit_356.jpg,0,I-DC,0,2,0,n1,swapped,2,pose6,0.1226
circuit_356.jpg,0,I-DC,1,2,n1,0,swapped,2,pose6,0.1226
circuit_356.jpg,1,Resistor,0,2,0,0,ok,2,pose2,0.1226
circuit_356.jpg,1,Resistor,1,2,n1,n1,ok,2,pose2,0.1226
circuit_356.jpg,2,Resistor,0,2,n1,n1,ok,2,pose0,0.1176
circuit_356.jpg,2,Resistor,1,2,n2,n2,ok,2,pose0,0.1176
circuit_356.jpg,3,GND,0,1,0,0,ok,1,,
circuit_356.jpg,4,Capacitor,0,2,n3,n3,ok,2,pose0,0.1668
circuit_356.jpg,4,Capacitor,1,2,n2,n2,ok,2,pose0,0.1668
circuit_356.jpg,5,V-DC,0,2,0,n3,swapped,2,pose6,0.1329
circuit_356.jpg,5,V-DC,1,2,n3,0,swapped,2,pose6,0.1329
circuit_356.jpg,6,Inductor,0,2,0,0,ok,2,pose2,0.1209
circuit_356.jpg,6,Inductor,1,2,n2,n2,ok,2,pose2,0.1209
circuit_361.jpg,0,V-DC,0,2,n1,0,swapped,2,pose6,0.0933
circuit_361.jpg,0,V-DC,1,2,0,n1,swapped,2,pose6,0.0933
circuit_361.jpg,1,Capacitor,0,2,n3,n3,ok,2,pose2,0.1444
circuit_361.jpg,1,Capacitor,1,2,n4,n4,ok,2,pose2,0.1444
circuit_361.jpg,2,Inductor,0,2,n3,n3,ok,2,pose2,0.1065
circuit_361.jpg,2,Inductor,1,2,0,0,ok,2,pose2,0.1065
circuit_361.jpg,3,I-DC,0,2,0,n5,swapped,2,pose4,0.1016
circuit_361.jpg,3,I-DC,1,2,n5,0,swapped,2,pose4,0.1016
circuit_361.jpg,4,Resistor,0,2,n4,n4,ok,2,pose2,0.1086
circuit_361.jpg,4,Resistor,1,2,n5,n5,ok,2,pose2,0.1086
circuit_361.jpg,5,Capacitor,0,2,n2,n2,ok,2,pose0,0.1561
circuit_361.jpg,5,Capacitor,1,2,0,0,ok,2,pose0,0.1561
circuit_361.jpg,6,GND,0,1,0,0,ok,1,,
circuit_361.jpg,7,Inductor,0,2,n1,n1,ok,2,pose0,0.1125
circuit_361.jpg,7,Inductor,1,2,n2,n2,ok,2,pose0,0.1125
circuit_361.jpg,8,Resistor,0,2,n2,n2,ok,2,pose0,0.1129
circuit_361.jpg,8,Resistor,1,2,n3,n3,ok,2,pose0,0.1129
circuit_372.jpg,0,V-DC,0,2,n1,0,swapped,2,pose6,0.107
circuit_372.jpg,0,V-DC,1,2,0,n1,swapped,2,pose6,0.107
circuit_372.jpg,1,Resistor,0,2,n1,n1,ok,2,pose0,0.1173
circuit_372.jpg,1,Resistor,1,2,n2,n2,ok,2,pose0,0.1173
circuit_372.jpg,2,Resistor,0,2,n2,n2,ok,2,pose2,0.1157
circuit_372.jpg,2,Resistor,1,2,0,0,ok,2,pose2,0.1157
circuit_372.jpg,3,Inductor,0,2,n2,n2,ok,2,pose0,0.119
circuit_372.jpg,3,Inductor,1,2,n3,n3,ok,2,pose0,0.119
circuit_372.jpg,4,Resistor,0,2,n3,n3,ok,2,pose0,0.123
circuit_372.jpg,4,Resistor,1,2,n4,n4,ok,2,pose0,0.123
circuit_372.jpg,5,Capacitor,0,2,n2,n2,ok,2,pose0,0.1605
circuit_372.jpg,5,Capacitor,1,2,0,0,ok,2,pose0,0.1605
circuit_372.jpg,6,GND,0,1,0,0,ok,1,,
circuit_372.jpg,7,V-DC,0,2,n4,0,swapped,2,pose6,0.1052
circuit_372.jpg,7,V-DC,1,2,0,n4,swapped,2,pose6,0.1052
circuit_374.jpg,0,I-DC,0,2,n1,n3,swapped,2,pose6,0.094
circuit_374.jpg,0,I-DC,1,2,n3,n1,swapped,2,pose6,0.094
circuit_374.jpg,1,V-DC,0,2,n2,n5,swapped,2,pose4,0.0958
circuit_374.jpg,1,V-DC,1,2,n5,n2,swapped,2,pose4,0.0958
circuit_374.jpg,2,Capacitor,0,2,0,0,ok,2,pose0,0.1481
circuit_374.jpg,2,Capacitor,1,2,n2,n2,ok,2,pose0,0.1481
circuit_374.jpg,3,Resistor,0,2,n3,n3,ok,2,pose0,0.1112
circuit_374.jpg,3,Resistor,1,2,n4,n4,ok,2,pose0,0.1112
circuit_374.jpg,4,Inductor,0,2,n1,n1,ok,2,pose0,0.1035
circuit_374.jpg,4,Inductor,1,2,0,0,ok,2,pose0,0.1035
circuit_374.jpg,5,GND,0,1,0,0,ok,1,,
circuit_374.jpg,6,Capacitor,0,2,n4,n4,ok,2,pose0,0.1447
circuit_374.jpg,6,Capacitor,1,2,n5,n5,ok,2,pose0,0.1447
circuit_374.jpg,7,Inductor,0,2,0,0,ok,2,pose2,0.1099
circuit_374.jpg,7,Inductor,1,2,n4,n4,ok,2,pose2,0.1099
circuit_383.jpg,0,V-DC,0,2,n3,0,swapped,2,pose6,0.0913
circuit_383.jpg,0,V-DC,1,2,0,n3,swapped,2,pose6,0.0913
circuit_383.jpg,1,I-DC,0,2,n2,0,swapped,2,pose6,0.091
circuit_383.jpg,1,I-DC,1,2,0,n2,swapped,2,pose6,0.091
circuit_383.jpg,2,Capacitor,0,2,n4,n4,ok,2,pose0,0.1831
circuit_383.jpg,2,Capacitor,1,2,0,0,ok,2,pose0,0.1831
circuit_383.jpg,3,GND,0,1,0,0,ok,1,,
circuit_383.jpg,4,Inductor,0,2,n1,n1,ok,2,pose2,0.0998
circuit_383.jpg,4,Inductor,1,2,0,0,ok,2,pose2,0.0998
circuit_383.jpg,5,Resistor,0,2,n1,n1,ok,2,pose0,0.1071
circuit_383.jpg,5,Resistor,1,2,n2,n2,ok,2,pose0,0.1071
circuit_383.jpg,6,Resistor,0,2,n2,n2,ok,2,pose0,0.104
circuit_383.jpg,6,Resistor,1,2,n3,n3,ok,2,pose0,0.104
circuit_383.jpg,7,Resistor,0,2,n3,n3,ok,2,pose0,0.1055
circuit_383.jpg,7,Resistor,1,2,n4,n4,ok,2,pose0,0.1055
circuit_384.jpg,0,Inductor,0,2,n4,n4,ok,2,pose0,0.1129
circuit_384.jpg,0,Inductor,1,2,n3,n3,ok,2,pose0,0.1129
circuit_384.jpg,1,Capacitor,0,2,n1,n1,ok,2,pose0,0.1468
circuit_384.jpg,1,Capacitor,1,2,n4,n4,ok,2,pose0,0.1468
circuit_384.jpg,2,Resistor,0,2,n1,n1,ok,2,pose0,0.1099
circuit_384.jpg,2,Resistor,1,2,n2,n2,ok,2,pose0,0.1099
circuit_384.jpg,3,Resistor,0,2,n2,n2,ok,2,pose0,0.1105
circuit_384.jpg,3,Resistor,1,2,n3,n3,ok,2,pose0,0.1105
circuit_384.jpg,4,Resistor,0,2,n1,n1,ok,2,pose2,0.1065
circuit_384.jpg,4,Resistor,1,2,0,0,ok,2,pose2,0.1065
circuit_384.jpg,5,GND,0,1,0,0,ok,1,,
circuit_384.jpg,6,V-DC,0,2,n4,0,swapped,2,pose4,0.0876
circuit_384.jpg,6,V-DC,1,2,0,n4,swapped,2,pose4,0.0876
circuit_386.jpg,0,V-DC,0,2,n1,n1,ok,2,pose0,0.0906
circuit_386.jpg,0,V-DC,1,2,0,0,ok,2,pose0,0.0906
circuit_386.jpg,1,Capacitor,0,2,n2,n2,ok,2,pose0,0.152
circuit_386.jpg,1,Capacitor,1,2,0,0,ok,2,pose0,0.152
circuit_386.jpg,2,Capacitor,0,2,n3,n3,ok,2,pose0,0.1553
circuit_386.jpg,2,Capacitor,1,2,0,0,ok,2,pose0,0.1553
circuit_386.jpg,3,Inductor,0,2,n1,n1,ok,2,pose0,0.1195
circuit_386.jpg,3,Inductor,1,2,n3,n3,ok,2,pose0,0.1195
circuit_386.jpg,4,Inductor,0,2,n2,n2,ok,2,pose0,0.1093
circuit_386.jpg,4,Inductor,1,2,n1,n1,ok,2,pose0,0.1093
circuit_386.jpg,5,I-DC,0,2,0,0,ok,1,pose4,0.1083
circuit_386.jpg,5,I-DC,1,2,0,0,ok,1,pose4,0.1083
circuit_386.jpg,6,I-DC,0,2,0,0,ok,1,pose4,0.1051
circuit_386.jpg,6,I-DC,1,2,0,0,ok,1,pose4,0.1051
circuit_386.jpg,7,GND,0,1,0,0,ok,1,,
circuit_386.jpg,8,Resistor,0,2,n1,n1,ok,2,pose2,0.1168
circuit_386.jpg,8,Resistor,1,2,0,0,ok,2,pose2,0.1168
circuit_386.jpg,9,Resistor,0,2,n1,n1,ok,2,pose2,0.1064
circuit_386.jpg,9,Resistor,1,2,0,0,ok,2,pose2,0.1064
circuit_394.jpg,0,V-DC,0,2,n3,n3,ok,2,pose0,0.1019
circuit_394.jpg,0,V-DC,1,2,n4,n4,ok,2,pose0,0.1019
circuit_394.jpg,1,V-DC,0,2,0,0,ok,2,pose0,0.1047
circuit_394.jpg,1,V-DC,1,2,n4,n4,ok,2,pose0,0.1047
circuit_394.jpg,2,Capacitor,0,2,n2,n2,ok,2,pose2,0.1723
circuit_394.jpg,2,Capacitor,1,2,n4,n4,ok,2,pose2,0.1723
circuit_394.jpg,3,I-DC,0,2,n4,n4,ok,2,pose0,0.1173
circuit_394.jpg,3,I-DC,1,2,0,0,ok,2,pose0,0.1173
circuit_394.jpg,4,I-AC,0,2,n2,n2,ok,2,pose0,0.1134
circuit_394.jpg,4,I-AC,1,2,n3,n3,ok,2,pose0,0.1134
circuit_394.jpg,5,Capacitor,0,2,n3,n3,ok,2,pose2,0.1741
circuit_394.jpg,5,Capacitor,1,2,n4,n4,ok,2,pose2,0.1741
circuit_394.jpg,6,V-AC,0,2,n1,n1,ok,2,pose0,0.1122
circuit_394.jpg,6,V-AC,1,2,n2,n2,ok,2,pose0,0.1122
circuit_394.jpg,7,GND,0,1,0,0,ok,1,,
circuit_394.jpg,8,Inductor,0,2,n1,n1,ok,2,pose0,0.1276
circuit_394.jpg,8,Inductor,1,2,n2,n2,ok,2,pose0,0.1276
circuit_394.jpg,9,Capacitor,0,2,n5,n5,ok,2,pose2,0.1989
circuit_394.jpg,9,Capacitor,1,2,n4,n4,ok,2,pose2,0.1989
circuit_394.jpg,10,Capacitor,0,2,n6,n6,ok,2,pose2,0.2008
circuit_394.jpg,10,Capacitor,1,2,0,0,ok,2,pose2,0.2008
circuit_394.jpg,11,Inductor,0,2,n1,n1,ok,2,pose0,0.1438
circuit_394.jpg,11,Inductor,1,2,n3,n3,ok,2,pose0,0.1438
circuit_394.jpg,12,Inductor,0,2,n1,n1,ok,2,pose0,0.129
circuit_394.jpg,12,Inductor,1,2,n5,n5,ok,2,pose0,0.129
circuit_394.jpg,13,Inductor,0,2,n1,n1,ok,2,pose0,0.1506
circuit_394.jpg,13,Inductor,1,2,n6,n6,ok,2,pose0,0.1506
circuit_41.jpg,0,Resistor,0,2,n1,n1,ok,2,pose0,0.1268
circuit_41.jpg,0,Resistor,1,2,n2,n2,ok,2,pose0,0.1268
circuit_41.jpg,1,Capacitor,0,2,n2,n2,ok,2,pose0,0.1794
circuit_41.jpg,1,Capacitor,1,2,0,0,ok,2,pose0,0.1794
circuit_41.jpg,2,V-DC,0,2,n1,0,swapped,2,pose6,0.1127
circuit_41.jpg,2,V-DC,1,2,0,n1,swapped,2,pose6,0.1127
circuit_41.jpg,3,GND,0,1,0,0,ok,1,,
circuit_41.jpg,4,I-DC,0,2,n2,0,swapped,2,pose6,0.1254
circuit_41.jpg,4,I-DC,1,2,0,n2,swapped,2,pose6,0.1254
circuit_41.jpg,5,Resistor,0,2,n2,n2,ok,2,pose0,0.1215
circuit_41.jpg,5,Resistor,1,2,n3,n3,ok,2,pose0,0.1215
circuit_41.jpg,6,Inductor,0,2,n3,n3,ok,2,pose2,0.1159
circuit_41.jpg,6,Inductor,1,2,0,0,ok,2,pose2,0.1159
circuit_415.jpg,0,Zener Diode,0,2,n1,n2,swapped,2,pose4,0.1593
circuit_415.jpg,0,Zener Diode,1,2,n2,n1,swapped,2,pose4,0.1593
circuit_415.jpg,1,MOSFET-P,0,3,n1,n3,swapped,3,pose4,0.1551
circuit_415.jpg,1,MOSFET-P,1,3,n2,n1,swapped,3,pose4,0.1551
circuit_415.jpg,1,MOSFET-P,2,3,n3,n2,swapped,3,pose4,0.1551
circuit_415.jpg,2,MOSFET-N,0,3,n1,n4,swapped,3,pose6,0.1468
circuit_415.jpg,2,MOSFET-N,1,3,n4,n3,swapped,3,pose6,0.1468
circuit_415.jpg,2,MOSFET-N,2,3,n3,n1,swapped,3,pose6,0.1468
circuit_415.jpg,3,MOSFET-N,0,3,n5,n4,swapped,3,pose4,0.1543
circuit_415.jpg,3,MOSFET-N,1,3,n4,0,swapped,3,pose4,0.1543
circuit_415.jpg,3,MOSFET-N,2,3,0,n5,swapped,3,pose4,0.1543
circuit_415.jpg,4,MOSFET-P,0,3,n6,n7,swapped,3,pose6,0.1607
circuit_415.jpg,4,MOSFET-P,1,3,n7,0,swapped,3,pose6,0.1607
circuit_415.jpg,4,MOSFET-P,2,3,0,n6,swapped,3,pose6,0.1607
circuit_415.jpg,5,MOSFET-P,0,3,n3,n3,ok,3,pose0,0.269
circuit_415.jpg,5,MOSFET-P,1,3,n8,n6,swapped,3,pose0,0.269
circuit_415.jpg,5,MOSFET-P,2,3,n6,n8,swapped,3,pose0,0.269
circuit_415.jpg,6,MOSFET-N,0,3,n3,n2,swapped,3,pose6,0.1685
circuit_415.jpg,6,MOSFET-N,1,3,n2,n5,swapped,3,pose6,0.1685
circuit_415.jpg,6,MOSFET-N,2,3,n5,n3,swapped,3,pose6,0.1685
circuit_415.jpg,7,V-DC,0,2,n1,0,swapped,2,pose4,0.1034
circuit_415.jpg,7,V-DC,1,2,0,n1,swapped,2,pose4,0.1034
circuit_415.jpg,8,GND,0,1,0,0,ok,1,,
circuit_415.jpg,9,V-AC,0,2,n4,n4,ok,2,pose2,0.1111
circuit_415.jpg,9,V-AC,1,2,0,0,ok,2,pose2,0.1111
circuit_415.jpg,10,V-AC,0,2,n2,n2,ok,2,pose2,0.1007
circuit_415.jpg,10,V-AC,1,2,0,0,ok,2,pose2,0.1007
circuit_415.jpg,11,Resistor,0,2,n5,n5,ok,2,pose0,0.1341
circuit_415.jpg,11,Resistor,1,2,n6,n6,ok,2,pose0,0.1341
circuit_415.jpg,12,GND,0,1,0,0,ok,1,,
circuit_415.jpg,13,I-AC,0,2,n7,n7,ok,2,pose2,0.1106
circuit_415.jpg,13,I-AC,1,2,0,0,ok,2,pose2,0.1106
circuit_415.jpg,14,I-AC,0,2,n8,n8,ok,2,pose3,0.1352
circuit_415.jpg,14,I-AC,1,2,0,0,ok,2,pose3,0.1352
circuit_417.jpg,0,Resistor,0,2,n1,n1,ok,2,pose0,0.1151
circuit_417.jpg,0,Resistor,1,2,n2,n2,ok,2,pose0,0.1151
circuit_417.jpg,1,Resistor,0,2,n5,n5,ok,2,pose2,0.1135
circuit_417.jpg,1,Resistor,1,2,0,0,ok,2,pose2,0.1135
circuit_417.jpg,2,Inductor,0,2,n2,n2,ok,2,pose0,0.1143
circuit_417.jpg,2,Inductor,1,2,n3,n3,ok,2,pose0,0.1143
circuit_417.jpg,3,Resistor,0,2,n3,n3,ok,2,pose0,0.1317
circuit_417.jpg,3,Resistor,1,2,n4,n4,ok,2,pose0,0.1317
circuit_417.jpg,4,Capacitor,0,2,n4,n4,ok,2,pose2,0.1779
circuit_417.jpg,4,Capacitor,1,2,n5,n5,ok,2,pose2,0.1779
circuit_417.jpg,5,V-AC,0,2,n1,n1,ok,2,pose2,0.1126
circuit_417.jpg,5,V-AC,1,2,0,0,ok,2,pose2,0.1126
circuit_417.jpg,6,GND,0,1,0,0,ok,1,,
circuit_427.jpg,0,V-DC,0,2,n4,n4,ok,2,pose0,0.0956
circuit_427.jpg,0,V-DC,1,2,n6,n6,ok,2,pose0,0.0956
circuit_427.jpg,1,V-DC,0,2,n5,n5,ok,2,pose0,0.1004
circuit_427.jpg,1,V-DC,1,2,n6,n6,ok,2,pose0,0.1004
circuit_427.jpg,2,Resistor,0,2,n1,n1,ok,2,pose2,0.1089
circuit_427.jpg,2,Resistor,1,2,n3,n3,ok,2,pose2,0.1089
circuit_427.jpg,3,Resistor,0,2,n2,n2,ok,2,pose2,0.112
circuit_427.jpg,3,Resistor,1,2,n4,n4,ok,2,pose2,0.112
circuit_427.jpg,4,Resistor,0,2,n1,n1,ok,2,pose2,0.1142
circuit_427.jpg,4,Resistor,1,2,n2,n2,ok,2,pose2,0.1142
circuit_427.jpg,5,Capacitor,0,2,n1,n1,ok,2,pose0,0.1632
circuit_427.jpg,5,Capacitor,1,2,0,0,ok,2,pose0,0.1632
circuit_427.jpg,6,GND,0,1,0,0,ok,1,,
circuit_427.jpg,7,Resistor,0,2,n3,n3,ok,2,pose2,0.1131
circuit_427.jpg,7,Resistor,1,2,n5,n5,ok,2,pose2,0.1131
circuit_427.jpg,8,Inductor,0,2,0,0,ok,2,pose0,0.1122
circuit_427.jpg,8,Inductor,1,2,n3,n3,ok,2,pose0,0.1122
circuit_427.jpg,9,Inductor,0,2,n2,n2,ok,2,pose0,0.1094
circuit_427.jpg,9,Inductor,1,2,0,0,ok,2,pose0,0.1094
circuit_437.jpg,0,V-AC,0,2,n1,n1,ok,2,pose2,0.0975
circuit_437.jpg,0,V-AC,1,2,n2,n2,ok,2,pose2,0.0975
circuit_437.jpg,1,V-DC,0,2,n3,n3,ok,2,pose0,0.0989
circuit_437.jpg,1,V-DC,1,2,0,0,ok,2,pose0,0.0989
circuit_437.jpg,2,V-AC,0,2,n1,n1,ok,2,pose0,0.1022
circuit_437.jpg,2,V-AC,1,2,n4,n4,ok,2,pose0,0.1022
circuit_437.jpg,3,Resistor,0,2,n5,n5,ok,2,pose0,0.1251
circuit_437.jpg,3,Resistor,1,2,n8,n8,ok,2,pose0,0.1251
circuit_437.jpg,4,I-AC,0,2,n1,n1,ok,2,pose0,0.127
circuit_437.jpg,4,I-AC,1,2,n9,n9,ok,2,pose0,0.127
circuit_437.jpg,5,MOSFET-N,0,3,n3,n2,swapped,3,pose6,0.1538
circuit_437.jpg,5,MOSFET-N,1,3,n2,n7,swapped,3,pose6,0.1538
circuit_437.jpg,5,MOSFET-N,2,3,n7,n3,swapped,3,pose6,0.1538
circuit_437.jpg,6,MOSFET-P,0,3,n3,n3,ok,3,pose2,0.1514
circuit_437.jpg,6,MOSFET-P,1,3,n4,n6,swapped,3,pose2,0.1514
circuit_437.jpg,6,MOSFET-P,2,3,n6,n4,swapped,3,pose2,0.1514
circuit_437.jpg,7,MOSFET-P,0,3,n8,n9,swapped,3,pose6,0.1634
circuit_437.jpg,7,MOSFET-P,1,3,n9,n1,swapped,3,pose6,0.1634
circuit_437.jpg,7,MOSFET-P,2,3,n1,n8,swapped,3,pose6,0.1634
circuit_437.jpg,8,GND,0,1,0,0,ok,1,,
circuit_437.jpg,9,MOSFET-P,0,3,n7,n7,ok,3,pose2,0.1638
circuit_437.jpg,9,MOSFET-P,1,3,n10,n8,swapped,3,pose2,0.1638
circuit_437.jpg,9,MOSFET-P,2,3,n8,n10,swapped,3,pose2,0.1638
circuit_437.jpg,10,I-AC,0,2,n1,n1,ok,2,pose0,0.101
circuit_437.jpg,10,I-AC,1,2,n10,n10,ok,2,pose0,0.101
circuit_437.jpg,11,MOSFET-N,0,3,n6,n2,swapped,3,pose6,0.1551
circuit_437.jpg,11,MOSFET-N,1,3,n2,n5,swapped,3,pose6,0.1551
circuit_437.jpg,11,MOSFET-N,2,3,n5,n6,swapped,3,pose6,0.1551
circuit_437.jpg,12,Zener Diode,0,2,n2,n3,swapped,2,pose4,0.1365
circuit_437.jpg,12,Zener Diode,1,2,n3,n2,swapped,2,pose4,0.1365
circuit_437.jpg,13,MOSFET-N,0,3,n5,n4,swapped,3,pose4,0.1461
circuit_437.jpg,13,MOSFET-N,1,3,n4,n1,swapped,3,pose4,0.1461
circuit_437.jpg,13,MOSFET-N,2,3,n1,n5,swapped,3,pose4,0.1461
circuit_438.jpg,0,Inductor,0,2,n5,n5,ok,2,pose0,0.127
circuit_438.jpg,0,Inductor,1,2,n6,n6,ok,2,pose0,0.127
circuit_438.jpg,1,Inductor,0,2,n3,n3,ok,2,pose0,0.1313
circuit_438.jpg,1,Inductor,1,2,n4,n4,ok,2,pose0,0.1313
circuit_438.jpg,2,Inductor,0,2,n2,n2,ok,2,pose0,0.13
circuit_438.jpg,2,Inductor,1,2,0,0,ok,2,pose0,0.13
circuit_438.jpg,3,GND,0,1,0,0,ok,1,,
circuit_438.jpg,4,GND,0,1,0,0,ok,1,,
circuit_438.jpg,5,V-AC,0,2,0,0,ok,2,pose2,0.1137
circuit_438.jpg,5,V-AC,1,2,n5,n5,ok,2,pose2,0.1137
circuit_438.jpg,6,I-DC,0,2,n1,0,swapped,2,pose6,0.1186
circuit_438.jpg,6,I-DC,1,2,0,n1,swapped,2,pose6,0.1186
circuit_438.jpg,7,Capacitor,0,2,n1,n1,ok,2,pose2,0.1671
circuit_438.jpg,7,Capacitor,1,2,n2,n2,ok,2,pose2,0.1671
circuit_438.jpg,8,Zener Diode,0,2,0,n6,swapped,2,pose4,0.1485
circuit_438.jpg,8,Zener Diode,1,2,n6,0,swapped,2,pose4,0.1485
circuit_438.jpg,9,Zener Diode,0,2,n3,n7,swapped,2,pose4,0.1517
circuit_438.jpg,9,Zener Diode,1,2,n7,n3,swapped,2,pose4,0.1517
circuit_438.jpg,10,Zener Diode,0,2,n2,n3,swapped,2,pose4,0.1646
circuit_438.jpg,10,Zener Diode,1,2,n3,n2,swapped,2,pose4,0.1646
circuit_438.jpg,11,Diode,0,2,n2,n2,ok,2,pose0,0.1737
circuit_438.jpg,11,Diode,1,2,0,0,ok,2,pose0,0.1737
circuit_438.jpg,12,Diode,0,2,n3,n6,swapped,2,pose6,0.1672
circuit_438.jpg,12,Diode,1,2,n6,n3,swapped,2,pose6,0.1672
circuit_438.jpg,13,Diode,0,2,0,n3,swapped,2,pose6,0.1622
circuit_438.jpg,13,Diode,1,2,n3,0,swapped,2,pose6,0.1622
circuit_438.jpg,14,Diode,0,2,n4,n4,ok,2,pose0,0.1591
circuit_438.jpg,14,Diode,1,2,n7,n7,ok,2,pose0,0.1591
circuit_438.jpg,15,Diode,0,2,0,n4,swapped,2,pose6,0.1612
circuit_438.jpg,15,Diode,1,2,n4,0,swapped,2,pose6,0.1612
circuit_438.jpg,16,Capacitor,0,2,n6,n6,ok,2,pose2,0.1877
circuit_438.jpg,16,Capacitor,1,2,n7,n7,ok,2,pose2,0.1877
circuit_438.jpg,17,Capacitor,0,2,0,0,ok,2,pose2,0.1924
circuit_438.jpg,17,Capacitor,1,2,n3,n3,ok,2,pose2,0.1924
circuit_438.jpg,18,Resistor,0,2,0,0,ok,2,pose2,0.1944
circuit_438.jpg,18,Resistor,1,2,n4,n4,ok,2,pose2,0.1944
circuit_439.jpg,0,V-DC,0,2,n1,n1,ok,2,pose0,0.0954
circuit_439.jpg,0,V-DC,1,2,n2,n2,ok,2,pose0,0.0954
circuit_439.jpg,1,I-DC,0,2,0,0,ok,2,pose0,0.0962
circuit_439.jpg,1,I-DC,1,2,n2,n2,ok,2,pose0,0.0962
circuit_439.jpg,2,Capacitor,0,2,0,0,ok,2,pose0,0.1646
circuit_439.jpg,2,Capacitor,1,2,n2,n2,ok,2,pose0,0.1646
circuit_439.jpg,3,Inductor,0,2,n1,n1,ok,2,pose0,0.1151
circuit_439.jpg,3,Inductor,1,2,0,0,ok,2,pose0,0.1151
circuit_439.jpg,4,Resistor,0,2,n1,n1,ok,2,pose2,0.1184
circuit_439.jpg,4,Resistor,1,2,n2,n2,ok,2,pose2,0.1184
circuit_439.jpg,5,GND,0,1,0,0,ok,1,,
circuit_455.jpg,0,Capacitor,0,2,0,0,ok,2,pose0,0.1509
circuit_455.jpg,0,Capacitor,1,2,n2,n2,ok,2,pose0,0.1509
circuit_455.jpg,1,Inductor,0,2,0,0,ok,2,pose2,0.1019
circuit_455.jpg,1,Inductor,1,2,n2,n2,ok,2,pose2,0.1019
circuit_455.jpg,2,Resistor,0,2,n1,n1,ok,2,pose0,0.1077
circuit_455.jpg,2,Resistor,1,2,n2,n2,ok,2,pose0,0.1077
circuit_455.jpg,3,GND,0,1,0,0,ok,1,,
circuit_455.jpg,4,I-DC,0,2,0,n2,swapped,2,pose4,0.0884
circuit_455.jpg,4,I-DC,1,2,n2,0,swapped,2,pose4,0.0884
circuit_455.jpg,5,Resistor,0,2,0,0,ok,2,pose2,0.1075
circuit_455.jpg,5,Resistor,1,2,n1,n1,ok,2,pose2,0.1075
circuit_455.jpg,6,V-DC,0,2,0,n2,swapped,2,pose4,0.0931
circuit_455.jpg,6,V-DC,1,2,n2,0,swapped,2,pose4,0.0931
circuit_455.jpg,7,I-DC,0,2,0,0,ok,2,pose0,0.0936
circuit_455.jpg,7,I-DC,1,2,n2,n2,ok,2,pose0,0.0936
circuit_468.jpg,0,Inductor,0,2,n1,n1,ok,2,pose2,0.1235
circuit_468.jpg,0,Inductor,1,2,n2,n2,ok,2,pose2,0.1235
circuit_468.jpg,1,Inductor,0,2,n1,n1,ok,2,pose2,0.1188
circuit_468.jpg,1,Inductor,1,2,n3,n3,ok,2,pose2,0.1188
circuit_468.jpg,2,Inductor,0,2,n1,n1,ok,2,pose2,0.1382
circuit_468.jpg,2,Inductor,1,2,n5,n5,ok,2,pose2,0.1382
circuit_468.jpg,3,Inductor,0,2,n1,n1,ok,2,pose2,0.1295
circuit_468.jpg,3,Inductor,1,2,n6,n6,ok,2,pose2,0.1295
circuit_468.jpg,4,Capacitor,0,2,n2,n2,ok,2,pose0,0.1768
circuit_468.jpg,4,Capacitor,1,2,0,0,ok,2,pose0,0.1768
circuit_468.jpg,5,Capacitor,0,2,n3,n3,ok,2,pose0,0.168
circuit_468.jpg,5,Capacitor,1,2,0,0,ok,2,pose0,0.168
circuit_468.jpg,6,Capacitor,0,2,n5,n5,ok,2,pose0,0.1677
circuit_468.jpg,6,Capacitor,1,2,0,0,ok,2,pose0,0.1677
circuit_468.jpg,7,Capacitor,0,2,n6,n6,ok,2,pose0,0.1559
circuit_468.jpg,7,Capacitor,1,2,0,0,ok,2,pose0,0.1559
circuit_468.jpg,8,GND,0,1,0,0,ok,1,,
circuit_468.jpg,9,V-AC,0,2,n1,n1,ok,2,pose0,0.0988
circuit_468.jpg,9,V-AC,1,2,n2,n2,ok,2,pose0,0.0988
circuit_468.jpg,10,I-AC,0,2,n2,n2,ok,2,pose2,0.0979
circuit_468.jpg,10,I-AC,1,2,n3,n3,ok,2,pose2,0.0979
circuit_468.jpg,11,V-DC,0,2,n3,0,swapped,2,pose6,0.1109
circuit_468.jpg,11,V-DC,1,2,0,n3,swapped,2,pose6,0.1109
circuit_468.jpg,12,I-DC,0,2,0,0,ok,2,pose2,0.1106
circuit_468.jpg,12,I-DC,1,2,n4,n4,ok,2,pose2,0.1106
circuit_468.jpg,13,V-DC,0,2,n4,0,swapped,2,pose6,0.109
circuit_468.jpg,13,V-DC,1,2,0,n4,swapped,2,pose6,0.109
circuit_469.jpg,0,Capacitor,0,2,n2,n2,ok,2,pose0,0.1582
circuit_469.jpg,0,Capacitor,1,2,n3,n3,ok,2,pose0,0.1582
circuit_469.jpg,1,Inductor,0,2,n1,n1,ok,2,pose0,0.1297
circuit_469.jpg,1,Inductor,1,2,n2,n2,ok,2,pose0,0.1297
circuit_469.jpg,2,Resistor,0,2,0,0,ok,2,pose2,0.1333
circuit_469.jpg,2,Resistor,1,2,n1,n1,ok,2,pose2,0.1333
circuit_469.jpg,3,GND,0,1,0,0,ok,1,,
circuit_469.jpg,4,Capacitor,0,2,0,0,ok,2,pose0,0.1656
circuit_469.jpg,4,Capacitor,1,2,n2,n2,ok,2,pose0,0.1656
circuit_469.jpg,5,Resistor,0,2,n3,n3,ok,2,pose0,0.1212
circuit_469.jpg,5,Resistor,1,2,n4,n4,ok,2,pose0,0.1212
circuit_469.jpg,6,V-AC,0,2,0,0,ok,2,pose2,0.1064
circuit_469.jpg,6,V-AC,1,2,n4,n4,ok,2,pose2,0.1064
circuit_470.jpg,0,I-AC,0,2,n2,n2,ok,2,pose2,0.0963
circuit_470.jpg,0,I-AC,1,2,n3,n3,ok,2,pose2,0.0963
circuit_470.jpg,1,V-AC,0,2,n1,n1,ok,2,pose2,0.0955
circuit_470.jpg,1,V-AC,1,2,n2,n2,ok,2,pose2,0.0955
circuit_470.jpg,2,V-DC,0,2,0,n6,swapped,2,pose6,0.0922
circuit_470.jpg,2,V-DC,1,2,n6,0,swapped,2,pose6,0.0922
circuit_470.jpg,3,V-DC,0,2,n3,n6,swapped,2,pose6,0.0986
circuit_470.jpg,3,V-DC,1,2,n6,n3,swapped,2,pose6,0.0986
circuit_470.jpg,4,I-DC,0,2,n6,n6,ok,2,pose0,0.0869
circuit_470.jpg,4,I-DC,1,2,0,0,ok,2,pose0,0.0869
circuit_470.jpg,5,Capacitor,0,2,n2,n2,ok,2,pose0,0.1664
circuit_470.jpg,5,Capacitor,1,2,n6,n6,ok,2,pose0,0.1664
circuit_470.jpg,6,Inductor,0,2,n1,n1,ok,2,pose2,0.1204
circuit_470.jpg,6,Inductor,1,2,n2,n2,ok,2,pose2,0.1204
circuit_470.jpg,7,Inductor,0,2,n1,n1,ok,2,pose2,0.1215
circuit_470.jpg,7,Inductor,1,2,n3,n3,ok,2,pose2,0.1215
circuit_470.jpg,8,Inductor,0,2,n1,n1,ok,2,pose2,0.118
circuit_470.jpg,8,Inductor,1,2,n5,n5,ok,2,pose2,0.118
circuit_470.jpg,9,GND,0,1,0,0,ok,1,,
circuit_470.jpg,10,Inductor,0,2,n1,n1,ok,2,pose2,0.1253
circuit_470.jpg,10,Inductor,1,2,n4,n4,ok,2,pose2,0.1253
circuit_470.jpg,11,Capacitor,0,2,n3,n3,ok,2,pose0,0.1776
circuit_470.jpg,11,Capacitor,1,2,n6,n6,ok,2,pose0,0.1776
circuit_470.jpg,12,Capacitor,0,2,n5,n5,ok,2,pose0,0.1798
circuit_470.jpg,12,Capacitor,1,2,n6,n6,ok,2,pose0,0.1798
circuit_470.jpg,13,Capacitor,0,2,n4,n4,ok,2,pose0,0.1702
circuit_470.jpg,13,Capacitor,1,2,0,0,ok,2,pose0,0.1702
circuit_472.jpg,0,Op-Amp,0,3,n8,n9,swapped,3,pose3,0.2244
circuit_472.jpg,0,Op-Amp,1,3,n10,n8,swapped,3,pose3,0.2244
circuit_472.jpg,0,Op-Amp,2,3,n9,n10,swapped,3,pose3,0.2244
circuit_472.jpg,1,Diode,0,2,n1,n1,ok,3,pose0,0.1678
circuit_472.jpg,1,Diode,1,2,n4,n4,ok,3,pose0,0.1678
circuit_472.jpg,2,Diode,0,2,n1,n1,ok,2,pose0,0.1637
circuit_472.jpg,2,Diode,1,2,n3,n3,ok,2,pose0,0.1637
circuit_472.jpg,3,Diode,0,2,n3,n3,ok,2,pose0,0.1737
circuit_472.jpg,3,Diode,1,2,n2,n2,ok,2,pose0,0.1737
circuit_472.jpg,4,Diode,0,2,n4,n4,ok,2,pose0,0.1715
circuit_472.jpg,4,Diode,1,2,n2,n2,ok,2,pose0,0.1715
circuit_472.jpg,5,Inductor,0,2,n5,n5,ok,2,pose2,0.1266
circuit_472.jpg,5,Inductor,1,2,n2,n2,ok,2,pose2,0.1266
circuit_472.jpg,6,V-AC,0,2,n3,n3,ok,2,pose2,0.1091
circuit_472.jpg,6,V-AC,1,2,n4,n4,ok,2,pose2,0.1091
circuit_472.jpg,7,Capacitor,0,2,n7,n7,ok,2,pose0,0.183
circuit_472.jpg,7,Capacitor,1,2,n2,n2,ok,2,pose0,0.183
circuit_472.jpg,8,Resistor,0,2,n1,n1,ok,2,pose2,0.1247
circuit_472.jpg,8,Resistor,1,2,n6,n6,ok,2,pose2,0.1247
circuit_472.jpg,9,Capacitor,0,2,n1,n1,ok,2,pose0,0.1812
circuit_472.jpg,9,Capacitor,1,2,n5,n5,ok,2,pose0,0.1812
circuit_472.jpg,10,Resistor,0,2,n12,n12,ok,2,pose2,0.1435
circuit_472.jpg,10,Resistor,1,2,n2,n2,ok,2,pose2,0.1435
circuit_472.jpg,11,Inductor,0,2,n11,n11,ok,2,pose2,0.1342
circuit_472.jpg,11,Inductor,1,2,n12,n12,ok,2,pose2,0.1342
circuit_472.jpg,12,Zener Diode,0,2,n10,n10,ok,2,pose2,0.1426
circuit_472.jpg,12,Zener Diode,1,2,n12,n12,ok,2,pose2,0.1426
circuit_472.jpg,13,BJT-NPN,0,3,n1,n11,swapped,3,pose4,0.1873
circuit_472.jpg,13,BJT-NPN,1,3,n9,n1,swapped,3,pose4,0.1873
circuit_472.jpg,13,BJT-NPN,2,3,n11,n9,swapped,3,pose4,0.1873
circuit_472.jpg,14,Zener Diode,0,2,n6,n2,swapped,2,pose4,0.1401
circuit_472.jpg,14,Zener Diode,1,2,n2,n6,swapped,2,pose4,0.1401
circuit_472.jpg,15,BJT-PNP,0,3,n8,n8,ok,3,pose2,0.2075
circuit_472.jpg,15,BJT-PNP,1,3,n6,n7,swapped,3,pose2,0.2075
circuit_472.jpg,15,BJT-PNP,2,3,n7,n6,swapped,3,pose2,0.2075
circuit_481.jpg,0,Capacitor,0,2,n1,n1,ok,2,pose0,0.1722
circuit_481.jpg,0,Capacitor,1,2,n2,n2,ok,2,pose0,0.1722
circuit_481.jpg,1,V-AC,0,2,n2,n2,ok,2,pose2,0.1095
circuit_481.jpg,1,V-AC,1,2,0,0,ok,2,pose2,0.1095
circuit_481.jpg,2,Resistor,0,2,n2,n2,ok,2,pose0,0.1168
circuit_481.jpg,2,Resistor,1,2,n3,n3,ok,2,pose0,0.1168
circuit_481.jpg,3,Capacitor,0,2,n3,n3,ok,2,pose0,0.183
circuit_481.jpg,3,Capacitor,1,2,0,0,ok,2,pose0,0.183
circuit_481.jpg,4,I-AC,0,2,n1,n1,ok,2,pose2,0.1075
circuit_481.jpg,4,I-AC,1,2,n3,n3,ok,2,pose2,0.1075
circuit_481.jpg,5,Inductor,0,2,n3,n3,ok,2,pose0,0.1229
circuit_481.jpg,5,Inductor,1,2,n4,n4,ok,2,pose0,0.1229
circuit_481.jpg,6,GND,0,1,0,0,ok,1,,
circuit_481.jpg,7,Resistor,0,2,n1,n1,ok,2,pose2,0.1148
circuit_481.jpg,7,Resistor,1,2,n4,n4,ok,2,pose2,0.1148
circuit_481.jpg,8,I-AC,0,2,n4,n4,ok,2,pose2,0.1144
circuit_481.jpg,8,I-AC,1,2,0,0,ok,2,pose2,0.1144
circuit_485.jpg,0,V-DC,0,2,n3,n3,ok,2,pose0,0.0852
circuit_485.jpg,0,V-DC,1,2,0,0,ok,2,pose0,0.0852
circuit_485.jpg,1,Resistor,0,2,n1,n1,ok,2,pose0,0.1
circuit_485.jpg,1,Resistor,1,2,n2,n2,ok,2,pose0,0.1
circuit_485.jpg,2,Capacitor,0,2,n2,n2,ok,2,pose0,0.1394
circuit_485.jpg,2,Capacitor,1,2,n3,n3,ok,2,pose0,0.1394
circuit_485.jpg,3,V-DC,0,2,n1,0,swapped,2,pose4,0.0854
circuit_485.jpg,3,V-DC,1,2,0,n1,swapped,2,pose4,0.0854
circuit_485.jpg,4,Inductor,0,2,n2,n2,ok,2,pose2,0.098
circuit_485.jpg,4,Inductor,1,2,0,0,ok,2,pose2,0.098
circuit_485.jpg,5,GND,0,1,0,0,ok,1,,
circuit_492.jpg,0,BJT-PNP,0,3,n8,n8,ok,3,pose2,0.2522
circuit_492.jpg,0,BJT-PNP,1,3,n9,n10,swapped,3,pose2,0.2522
circuit_492.jpg,0,BJT-PNP,2,3,n10,n9,swapped,3,pose2,0.2522
circuit_492.jpg,1,BJT-PNP,0,3,n3,n3,ok,3,pose2,0.245
circuit_492.jpg,1,BJT-PNP,1,3,n2,n5,swapped,3,pose2,0.245
circuit_492.jpg,1,BJT-PNP,2,3,n5,n2,swapped,3,pose2,0.245
circuit_492.jpg,2,BJT-NPN,0,3,n7,n14,swapped,3,pose6,0.1481
circuit_492.jpg,2,BJT-NPN,1,3,n14,n16,swapped,3,pose6,0.1481
circuit_492.jpg,2,BJT-NPN,2,3,n16,n7,swapped,3,pose6,0.1481
circuit_492.jpg,3,BJT-NPN,0,3,n8,n8,ok,3,pose2,0.1454
circuit_492.jpg,3,BJT-NPN,1,3,n4,0,swapped,3,pose2,0.1454
circuit_492.jpg,3,BJT-NPN,2,3,0,n4,swapped,3,pose2,0.1454
circuit_492.jpg,4,GND,0,1,0,0,ok,1,,
circuit_492.jpg,5,Resistor,0,2,n5,n5,ok,2,pose0,0.1331
circuit_492.jpg,5,Resistor,1,2,n11,n11,ok,2,pose0,0.1331
circuit_492.jpg,6,Diode,0,2,n12,n12,ok,2,pose0,0.1613
circuit_492.jpg,6,Diode,1,2,n14,n14,ok,2,pose0,0.1613
circuit_492.jpg,7,Resistor,0,2,0,0,ok,2,pose2,0.1323
circuit_492.jpg,7,Resistor,1,2,n1,n1,ok,2,pose2,0.1323
circuit_492.jpg,8,Diode,0,2,n13,n12,swapped,2,pose6,0.1581
circuit_492.jpg,8,Diode,1,2,n12,n13,swapped,2,pose6,0.1581
circuit_492.jpg,9,Resistor,0,2,0,0,ok,2,pose2,0.1355
circuit_492.jpg,9,Resistor,1,2,n9,n9,ok,2,pose2,0.1355
circuit_492.jpg,10,Resistor,0,2,n6,n6,ok,2,pose2,0.1226
circuit_492.jpg,10,Resistor,1,2,n7,n7,ok,2,pose2,0.1226
circuit_492.jpg,11,Resistor,0,2,n11,n11,ok,2,pose0,0.137
circuit_492.jpg,11,Resistor,1,2,n12,n12,ok,2,pose0,0.137
circuit_492.jpg,12,BJT-NPN,0,3,n13,n8,swapped,3,pose6,0.1672
circuit_492.jpg,12,BJT-NPN,1,3,n8,0,swapped,3,pose6,0.1672
circuit_492.jpg,12,BJT-NPN,2,3,0,n13,swapped,3,pose6,0.1672
circuit_492.jpg,13,Resistor,0,2,n5,n5,ok,2,pose2,0.1343
circuit_492.jpg,13,Resistor,1,2,n6,n6,ok,2,pose2,0.1343
circuit_492.jpg,14,V-DC (one port),0,1,n7,n7,ok,1,any,0.3887
circuit_492.jpg,15,V-DC (one port),0,1,n6,n6,ok,1,any,0.3751
circuit_492.jpg,16,BJT-PNP,0,3,n15,n15,ok,3,pose2,0.2361
circuit_492.jpg,16,BJT-PNP,1,3,n13,n16,swapped,3,pose2,0.2361
circuit_492.jpg,16,BJT-PNP,2,3,n16,n13,swapped,3,pose2,0.2361
circuit_492.jpg,17,BJT-NPN,0,3,n3,n3,ok,3,pose2,0.1562
circuit_492.jpg,17,BJT-NPN,1,3,n4,0,swapped,3,pose2,0.1562
circuit_492.jpg,17,BJT-NPN,2,3,0,n4,swapped,3,pose2,0.1562
circuit_492.jpg,18,V-DC (one port),0,1,n12,n12,ok,1,any,0.402
circuit_492.jpg,19,BJT-NPN,0,3,n16,n15,swapped,3,pose6,0.1694
circuit_492.jpg,19,BJT-NPN,1,3,n15,0,swapped,3,pose6,0.1694
circuit_492.jpg,19,BJT-NPN,2,3,0,n16,swapped,3,pose6,0.1694
circuit_492.jpg,20,V-DC (one port),0,1,n10,n10,ok,1,any,0.4093
circuit_492.jpg,21,V-DC (one port),0,1,n1,n1,ok,1,any,0.3832
circuit_492.jpg,22,BJT-PNP,0,3,0,n2,swapped,3,pose4,0.2184
circuit_492.jpg,22,BJT-PNP,1,3,n1,n1,ok,3,pose4,0.2184
circuit_492.jpg,22,BJT-PNP,2,3,n2,0,swapped,3,pose4,0.2184
circuit_506.jpg,0,V-AC,0,2,n4,n4,ok,2,pose2,0.1025
circuit_506.jpg,0,V-AC,1,2,n3,n3,ok,2,pose2,0.1025
circuit_506.jpg,1,Diode,0,2,n3,n3,ok,2,pose0,0.1374
circuit_506.jpg,1,Diode,1,2,n2,n2,ok,2,pose0,0.1374
circuit_506.jpg,2,Diode,0,2,n4,n4,ok,2,pose0,0.1412
circuit_506.jpg,2,Diode,1,2,n2,n2,ok,2,pose0,0.1412
circuit_506.jpg,3,Diode,0,2,n1,n1,ok,2,pose0,0.135
circuit_506.jpg,3,Diode,1,2,n3,n3,ok,2,pose0,0.135
circuit_506.jpg,4,Diode,0,2,n1,n4,swapped,2,pose6,0.1438
circuit_506.jpg,4,Diode,1,2,n4,n1,swapped,2,pose6,0.1438
circuit_506.jpg,5,Zener Diode,0,2,n1,n6,swapped,2,pose4,0.1247
circuit_506.jpg,5,Zener Diode,1,2,n6,n1,swapped,2,pose4,0.1247
circuit_506.jpg,6,Zener Diode,0,2,n9,n9,ok,2,pose2,0.12
circuit_506.jpg,6,Zener Diode,1,2,n11,n11,ok,2,pose2,0.12
circuit_506.jpg,7,Op-Amp,0,3,n8,n10,swapped,3,pose3,0.2149
circuit_506.jpg,7,Op-Amp,1,3,n9,n8,swapped,3,pose3,0.2149
circuit_506.jpg,7,Op-Amp,2,3,n10,n9,swapped,3,pose3,0.2149
circuit_506.jpg,8,BJT-NPN,0,3,n2,n10,swapped,3,pose6,0.13
circuit_506.jpg,8,BJT-NPN,1,3,n10,n12,swapped,3,pose6,0.13
circuit_506.jpg,8,BJT-NPN,2,3,n12,n2,swapped,3,pose6,0.13
circuit_506.jpg,9,Inductor,0,2,n11,n11,ok,2,pose2,0.1055
circuit_506.jpg,9,Inductor,1,2,n12,n12,ok,2,pose2,0.1055
circuit_506.jpg,10,Inductor,0,2,n1,n1,ok,2,pose2,0.1129
circuit_506.jpg,10,Inductor,1,2,n5,n5,ok,2,pose2,0.1129
circuit_506.jpg,11,Capacitor,0,2,n5,n5,ok,2,pose0,0.1568
circuit_506.jpg,11,Capacitor,1,2,n2,n2,ok,2,pose0,0.1568
circuit_506.jpg,12,Capacitor,0,2,n1,n1,ok,2,pose7,0.1741
circuit_506.jpg,12,Capacitor,1,2,n7,n7,ok,2,pose7,0.1741
circuit_506.jpg,13,Resistor,0,2,n1,n1,ok,2,pose2,0.1136
circuit_506.jpg,13,Resistor,1,2,n11,n11,ok,2,pose2,0.1136
circuit_506.jpg,14,Resistor,0,2,n6,n6,ok,2,pose2,0.1217
circuit_506.jpg,14,Resistor,1,2,n2,n2,ok,2,pose2,0.1217
circuit_506.jpg,15,BJT-PNP,0,3,n8,n8,ok,3,pose2,0.231
circuit_506.jpg,15,BJT-PNP,1,3,n6,n7,swapped,3,pose2,0.231
circuit_506.jpg,15,BJT-PNP,2,3,n7,n6,swapped,3,pose2,0.231
circuit_522.jpg,0,BJT-PNP,0,3,0,0,ok,3,pose2,0.2128
circuit_522.jpg,0,BJT-PNP,1,3,n1,n2,swapped,3,pose2,0.2128
circuit_522.jpg,0,BJT-PNP,2,3,n2,n1,swapped,3,pose2,0.2128
circuit_522.jpg,1,BJT-NPN,0,3,n3,n4,swapped,3,pose6,0.1335
circuit_522.jpg,1,BJT-NPN,1,3,n4,0,swapped,3,pose6,0.1335
circuit_522.jpg,1,BJT-NPN,2,3,0,n3,swapped,3,pose6,0.1335
circuit_522.jpg,2,BJT-NPN,0,3,n5,n4,swapped,3,pose6,0.1274
circuit_522.jpg,2,BJT-NPN,1,3,n4,0,swapped,3,pose6,0.1274
circuit_522.jpg,2,BJT-NPN,2,3,0,n5,swapped,3,pose6,0.1274
circuit_522.jpg,3,BJT-NPN,0,3,n11,n15,swapped,3,pose6,0.1413
circuit_522.jpg,3,BJT-NPN,1,3,n15,0,swapped,3,pose6,0.1413
circuit_522.jpg,3,BJT-NPN,2,3,0,n11,swapped,3,pose6,0.1413
circuit_522.jpg,4,BJT-NPN,0,3,n9,n14,swapped,3,pose6,0.1281
circuit_522.jpg,4,BJT-NPN,1,3,n14,n11,swapped,3,pose6,0.1281
circuit_522.jpg,4,BJT-NPN,2,3,n11,n9,swapped,3,pose6,0.1281
circuit_522.jpg,5,BJT-PNP,0,3,n5,n5,ok,3,pose2,0.1262
circuit_522.jpg,5,BJT-PNP,1,3,n6,n10,swapped,3,pose2,0.1262
circuit_522.jpg,5,BJT-PNP,2,3,n10,n6,swapped,3,pose2,0.1262
circuit_522.jpg,6,BJT-PNP,0,3,n15,n15,ok,3,pose2,0.2231
circuit_522.jpg,6,BJT-PNP,1,3,n12,n11,swapped,3,pose2,0.2231
circuit_522.jpg,6,BJT-PNP,2,3,n11,n12,swapped,3,pose2,0.2231
circuit_522.jpg,7,BJT-PNP,0,3,n3,n3,ok,3,pose2,0.2124
circuit_522.jpg,7,BJT-PNP,1,3,n2,n7,swapped,3,pose2,0.2124
circuit_522.jpg,7,BJT-PNP,2,3,n7,n2,swapped,3,pose2,0.2124
circuit_522.jpg,8,Resistor,0,2,n8,n8,ok,2,pose2,0.1242
circuit_522.jpg,8,Resistor,1,2,n9,n9,ok,2,pose2,0.1242
circuit_522.jpg,9,Resistor,0,2,n7,n7,ok,2,pose2,0.1202
circuit_522.jpg,9,Resistor,1,2,n8,n8,ok,2,pose2,0.1202
circuit_522.jpg,10,Resistor,0,2,n7,n7,ok,2,pose0,0.1192
circuit_522.jpg,10,Resistor,1,2,n10,n10,ok,2,pose0,0.1192
circuit_522.jpg,11,Resistor,0,2,n10,n10,ok,2,pose0,0.1199
circuit_522.jpg,11,Resistor,1,2,n11,n11,ok,2,pose0,0.1199
circuit_522.jpg,12,Resistor,0,2,0,0,ok,2,pose2,0.1143
circuit_522.jpg,12,Resistor,1,2,n1,n1,ok,2,pose2,0.1143
circuit_522.jpg,13,Resistor,0,2,0,0,ok,2,pose2,0.1255
circuit_522.jpg,13,Resistor,1,2,n6,n6,ok,2,pose2,0.1255
circuit_522.jpg,14,Diode,0,2,n13,n13,ok,2,pose0,0.1535
circuit_522.jpg,14,Diode,1,2,n14,n14,ok,2,pose0,0.1535
circuit_522.jpg,15,Diode,0,2,n12,n12,ok,2,pose0,0.1647
circuit_522.jpg,15,Diode,1,2,n13,n13,ok,2,pose0,0.1647
circuit_522.jpg,16,V-DC (one port),0,1,n1,n1,ok,1,any,0.3867
circuit_522.jpg,17,V-DC (one port),0,1,n9,n9,ok,1,any,0.386
circuit_522.jpg,18,V-DC (one port),0,1,n11,n11,ok,1,any,0.3946
circuit_522.jpg,19,GND,0,1,0,0,ok,1,,
circuit_522.jpg,20,V-DC (one port),0,1,n8,n8,ok,1,any,0.3551
circuit_522.jpg,21,V-DC (one port),0,1,n10,n10,ok,1,any,0.3713
circuit_524.jpg,0,V-DC,0,2,0,n4,swapped,2,pose6,0.0849
circuit_524.jpg,0,V-DC,1,2,n4,0,swapped,2,pose6,0.0849
circuit_524.jpg,1,I-DC,0,2,0,n2,swapped,2,pose6,0.0848
circuit_524.jpg,1,I-DC,1,2,n2,0,swapped,2,pose6,0.0848
circuit_524.jpg,2,V-DC,0,2,0,0,ok,2,pose0,0.0812
circuit_524.jpg,2,V-DC,1,2,n1,n1,ok,2,pose0,0.0812
circuit_524.jpg,3,Resistor,0,2,0,0,ok,2,pose2,0.1007
circuit_524.jpg,3,Resistor,1,2,n2,n2,ok,2,pose2,0.1007
circuit_524.jpg,4,Resistor,0,2,n1,n1,ok,2,pose0,0.1079
circuit_524.jpg,4,Resistor,1,2,n2,n2,ok,2,pose0,0.1079
circuit_524.jpg,5,Inductor,0,2,n2,n2,ok,2,pose0,0.1097
circuit_524.jpg,5,Inductor,1,2,n3,n3,ok,2,pose0,0.1097
circuit_524.jpg,6,Capacitor,0,2,n3,n3,ok,2,pose2,0.1433
circuit_524.jpg,6,Capacitor,1,2,n4,n4,ok,2,pose2,0.1433
circuit_524.jpg,7,GND,0,1,0,0,ok,1,,
circuit_525.jpg,0,V-DC,0,2,0,n6,swapped,2,pose4,0.0987
circuit_525.jpg,0,V-DC,1,2,n6,0,swapped,2,pose4,0.0987
circuit_525.jpg,1,Op-Amp,0,3,n2,n9,swapped,3,pose7,0.1947
circuit_525.jpg,1,Op-Amp,1,3,n8,n2,swapped,3,pose7,0.1947
circuit_525.jpg,1,Op-Amp,2,3,n9,n8,swapped,3,pose7,0.1947
circuit_525.jpg,2,Op-Amp,0,3,0,0,ok,3,pose1,0.1895
circuit_525.jpg,2,Op-Amp,1,3,n1,n1,ok,3,pose1,0.1895
circuit_525.jpg,2,Op-Amp,2,3,n2,n2,ok,3,pose1,0.1895
circuit_525.jpg,3,Op-Amp,0,3,0,n4,swapped,3,pose4,0.1803
circuit_525.jpg,3,Op-Amp,1,3,n3,n3,ok,3,pose4,0.1803
circuit_525.jpg,3,Op-Amp,2,3,n4,0,swapped,3,pose4,0.1803
circuit_525.jpg,4,Op-Amp,0,3,0,n7,swapped,3,pose4,0.1095
circuit_525.jpg,4,Op-Amp,1,3,n6,n6,ok,3,pose4,0.1095
circuit_525.jpg,4,Op-Amp,2,3,n7,0,swapped,3,pose4,0.1095
circuit_525.jpg,5,Resistor,0,2,n4,n4,ok,2,pose0,0.1331
circuit_525.jpg,5,Resistor,1,2,n5,n5,ok,2,pose0,0.1331
circuit_525.jpg,6,Capacitor,0,2,n6,n6,ok,2,pose0,0.1647
circuit_525.jpg,6,Capacitor,1,2,n7,n7,ok,2,pose0,0.1647
circuit_525.jpg,7,I-DC,0,2,0,n1,swapped,2,pose6,0.1116
circuit_525.jpg,7,I-DC,1,2,n1,0,swapped,2,pose6,0.1116
circuit_525.jpg,8,Resistor,0,2,n7,n7,ok,2,pose0,0.1443
circuit_525.jpg,8,Resistor,1,2,n8,n8,ok,2,pose0,0.1443
circuit_525.jpg,9,Resistor,0,2,n9,n9,ok,2,pose0,0.13
circuit_525.jpg,9,Resistor,1,2,n5,n5,ok,2,pose0,0.13
circuit_525.jpg,10,Resistor,0,2,n2,n2,ok,2,pose0,0.1294
circuit_525.jpg,10,Resistor,1,2,n10,n10,ok,2,pose0,0.1294
circuit_525.jpg,11,Inductor,0,2,n1,n1,ok,2,pose0,0.1314
circuit_525.jpg,11,Inductor,1,2,n2,n2,ok,2,pose0,0.1314
circuit_525.jpg,12,Capacitor,0,2,n10,n10,ok,2,pose0,0.168
circuit_525.jpg,12,Capacitor,1,2,n11,n11,ok,2,pose0,0.168
circuit_525.jpg,13,Inductor,0,2,n3,n3,ok,2,pose0,0.1387
circuit_525.jpg,13,Inductor,1,2,n4,n4,ok,2,pose0,0.1387
circuit_525.jpg,14,Resistor,0,2,n11,n11,ok,2,pose0,0.1417
circuit_525.jpg,14,Resistor,1,2,n5,n5,ok,2,pose0,0.1417
circuit_525.jpg,15,Capacitor,0,2,n2,n2,ok,2,pose2,0.1919
circuit_525.jpg,15,Capacitor,1,2,n3,n3,ok,2,pose2,0.1919
circuit_525.jpg,16,Inductor,0,2,n8,n8,ok,2,pose0,0.1438
circuit_525.jpg,16,Inductor,1,2,n9,n9,ok,2,pose0,0.1438
circuit_525.jpg,17,GND,0,1,0,0,ok,1,,
circuit_525.jpg,18,GND,0,1,0,0,ok,1,,
circuit_525.jpg,19,Op-Amp,0,3,0,n11,swapped,3,pose4,0.1039
circuit_525.jpg,19,Op-Amp,1,3,n10,n10,ok,3,pose4,0.1039
circuit_525.jpg,19,Op-Amp,2,3,n11,0,swapped,3,pose4,0.1039
circuit_525.jpg,20,GND,0,1,0,0,ok,1,,
circuit_525.jpg,21,GND,0,1,0,0,ok,1,,
circuit_525.jpg,22,GND,0,1,0,0,ok,1,,
circuit_525.jpg,23,GND,0,1,0,0,ok,1,,
circuit_537.jpg,0,I-AC,0,2,0,0,ok,2,pose2,0.0921
circuit_537.jpg,0,I-AC,1,2,n1,n1,ok,2,pose2,0.0921
circuit_537.jpg,1,V-AC,0,2,0,0,ok,2,pose2,0.0955
circuit_537.jpg,1,V-AC,1,2,n3,n3,ok,2,pose2,0.0955
circuit_537.jpg,2,Capacitor,0,2,n1,n1,ok,2,pose0,0.1532
circuit_537.jpg,2,Capacitor,1,2,n3,n3,ok,2,pose0,0.1532
circuit_537.jpg,3,GND,0,1,0,0,ok,1,,
circuit_537.jpg,4,Inductor,0,2,0,0,ok,2,pose2,0.1355
circuit_537.jpg,4,Inductor,1,2,n1,n1,ok,2,pose2,0.1355
circuit_537.jpg,5,Resistor,0,2,n2,n2,ok,2,pose0,0.11
circuit_537.jpg,5,Resistor,1,2,n1,n1,ok,2,pose0,0.11
circuit_537.jpg,6,I-AC,0,2,0,0,ok,2,pose2,0.0915
circuit_537.jpg,6,I-AC,1,2,n2,n2,ok,2,pose2,0.0915
circuit_538.jpg,0,BJT-PNP,0,3,n10,n10,ok,3,pose2,0.1318
circuit_538.jpg,0,BJT-PNP,1,3,n11,n4,swapped,3,pose2,0.1318
circuit_538.jpg,0,BJT-PNP,2,3,n4,n11,swapped,3,pose2,0.1318
circuit_538.jpg,1,Resistor,0,2,n1,n1,ok,2,pose2,0.1214
circuit_538.jpg,1,Resistor,1,2,n2,n2,ok,2,pose2,0.1214
circuit_538.jpg,2,BJT-PNP,0,3,n13,n13,ok,3,pose2,0.2262
circuit_538.jpg,2,BJT-PNP,1,3,n14,n3,swapped,3,pose2,0.2262
circuit_538.jpg,2,BJT-PNP,2,3,n3,n14,swapped,3,pose2,0.2262
circuit_538.jpg,3,BJT-NPN,0,3,n1,n6,swapped,3,pose6,0.1363
circuit_538.jpg,3,BJT-NPN,1,3,n6,n5,swapped,3,pose6,0.1363
circuit_538.jpg,3,BJT-NPN,2,3,n5,n1,swapped,3,pose6,0.1363
circuit_538.jpg,4,BJT-NPN,0,3,n10,n10,ok,3,pose2,0.1398
circuit_538.jpg,4,BJT-NPN,1,3,n12,0,swapped,3,pose2,0.1398
circuit_538.jpg,4,BJT-NPN,2,3,0,n12,swapped,3,pose2,0.1398
circuit_538.jpg,5,Resistor,0,2,n15,n15,ok,2,pose2,0.1233
circuit_538.jpg,5,Resistor,1,2,0,0,ok,2,pose2,0.1233
circuit_538.jpg,6,GND,0,1,0,0,ok,1,,
circuit_538.jpg,7,BJT-NPN,0,3,n8,n10,swapped,3,pose6,0.1314
circuit_538.jpg,7,BJT-NPN,1,3,n10,0,swapped,3,pose6,0.1314
circuit_538.jpg,7,BJT-NPN,2,3,0,n8,swapped,3,pose6,0.1314
circuit_538.jpg,8,V-DC (one port),0,1,n2,n2,ok,1,any,0.3634
circuit_538.jpg,9,Inductor,0,2,n3,n3,ok,2,pose0,0.1232
circuit_538.jpg,9,Inductor,1,2,n4,n4,ok,2,pose0,0.1232
circuit_538.jpg,10,Diode,0,2,n7,n7,ok,2,pose0,0.1609
circuit_538.jpg,10,Diode,1,2,n8,n8,ok,2,pose0,0.1609
circuit_538.jpg,11,BJT-PNP,0,3,n9,n9,ok,3,pose2,0.1976
circuit_538.jpg,11,BJT-PNP,1,3,n8,n5,swapped,3,pose2,0.1976
circuit_538.jpg,11,BJT-PNP,2,3,n5,n8,swapped,3,pose2,0.1976
circuit_538.jpg,12,Resistor,0,2,n11,n11,ok,2,pose2,0.1384
circuit_538.jpg,12,Resistor,1,2,0,0,ok,2,pose2,0.1384
circuit_538.jpg,13,Diode,0,2,n6,n6,ok,2,pose0,0.1599
circuit_538.jpg,13,Diode,1,2,n7,n7,ok,2,pose0,0.1599
circuit_538.jpg,14,BJT-NPN,0,3,n5,n9,swapped,3,pose6,0.1452
circuit_538.jpg,14,BJT-NPN,1,3,n9,0,swapped,3,pose6,0.1452
circuit_538.jpg,14,BJT-NPN,2,3,0,n5,swapped,3,pose6,0.1452
circuit_538.jpg,15,BJT-PNP,0,3,0,0,ok,3,pose2,0.2085
circuit_538.jpg,15,BJT-PNP,1,3,n15,n14,swapped,3,pose2,0.2085
circuit_538.jpg,15,BJT-PNP,2,3,n14,n15,swapped,3,pose2,0.2085
circuit_538.jpg,16,Resistor,0,2,n2,n2,ok,2,pose2,0.123
circuit_538.jpg,16,Resistor,1,2,n3,n3,ok,2,pose2,0.123
circuit_538.jpg,17,BJT-NPN,0,3,n13,n13,ok,3,pose2,0.1393
circuit_538.jpg,17,BJT-NPN,1,3,n12,0,swapped,3,pose2,0.1393
circuit_538.jpg,17,BJT-NPN,2,3,0,n12,swapped,3,pose2,0.1393
circuit_538.jpg,18,V-DC (one port),0,1,n4,n4,ok,1,any,0.383
circuit_538.jpg,19,Inductor,0,2,n4,n4,ok,2,pose0,0.1352
circuit_538.jpg,19,Inductor,1,2,n5,n5,ok,2,pose0,0.1352
circuit_538.jpg,20,V-DC (one port),0,1,n1,n1,ok,1,any,0.3696
circuit_538.jpg,21,V-DC (one port),0,1,n15,n15,ok,1,any,0.3849
circuit_538.jpg,22,V-DC (one port),0,1,n5,n5,ok,1,any,0.3619
circuit_555.jpg,0,Resistor,0,2,n1,n1,ok,2,pose0,0.1328
circuit_555.jpg,0,Resistor,1,2,n2,n2,ok,2,pose0,0.1328
circuit_555.jpg,1,Resistor,0,2,n2,n2,ok,2,pose0,0.1245
circuit_555.jpg,1,Resistor,1,2,n4,n4,ok,2,pose0,0.1245
circuit_555.jpg,2,Resistor,0,2,n3,n3,ok,2,pose2,0.1255
circuit_555.jpg,2,Resistor,1,2,n2,n2,ok,2,pose2,0.1255
circuit_555.jpg,3,V-DC,0,2,0,n1,swapped,2,pose6,0.1231
circuit_555.jpg,3,V-DC,1,2,n1,0,swapped,2,pose6,0.1231
circuit_555.jpg,4,Capacitor,0,2,0,0,ok,2,pose0,0.174
circuit_555.jpg,4,Capacitor,1,2,n3,n3,ok,2,pose0,0.174
circuit_555.jpg,5,GND,0,1,0,0,ok,1,,
circuit_555.jpg,6,Inductor,0,2,0,0,ok,2,pose2,0.1251
circuit_555.jpg,6,Inductor,1,2,n4,n4,ok,2,pose2,0.1251
circuit_560.jpg,0,I-DC,0,2,0,n6,swapped,2,pose6,0.1007
circuit_560.jpg,0,I-DC,1,2,n6,0,swapped,2,pose6,0.1007
circuit_560.jpg,1,V-DC,0,2,n1,0,swapped,2,pose6,0.1078
circuit_560.jpg,1,V-DC,1,2,0,n1,swapped,2,pose6,0.1078
circuit_560.jpg,2,Diode,0,2,n2,n2,ok,2,pose0,0.1627
circuit_560.jpg,2,Diode,1,2,n4,n4,ok,2,pose0,0.1627
circuit_560.jpg,3,Diode,0,2,n4,n4,ok,2,pose0,0.1496
circuit_560.jpg,3,Diode,1,2,n8,n8,ok,2,pose0,0.1496
circuit_560.jpg,4,Diode,0,2,n3,n3,ok,2,pose0,0.1553
circuit_560.jpg,4,Diode,1,2,n5,n5,ok,2,pose0,0.1553
circuit_560.jpg,5,Diode,0,2,0,0,ok,2,pose0,0.1531
circuit_560.jpg,5,Diode,1,2,n7,n7,ok,2,pose0,0.1531
circuit_560.jpg,6,Diode,0,2,n5,n5,ok,2,pose0,0.1515
circuit_560.jpg,6,Diode,1,2,n8,n8,ok,2,pose0,0.1515
circuit_560.jpg,7,Inductor,0,2,n7,n7,ok,2,pose0,0.1249
circuit_560.jpg,7,Inductor,1,2,n8,n8,ok,2,pose0,0.1249
circuit_560.jpg,8,Inductor,0,2,n1,n1,ok,2,pose0,0.1119
circuit_560.jpg,8,Inductor,1,2,n2,n2,ok,2,pose0,0.1119
circuit_560.jpg,9,Capacitor,0,2,0,0,ok,2,pose2,0.1792
circuit_560.jpg,9,Capacitor,1,2,n4,n4,ok,2,pose2,0.1792
circuit_560.jpg,10,Capacitor,0,2,n6,n6,ok,2,pose2,0.1799
circuit_560.jpg,10,Capacitor,1,2,n7,n7,ok,2,pose2,0.1799
circuit_560.jpg,11,Capacitor,0,2,n2,n2,ok,2,pose2,0.1732
circuit_560.jpg,11,Capacitor,1,2,n3,n3,ok,2,pose2,0.1732
circuit_560.jpg,12,GND,0,1,0,0,ok,1,,
circuit_560.jpg,13,Inductor,0,2,n4,n4,ok,2,pose0,0.1247
circuit_560.jpg,13,Inductor,1,2,n5,n5,ok,2,pose0,0.1247
circuit_560.jpg,14,GND,0,1,0,0,ok,1,,
circuit_560.jpg,15,Resistor,0,2,n5,n5,ok,2,pose2,0.1306
circuit_560.jpg,15,Resistor,1,2,0,0,ok,2,pose2,0.1306
circuit_560.jpg,16,Zener Diode,0,2,n4,n7,swapped,2,pose4,0.1362
circuit_560.jpg,16,Zener Diode,1,2,n7,n4,swapped,2,pose4,0.1362
circuit_560.jpg,17,Zener Diode,0,2,n3,n4,swapped,2,pose4,0.1479
circuit_560.jpg,17,Zener Diode,1,2,n4,n3,swapped,2,pose4,0.1479
circuit_560.jpg,18,Zener Diode,0,2,n2,0,swapped,2,pose4,0.1316
circuit_560.jpg,18,Zener Diode,1,2,0,n2,swapped,2,pose4,0.1316
circuit_563.jpg,0,V-DC,0,2,n5,n5,ok,2,pose0,0.1129
circuit_563.jpg,0,V-DC,1,2,0,0,ok,2,pose0,0.1129
circuit_563.jpg,1,I-AC,0,2,0,0,ok,2,pose2,0.1187
circuit_563.jpg,1,I-AC,1,2,n9,n9,ok,2,pose2,0.1187
circuit_563.jpg,2,I-AC,0,2,0,0,ok,2,pose2,0.1034
circuit_563.jpg,2,I-AC,1,2,n7,n7,ok,2,pose2,0.1034
circuit_563.jpg,3,MOSFET-P,0,3,n2,n2,ok,3,pose2,0.1634
circuit_563.jpg,3,MOSFET-P,1,3,n1,0,swapped,3,pose2,0.1634
circuit_563.jpg,3,MOSFET-P,2,3,0,n1,swapped,3,pose2,0.1634
circuit_563.jpg,4,V-AC,0,2,0,0,ok,2,pose2,0.0993
circuit_563.jpg,4,V-AC,1,2,n3,n3,ok,2,pose2,0.0993
circuit_563.jpg,5,MOSFET-P,0,3,n4,n4,ok,3,pose2,0.1626
circuit_563.jpg,5,MOSFET-P,1,3,n7,n8,swapped,3,pose2,0.1626
circuit_563.jpg,5,MOSFET-P,2,3,n8,n7,swapped,3,pose2,0.1626
circuit_563.jpg,6,V-AC,0,2,0,0,ok,2,pose2,0.1212
circuit_563.jpg,6,V-AC,1,2,n1,n1,ok,2,pose2,0.1212
circuit_563.jpg,7,MOSFET-P,0,3,n8,n9,swapped,3,pose6,0.1465
circuit_563.jpg,7,MOSFET-P,1,3,n9,0,swapped,3,pose6,0.1465
circuit_563.jpg,7,MOSFET-P,2,3,0,n8,swapped,3,pose6,0.1465
circuit_563.jpg,8,Resistor,0,2,n2,n2,ok,2,pose0,0.1403
circuit_563.jpg,8,Resistor,1,2,n8,n8,ok,2,pose0,0.1403
circuit_563.jpg,9,GND,0,1,0,0,ok,1,,
circuit_563.jpg,10,MOSFET-N,0,3,n4,n3,swapped,3,pose6,0.1695
circuit_563.jpg,10,MOSFET-N,1,3,n3,n2,swapped,3,pose6,0.1695
circuit_563.jpg,10,MOSFET-N,2,3,n2,n4,swapped,3,pose6,0.1695
circuit_563.jpg,11,GND,0,1,0,0,ok,1,,
circuit_563.jpg,12,MOSFET-N,0,3,n5,n5,ok,3,pose2,0.1425
circuit_563.jpg,12,MOSFET-N,1,3,n1,n4,swapped,3,pose2,0.1425
circuit_563.jpg,12,MOSFET-N,2,3,n4,n1,swapped,3,pose2,0.1425
circuit_563.jpg,13,Zener Diode,0,2,n3,n5,swapped,2,pose4,0.1558
circuit_563.jpg,13,Zener Diode,1,2,n5,n3,swapped,2,pose4,0.1558
circuit_563.jpg,14,MOSFET-P,0,3,n5,n5,ok,3,pose2,0.1619
circuit_563.jpg,14,MOSFET-P,1,3,n3,n4,swapped,3,pose2,0.1619
circuit_563.jpg,14,MOSFET-P,2,3,n4,n3,swapped,3,pose2,0.1619
circuit_575.jpg,0,Capacitor,0,2,n2,n2,ok,2,pose0,0.1531
circuit_575.jpg,0,Capacitor,1,2,n1,n1,ok,2,pose0,0.1531
circuit_575.jpg,1,Inductor,0,2,n2,n2,ok,2,pose0,0.112
circuit_575.jpg,1,Inductor,1,2,n3,n3,ok,2,pose0,0.112
circuit_575.jpg,2,Capacitor,0,2,0,0,ok,2,pose0,0.1481
circuit_575.jpg,2,Capacitor,1,2,n1,n1,ok,2,pose0,0.1481
circuit_575.jpg,3,Resistor,0,2,n1,n1,ok,2,pose2,0.1173
circuit_575.jpg,3,Resistor,1,2,n2,n2,ok,2,pose2,0.1173
circuit_575.jpg,4,Resistor,0,2,n4,n4,ok,2,pose0,0.1103
circuit_575.jpg,4,Resistor,1,2,n5,n5,ok,2,pose0,0.1103
circuit_575.jpg,5,Inductor,0,2,0,0,ok,2,pose2,0.1099
circuit_575.jpg,5,Inductor,1,2,n5,n5,ok,2,pose2,0.1099
circuit_575.jpg,6,GND,0,1,0,0,ok,1,,
circuit_575.jpg,7,I-DC,0,2,n1,n1,ok,2,pose0,0.0954
circuit_575.jpg,7,I-DC,1,2,0,0,ok,2,pose0,0.0954
circuit_575.jpg,8,Inductor,0,2,n5,n5,ok,2,pose0,0.1095
circuit_575.jpg,8,Inductor,1,2,n2,n2,ok,2,pose0,0.1095
circuit_575.jpg,9,V-AC,0,2,n3,n3,ok,2,pose0,0.0991
circuit_575.jpg,9,V-AC,1,2,n4,n4,ok,2,pose0,0.0991
circuit_576.jpg,0,GND,0,1,0,0,ok,1,,
circuit_576.jpg,1,V-DC,0,2,n1,n1,ok,2,pose0,0.0956
circuit_576.jpg,1,V-DC,1,2,0,0,ok,2,pose0,0.0956
circuit_576.jpg,2,MOSFET-P,0,3,n1,n3,swapped,3,pose6,0.1501
circuit_576.jpg,2,MOSFET-P,1,3,n3,n4,swapped,3,pose6,0.1501
circuit_576.jpg,2,MOSFET-P,2,3,n4,n1,swapped,3,pose6,0.1501
circuit_576.jpg,3,MOSFET-N,0,3,n1,n2,swapped,3,pose6,0.1623
circuit_576.jpg,3,MOSFET-N,1,3,n2,n4,swapped,3,pose6,0.1623
circuit_576.jpg,3,MOSFET-N,2,3,n4,n1,swapped,3,pose6,0.1623
circuit_576.jpg,4,MOSFET-N,0,3,n4,n2,swapped,3,pose4,0.1548
circuit_576.jpg,4,MOSFET-N,1,3,n2,n5,swapped,3,pose4,0.1548
circuit_576.jpg,4,MOSFET-N,2,3,n5,n4,swapped,3,pose4,0.1548
circuit_576.jpg,5,MOSFET-N,0,3,n5,n3,swapped,3,pose6,0.165
circuit_576.jpg,5,MOSFET-N,1,3,n3,n9,swapped,3,pose6,0.165
circuit_576.jpg,5,MOSFET-N,2,3,n9,n5,swapped,3,pose6,0.165
circuit_576.jpg,6,V-AC,0,2,n2,n2,ok,2,pose0,0.1023
circuit_576.jpg,6,V-AC,1,2,n9,n9,ok,2,pose0,0.1023
circuit_576.jpg,7,V-AC,0,2,n3,n3,ok,2,pose0,0.104
circuit_576.jpg,7,V-AC,1,2,n9,n9,ok,2,pose0,0.104
circuit_576.jpg,8,Zener Diode,0,2,n1,n2,swapped,2,pose4,0.1341
circuit_576.jpg,8,Zener Diode,1,2,n2,n1,swapped,2,pose4,0.1341
circuit_576.jpg,9,MOSFET-N,0,3,n4,n7,swapped,3,pose6,0.1593
circuit_576.jpg,9,MOSFET-N,1,3,n7,n6,swapped,3,pose6,0.1593
circuit_576.jpg,9,MOSFET-N,2,3,n6,n4,swapped,3,pose6,0.1593
circuit_576.jpg,10,MOSFET-N,0,3,n6,n8,swapped,3,pose6,0.1638
circuit_576.jpg,10,MOSFET-N,1,3,n8,n9,swapped,3,pose6,0.1638
circuit_576.jpg,10,MOSFET-N,2,3,n9,n6,swapped,3,pose6,0.1638
circuit_576.jpg,11,I-AC,0,2,n8,n8,ok,2,pose2,0.0995
circuit_576.jpg,11,I-AC,1,2,n9,n9,ok,2,pose2,0.0995
circuit_576.jpg,12,I-AC,0,2,n7,n7,ok,2,pose2,0.0972
circuit_576.jpg,12,I-AC,1,2,n9,n9,ok,2,pose2,0.0972
circuit_576.jpg,13,Resistor,0,2,n5,n5,ok,2,pose0,0.1229
circuit_576.jpg,13,Resistor,1,2,n6,n6,ok,2,pose0,0.1229
circuit_588.jpg,0,I-AC,0,2,n2,n2,ok,2,pose0,0.1137
circuit_588.jpg,0,I-AC,1,2,n3,n3,ok,2,pose0,0.1137
circuit_588.jpg,1,V-DC,0,2,n5,n5,ok,2,pose0,0.1105
circuit_588.jpg,1,V-DC,1,2,n4,n4,ok,2,pose0,0.1105
circuit_588.jpg,2,Capacitor,0,2,n3,n3,ok,2,pose2,0.1598
circuit_588.jpg,2,Capacitor,1,2,n4,n4,ok,2,pose2,0.1598
circuit_588.jpg,3,V-DC,0,2,n3,n3,ok,2,pose0,0.1171
circuit_588.jpg,3,V-DC,1,2,n4,n4,ok,2,pose0,0.1171
circuit_588.jpg,4,Capacitor,0,2,n2,n2,ok,2,pose2,0.1459
circuit_588.jpg,4,Capacitor,1,2,n4,n4,ok,2,pose2,0.1459
circuit_588.jpg,5,Inductor,0,2,n1,n1,ok,2,pose0,0.1208
circuit_588.jpg,5,Inductor,1,2,n2,n2,ok,2,pose0,0.1208
circuit_588.jpg,6,I-DC,0,2,n4,n4,ok,2,pose0,0.1125
circuit_588.jpg,6,I-DC,1,2,n5,n5,ok,2,pose0,0.1125
circuit_588.jpg,7,Inductor,0,2,n1,n1,ok,2,pose0,0.1192
circuit_588.jpg,7,Inductor,1,2,n6,n6,ok,2,pose0,0.1192
circuit_588.jpg,8,Inductor,0,2,n1,n1,ok,2,pose0,0.1168
circuit_588.jpg,8,Inductor,1,2,n3,n3,ok,2,pose0,0.1168
circuit_588.jpg,9,Capacitor,0,2,n7,n7,ok,2,pose2,0.1757
circuit_588.jpg,9,Capacitor,1,2,n4,n4,ok,2,pose2,0.1757
circuit_588.jpg,10,V-AC,0,2,n1,n1,ok,2,pose2,0.0996
circuit_588.jpg,10,V-AC,1,2,n2,n2,ok,2,pose2,0.0996
circuit_588.jpg,11,Capacitor,0,2,n6,n6,ok,2,pose2,0.1676
circuit_588.jpg,11,Capacitor,1,2,n4,n4,ok,2,pose2,0.1676
circuit_588.jpg,12,Inductor,0,2,n1,n1,ok,2,pose0,0.1289
circuit_588.jpg,12,Inductor,1,2,n7,n7,ok,2,pose0,0.1289
circuit_591.jpg,0,Resistor,0,2,n2,n2,ok,2,pose0,0.1117
circuit_591.jpg,0,Resistor,1,2,n1,n1,ok,2,pose0,0.1117
circuit_591.jpg,1,V-AC,0,2,0,0,ok,2,pose2,0.1029
circuit_591.jpg,1,V-AC,1,2,n2,n2,ok,2,pose2,0.1029
circuit_591.jpg,2,Inductor,0,2,n1,n1,ok,2,pose0,0.1121
circuit_591.jpg,2,Inductor,1,2,n3,n3,ok,2,pose0,0.1121
circuit_591.jpg,3,I-AC,0,2,0,0,ok,2,pose2,0.1021
circuit_591.jpg,3,I-AC,1,2,n3,n3,ok,2,pose2,0.1021
circuit_591.jpg,4,GND,0,1,0,0,ok,1,,
circuit_591.jpg,5,Capacitor,0,2,0,0,ok,2,pose0,0.1661
circuit_591.jpg,5,Capacitor,1,2,n3,n3,ok,2,pose0,0.1661
circuit_591.jpg,6,Resistor,0,2,0,0,ok,2,pose2,0.1179
circuit_591.jpg,6,Resistor,1,2,n3,n3,ok,2,pose2,0.1179
circuit_595.jpg,0,I-AC,0,2,n2,n2,ok,2,pose0,0.0957
circuit_595.jpg,0,I-AC,1,2,n3,n3,ok,2,pose0,0.0957
circuit_595.jpg,1,Capacitor,0,2,n1,n1,ok,2,pose0,0.1615
circuit_595.jpg,1,Capacitor,1,2,n2,n2,ok,2,pose0,0.1615
circuit_595.jpg,2,V-DC,0,2,n1,n1,ok,2,pose0,0.0936
circuit_595.jpg,2,V-DC,1,2,n2,n2,ok,2,pose0,0.0936
circuit_595.jpg,3,I-DC,0,2,0,n1,swapped,2,pose6,0.1074
circuit_595.jpg,3,I-DC,1,2,n1,0,swapped,2,pose6,0.1074
circuit_595.jpg,4,V-AC,0,2,n3,n3,ok,2,pose0,0.0991
circuit_595.jpg,4,V-AC,1,2,n4,n4,ok,2,pose0,0.0991
circuit_595.jpg,5,V-DC,0,2,n1,n1,ok,2,pose0,0.098
circuit_595.jpg,5,V-DC,1,2,0,0,ok,2,pose0,0.098
circuit_595.jpg,6,Capacitor,0,2,0,0,ok,2,pose0,0.1783
circuit_595.jpg,6,Capacitor,1,2,n5,n5,ok,2,pose0,0.1783
circuit_595.jpg,7,Capacitor,0,2,n1,n1,ok,2,pose0,0.1857
circuit_595.jpg,7,Capacitor,1,2,n6,n6,ok,2,pose0,0.1857
circuit_595.jpg,8,Capacitor,0,2,n1,n1,ok,2,pose0,0.1737
circuit_595.jpg,8,Capacitor,1,2,n3,n3,ok,2,pose0,0.1737
circuit_595.jpg,9,GND,0,1,0,0,ok,1,,
circuit_595.jpg,10,Inductor,0,2,n6,n6,ok,2,pose2,0.1335
circuit_595.jpg,10,Inductor,1,2,n4,n4,ok,2,pose2,0.1335
circuit_595.jpg,11,Inductor,0,2,n2,n2,ok,2,pose2,0.1225
circuit_595.jpg,11,Inductor,1,2,n4,n4,ok,2,pose2,0.1225
circuit_595.jpg,12,Inductor,0,2,n5,n5,ok,2,pose2,0.1223
circuit_595.jpg,12,Inductor,1,2,n4,n4,ok,2,pose2,0.1223
circuit_595.jpg,13,Inductor,0,2,n3,n3,ok,2,pose2,0.1111
circuit_595.jpg,13,Inductor,1,2,n4,n4,ok,2,pose2,0.1111
circuit_6.jpg,0,V-DC,0,2,n4,n4,ok,2,pose0,0.0969
circuit_6.jpg,0,V-DC,1,2,n3,n3,ok,2,pose0,0.0969
circuit_6.jpg,1,V-DC,0,2,0,n2,swapped,2,pose6,0.0895
circuit_6.jpg,1,V-DC,1,2,n2,0,swapped,2,pose6,0.0895
circuit_6.jpg,2,Inductor,0,2,n3,n3,ok,2,pose0,0.1154
circuit_6.jpg,2,Inductor,1,2,0,0,ok,2,pose0,0.1154
circuit_6.jpg,3,I-DC,0,2,n1,n1,ok,2,pose0,0.0972
circuit_6.jpg,3,I-DC,1,2,n3,n3,ok,2,pose0,0.0972
circuit_6.jpg,4,Resistor,0,2,0,0,ok,2,pose2,0.1125
circuit_6.jpg,4,Resistor,1,2,n4,n4,ok,2,pose2,0.1125
circuit_6.jpg,5,Resistor,0,2,n2,n2,ok,2,pose0,0.1164
circuit_6.jpg,5,Resistor,1,2,n1,n1,ok,2,pose0,0.1164
circuit_6.jpg,6,Capacitor,0,2,n1,n1,ok,2,pose0,0.1533
circuit_6.jpg,6,Capacitor,1,2,n3,n3,ok,2,pose0,0.1533
circuit_6.jpg,7,GND,0,1,0,0,ok,1,,
circuit_606.jpg,0,Resistor,0,2,n1,n1,ok,2,pose2,0.116
circuit_606.jpg,0,Resistor,1,2,0,0,ok,2,pose2,0.116
circuit_606.jpg,1,BJT-NPN,0,3,n6,n7,swapped,3,pose6,0.1318
circuit_606.jpg,1,BJT-NPN,1,3,n7,0,swapped,3,pose6,0.1318
circuit_606.jpg,1,BJT-NPN,2,3,0,n6,swapped,3,pose6,0.1318
circuit_606.jpg,2,BJT-PNP,0,3,n15,n15,ok,3,pose2,0.1318
circuit_606.jpg,2,BJT-PNP,1,3,n14,n9,swapped,3,pose2,0.1318
circuit_606.jpg,2,BJT-PNP,2,3,n9,n14,swapped,3,pose2,0.1318
circuit_606.jpg,3,BJT-PNP,0,3,0,0,ok,3,pose2,0.2231
circuit_606.jpg,3,BJT-PNP,1,3,n1,n2,swapped,3,pose2,0.2231
circuit_606.jpg,3,BJT-PNP,2,3,n2,n1,swapped,3,pose2,0.2231
circuit_606.jpg,4,Resistor,0,2,n10,n10,ok,2,pose2,0.1182
circuit_606.jpg,4,Resistor,1,2,0,0,ok,2,pose2,0.1182
circuit_606.jpg,5,BJT-PNP,0,3,n6,n3,swapped,3,pose3,0.1948
circuit_606.jpg,5,BJT-PNP,1,3,n2,n6,swapped,3,pose3,0.1948
circuit_606.jpg,5,BJT-PNP,2,3,n3,n2,swapped,3,pose3,0.1948
circuit_606.jpg,6,BJT-NPN,0,3,n11,n7,swapped,3,pose6,0.1359
circuit_606.jpg,6,BJT-NPN,1,3,n7,0,swapped,3,pose6,0.1359
circuit_606.jpg,6,BJT-NPN,2,3,0,n11,swapped,3,pose6,0.1359
circuit_606.jpg,7,BJT-NPN,0,3,n9,n15,swapped,3,pose6,0.1364
circuit_606.jpg,7,BJT-NPN,1,3,n15,0,swapped,3,pose6,0.1364
circuit_606.jpg,7,BJT-NPN,2,3,0,n9,swapped,3,pose6,0.1364
circuit_606.jpg,8,Resistor,0,2,n8,n8,ok,2,pose0,0.1246
circuit_606.jpg,8,Resistor,1,2,n9,n9,ok,2,pose0,0.1246
circuit_606.jpg,9,GND,0,1,0,0,ok,1,,
circuit_606.jpg,10,Diode,0,2,n12,n12,ok,2,pose0,0.1654
circuit_606.jpg,10,Diode,1,2,n13,n13,ok,2,pose0,0.1654
circuit_606.jpg,11,Resistor,0,2,n5,n5,ok,2,pose2,0.1218
circuit_606.jpg,11,Resistor,1,2,n4,n4,ok,2,pose2,0.1218
circuit_606.jpg,12,BJT-NPN,0,3,n5,n12,swapped,3,pose6,0.1343
circuit_606.jpg,12,BJT-NPN,1,3,n12,n9,swapped,3,pose6,0.1343
circuit_606.jpg,12,BJT-NPN,2,3,n9,n5,swapped,3,pose6,0.1343
circuit_606.jpg,13,Diode,0,2,n13,n13,ok,2,pose0,0.164
circuit_606.jpg,13,Diode,1,2,n14,n14,ok,2,pose0,0.164
circuit_606.jpg,14,V-DC (one port),0,1,n1,n1,ok,1,any,0.3834
circuit_606.jpg,15,V-DC (one port),0,1,n8,n8,ok,1,any,0.3599
circuit_606.jpg,16,V-DC (one port),0,1,n4,n4,ok,1,any,0.3627
circuit_606.jpg,17,V-DC (one port),0,1,n9,n9,ok,1,any,0.3895
circuit_606.jpg,18,Resistor,0,2,n4,n4,ok,2,pose2,0.1181
circuit_606.jpg,18,Resistor,1,2,n3,n3,ok,2,pose2,0.1181
circuit_606.jpg,19,Resistor,0,2,n3,n3,ok,2,pose0,0.125
circuit_606.jpg,19,Resistor,1,2,n8,n8,ok,2,pose0,0.125
circuit_606.jpg,20,BJT-PNP,0,3,0,0,ok,3,pose2,0.2238
circuit_606.jpg,20,BJT-PNP,1,3,n11,n14,swapped,3,pose2,0.2238
circuit_606.jpg,20,BJT-PNP,2,3,n14,n11,swapped,3,pose2,0.2238
circuit_606.jpg,21,BJT-PNP,0,3,n11,n11,ok,3,pose2,0.2114
circuit_606.jpg,21,BJT-PNP,1,3,n10,n8,swapped,3,pose2,0.2114
circuit_606.jpg,21,BJT-PNP,2,3,n8,n10,swapped,3,pose2,0.2114
circuit_607.jpg,0,I-DC,0,2,0,n4,swapped,2,pose4,0.0983
circuit_607.jpg,0,I-DC,1,2,n4,0,swapped,2,pose4,0.0983
circuit_607.jpg,1,Inductor,0,2,n2,n2,ok,2,pose2,0.1119
circuit_607.jpg,1,Inductor,1,2,n3,n3,ok,2,pose2,0.1119
circuit_607.jpg,2,Inductor,0,2,n2,n2,ok,2,pose2,0.1058
circuit_607.jpg,2,Inductor,1,2,n3,n3,ok,2,pose2,0.1058
circuit_607.jpg,3,Capacitor,0,2,n1,n1,ok,2,pose0,0.1581
circuit_607.jpg,3,Capacitor,1,2,0,0,ok,2,pose0,0.1581
circuit_607.jpg,4,Capacitor,0,2,n1,n1,ok,2,pose0,0.161
circuit_607.jpg,4,Capacitor,1,2,0,0,ok,2,pose0,0.161
circuit_607.jpg,5,Resistor,0,2,n4,n4,ok,2,pose0,0.1082
circuit_607.jpg,5,Resistor,1,2,n3,n3,ok,2,pose0,0.1082
circuit_607.jpg,6,Resistor,0,2,n1,n1,ok,2,pose0,0.1144
circuit_607.jpg,6,Resistor,1,2,n2,n2,ok,2,pose0,0.1144
circuit_607.jpg,7,GND,0,1,0,0,ok,1,,
circuit_61.jpg,0,V-DC,0,2,0,0,ok,2,pose0,0.1068
circuit_61.jpg,0,V-DC,1,2,n2,n2,ok,2,pose0,0.1068
circuit_61.jpg,1,I-DC,0,2,0,n1,swapped,2,pose6,0.124
circuit_61.jpg,1,I-DC,1,2,n1,0,swapped,2,pose6,0.124
circuit_61.jpg,2,V-DC,0,2,0,n3,swapped,2,pose6,0.1044
circuit_61.jpg,2,V-DC,1,2,n3,0,swapped,2,pose6,0.1044
circuit_61.jpg,3,Capacitor,0,2,0,0,ok,2,pose0,0.1584
circuit_61.jpg,3,Capacitor,1,2,n4,n4,ok,2,pose0,0.1584
circuit_61.jpg,4,Inductor,0,2,n1,n1,ok,2,pose0,0.1243
circuit_61.jpg,4,Inductor,1,2,n4,n4,ok,2,pose0,0.1243
circuit_61.jpg,5,I-DC,0,2,0,n1,swapped,2,pose6,0.0996
circuit_61.jpg,5,I-DC,1,2,n1,0,swapped,2,pose6,0.0996
circuit_61.jpg,6,Resistor,0,2,n2,n2,ok,2,pose2,0.1252
circuit_61.jpg,6,Resistor,1,2,n1,n1,ok,2,pose2,0.1252
circuit_61.jpg,7,Resistor,0,2,n3,n3,ok,2,pose0,0.125
circuit_61.jpg,7,Resistor,1,2,n1,n1,ok,2,pose0,0.125
circuit_61.jpg,8,I-DC,0,2,0,n2,swapped,2,pose4,0.115
circuit_61.jpg,8,I-DC,1,2,n2,0,swapped,2,pose4,0.115
circuit_61.jpg,9,GND,0,1,0,0,ok,1,,
circuit_611.jpg,0,V-DC,0,2,n4,n4,ok,2,pose0,0.0943
circuit_611.jpg,0,V-DC,1,2,0,0,ok,2,pose0,0.0943
circuit_611.jpg,1,Capacitor,0,2,n2,n2,ok,2,pose0,0.1531
circuit_611.jpg,1,Capacitor,1,2,n1,n1,ok,2,pose0,0.1531
circuit_611.jpg,2,Inductor,0,2,n3,n3,ok,2,pose2,0.1093
circuit_611.jpg,2,Inductor,1,2,n1,n1,ok,2,pose2,0.1093
circuit_611.jpg,3,Resistor,0,2,n2,n2,ok,2,pose0,0.1055
circuit_611.jpg,3,Resistor,1,2,n4,n4,ok,2,pose0,0.1055
circuit_611.jpg,4,GND,0,1,0,0,ok,1,,
circuit_611.jpg,5,I-DC,0,2,n1,n1,ok,2,pose0,0.0925
circuit_611.jpg,5,I-DC,1,2,0,0,ok,2,pose0,0.0925
circuit_611.jpg,6,Resistor,0,2,n3,n3,ok,2,pose0,0.1097
circuit_611.jpg,6,Resistor,1,2,0,0,ok,2,pose0,0.1097
circuit_611.jpg,7,Resistor,0,2,n2,n2,ok,2,pose2,0.1075
circuit_611.jpg,7,Resistor,1,2,n3,n3,ok,2,pose2,0.1075
circuit_614.jpg,0,V-AC,0,2,0,0,ok,2,pose2,0.1038
circuit_614.jpg,0,V-AC,1,2,n4,n4,ok,2,pose2,0.1038
circuit_614.jpg,1,Resistor,0,2,0,0,ok,2,pose2,0.1102
circuit_614.jpg,1,Resistor,1,2,n1,n1,ok,2,pose2,0.1102
circuit_614.jpg,2,Inductor,0,2,n1,n1,ok,2,pose0,0.1114
circuit_614.jpg,2,Inductor,1,2,n2,n2,ok,2,pose0,0.1114
circuit_614.jpg,3,GND,0,1,0,0,ok,1,,
circuit_614.jpg,4,Capacitor,0,2,n2,n2,ok,2,pose0,0.1462
circuit_614.jpg,4,Capacitor,1,2,n3,n3,ok,2,pose0,0.1462
circuit_614.jpg,5,Resistor,0,2,n3,n3,ok,2,pose0,0.1095
circuit_614.jpg,5,Resistor,1,2,n4,n4,ok,2,pose0,0.1095
circuit_614.jpg,6,I-AC,0,2,0,0,ok,2,pose2,0.0961
circuit_614.jpg,6,I-AC,1,2,n2,n2,ok,2,pose2,0.0961
circuit_618.jpg,0,V-DC,0,2,n1,n2,swapped,2,pose4,0.0954
circuit_618.jpg,0,V-DC,1,2,n2,n1,swapped,2,pose4,0.0954
circuit_618.jpg,1,Capacitor,0,2,0,0,ok,2,pose0,0.1529
circuit_618.jpg,1,Capacitor,1,2,n1,n1,ok,2,pose0,0.1529
circuit_618.jpg,2,I-DC,0,2,n2,n3,swapped,2,pose4,0.0978
circuit_618.jpg,2,I-DC,1,2,n3,n2,swapped,2,pose4,0.0978
circuit_618.jpg,3,Inductor,0,2,0,0,ok,2,pose2,0.1135
circuit_618.jpg,3,Inductor,1,2,n3,n3,ok,2,pose2,0.1135
circuit_618.jpg,4,Resistor,0,2,0,0,ok,2,pose2,0.1114
circuit_618.jpg,4,Resistor,1,2,n2,n2,ok,2,pose2,0.1114
circuit_618.jpg,5,Resistor,0,2,n1,n1,ok,2,pose0,0.1097
circuit_618.jpg,5,Resistor,1,2,n3,n3,ok,2,pose0,0.1097
circuit_618.jpg,6,GND,0,1,0,0,ok,1,,
circuit_623.jpg,0,I-DC,0,2,n3,n1,swapped,2,pose4,0.0965
circuit_623.jpg,0,I-DC,1,2,n1,n3,swapped,2,pose4,0.0965
circuit_623.jpg,1,GND,0,1,0,0,ok,1,,
circuit_623.jpg,2,Resistor,0,2,n1,n1,ok,2,pose2,0.1099
circuit_623.jpg,2,Resistor,1,2,n2,n2,ok,2,pose2,0.1099
circuit_623.jpg,3,Capacitor,0,2,n2,n2,ok,2,pose0,0.1552
circuit_623.jpg,3,Capacitor,1,2,0,0,ok,2,pose0,0.1552
circuit_623.jpg,4,V-DC,0,2,n1,0,swapped,2,pose4,0.0812
circuit_623.jpg,4,V-DC,1,2,0,n1,swapped,2,pose4,0.0812
circuit_623.jpg,5,Inductor,0,2,n2,n2,ok,2,pose0,0.1101
circuit_623.jpg,5,Inductor,1,2,n3,n3,ok,2,pose0,0.1101
circuit_645.jpg,0,V-DC,0,2,0,n4,swapped,2,pose6,0.0915
circuit_645.jpg,0,V-DC,1,2,n4,0,swapped,2,pose6,0.0915
circuit_645.jpg,1,I-DC,0,2,0,n2,swapped,2,pose6,0.0936
circuit_645.jpg,1,I-DC,1,2,n2,0,swapped,2,pose6,0.0936
circuit_645.jpg,2,Inductor,0,2,n3,n3,ok,2,pose0,0.1154
circuit_645.jpg,2,Inductor,1,2,n4,n4,ok,2,pose0,0.1154
circuit_645.jpg,3,Resistor,0,2,0,0,ok,2,pose2,0.1097
circuit_645.jpg,3,Resistor,1,2,n3,n3,ok,2,pose2,0.1097
circuit_645.jpg,4,Capacitor,0,2,n2,n2,ok,2,pose0,0.1534
circuit_645.jpg,4,Capacitor,1,2,n3,n3,ok,2,pose0,0.1534
circuit_645.jpg,5,Resistor,0,2,0,0,ok,2,pose2,0.1118
circuit_645.jpg,5,Resistor,1,2,n1,n1,ok,2,pose2,0.1118
circuit_645.jpg,6,GND,0,1,0,0,ok,1,,
circuit_645.jpg,7,Resistor,0,2,n1,n1,ok,2,pose0,0.1085
circuit_645.jpg,7,Resistor,1,2,n4,n4,ok,2,pose0,0.1085
circuit_649.jpg,0,I-AC,0,2,0,0,ok,2,pose2,0.0909
circuit_649.jpg,0,I-AC,1,2,n1,n1,ok,2,pose2,0.0909
circuit_649.jpg,1,V-AC,0,2,0,0,ok,2,pose0,0.1005
circuit_649.jpg,1,V-AC,1,2,n4,n4,ok,2,pose0,0.1005
circuit_649.jpg,2,Capacitor,0,2,n3,n3,ok,2,pose0,0.1465
circuit_649.jpg,2,Capacitor,1,2,n4,n4,ok,2,pose0,0.1465
circuit_649.jpg,3,Resistor,0,2,n2,n2,ok,2,pose0,0.1089
circuit_649.jpg,3,Resistor,1,2,n3,n3,ok,2,pose0,0.1089
circuit_649.jpg,4,Inductor,0,2,n1,n1,ok,2,pose0,0.1129
circuit_649.jpg,4,Inductor,1,2,n2,n2,ok,2,pose0,0.1129
circuit_649.jpg,5,I-AC,0,2,0,0,ok,2,pose2,0.0901
circuit_649.jpg,5,I-AC,1,2,n2,n2,ok,2,pose2,0.0901
circuit_649.jpg,6,GND,0,1,0,0,ok,1,,
circuit_658.jpg,0,V-DC,0,2,n1,0,swapped,2,pose6,0.0904
circuit_658.jpg,0,V-DC,1,2,0,n1,swapped,2,pose6,0.0904
circuit_658.jpg,1,Inductor,0,2,n2,n2,ok,2,pose0,0.1096
circuit_658.jpg,1,Inductor,1,2,n5,n5,ok,2,pose0,0.1096
circuit_658.jpg,2,I-DC,0,2,n4,0,swapped,2,pose6,0.0937
circuit_658.jpg,2,I-DC,1,2,0,n4,swapped,2,pose6,0.0937
circuit_658.jpg,3,Capacitor,0,2,n2,n2,ok,2,pose0,0.1534
circuit_658.jpg,3,Capacitor,1,2,n3,n3,ok,2,pose0,0.1534
circuit_658.jpg,4,Inductor,0,2,n3,n3,ok,2,pose0,0.1092
circuit_658.jpg,4,Inductor,1,2,n4,n4,ok,2,pose0,0.1092
circuit_658.jpg,5,GND,0,1,0,0,ok,1,,
circuit_658.jpg,6,Resistor,0,2,n5,n5,ok,2,pose2,0.1116
circuit_658.jpg,6,Resistor,1,2,0,0,ok,2,pose2,0.1116
circuit_658.jpg,7,Resistor,0,2,n1,n1,ok,2,pose0,0.1108
circuit_658.jpg,7,Resistor,1,2,n2,n2,ok,2,pose0,0.1108
circuit_665.jpg,0,V-DC,0,2,n1,0,swapped,2,pose6,0.0973
circuit_665.jpg,0,V-DC,1,2,0,n1,swapped,2,pose6,0.0973
circuit_665.jpg,1,Capacitor,0,2,n2,n2,ok,2,pose0,0.1453
circuit_665.jpg,1,Capacitor,1,2,n3,n3,ok,2,pose0,0.1453
circuit_665.jpg,2,I-DC,0,2,n1,n2,swapped,2,pose4,0.1032
circuit_665.jpg,2,I-DC,1,2,n2,n1,swapped,2,pose4,0.1032
circuit_665.jpg,3,Inductor,0,2,n1,n1,ok,2,pose2,0.1095
circuit_665.jpg,3,Inductor,1,2,0,0,ok,2,pose2,0.1095
circuit_665.jpg,4,Resistor,0,2,0,0,ok,2,pose0,0.1061
circuit_665.jpg,4,Resistor,1,2,n3,n3,ok,2,pose0,0.1061
circuit_665.jpg,5,GND,0,1,0,0,ok,1,,
circuit_678.jpg,0,I-DC,0,2,0,0,ok,2,pose0,0.0966
circuit_678.jpg,0,I-DC,1,2,n6,n6,ok,2,pose0,0.0966
circuit_678.jpg,1,Zener Diode,0,2,n3,n4,swapped,2,pose4,0.1401
circuit_678.jpg,1,Zener Diode,1,2,n4,n3,swapped,2,pose4,0.1401
circuit_678.jpg,2,Zener Diode,0,2,n4,n7,swapped,2,pose4,0.1471
circuit_678.jpg,2,Zener Diode,1,2,n7,n4,swapped,2,pose4,0.1471
circuit_678.jpg,3,Diode,0,2,n3,n3,ok,2,pose0,0.1702
circuit_678.jpg,3,Diode,1,2,n5,n5,ok,2,pose0,0.1702
circuit_678.jpg,4,Zener Diode,0,2,n2,0,swapped,2,pose4,0.1428
circuit_678.jpg,4,Zener Diode,1,2,0,n2,swapped,2,pose4,0.1428
circuit_678.jpg,5,Inductor,0,2,n4,n4,ok,2,pose0,0.1336
circuit_678.jpg,5,Inductor,1,2,n5,n5,ok,2,pose0,0.1336
circuit_678.jpg,6,Diode,0,2,n4,n4,ok,2,pose0,0.1694
circuit_678.jpg,6,Diode,1,2,n8,n8,ok,2,pose0,0.1694
circuit_678.jpg,7,Inductor,0,2,n1,n1,ok,2,pose0,0.136
circuit_678.jpg,7,Inductor,1,2,n2,n2,ok,2,pose0,0.136
circuit_678.jpg,8,Diode,0,2,0,0,ok,2,pose0,0.1617
circuit_678.jpg,8,Diode,1,2,n7,n7,ok,2,pose0,0.1617
circuit_678.jpg,9,Capacitor,0,2,n2,n2,ok,2,pose0,0.1719
circuit_678.jpg,9,Capacitor,1,2,n3,n3,ok,2,pose0,0.1719
circuit_678.jpg,10,Diode,0,2,n2,n2,ok,2,pose0,0.1615
circuit_678.jpg,10,Diode,1,2,n4,n4,ok,2,pose0,0.1615
circuit_678.jpg,11,Inductor,0,2,n7,n7,ok,2,pose0,0.1311
circuit_678.jpg,11,Inductor,1,2,n8,n8,ok,2,pose0,0.1311
circuit_678.jpg,12,Resistor,0,2,n5,n5,ok,2,pose2,0.1383
circuit_678.jpg,12,Resistor,1,2,0,0,ok,2,pose2,0.1383
circuit_678.jpg,13,Capacitor,0,2,0,0,ok,2,pose0,0.1667
circuit_678.jpg,13,Capacitor,1,2,n4,n4,ok,2,pose0,0.1667
circuit_678.jpg,14,V-AC,0,2,n1,n1,ok,2,pose0,0.0917
circuit_678.jpg,14,V-AC,1,2,0,0,ok,2,pose0,0.0917
circuit_678.jpg,15,GND,0,1,0,0,ok,1,,
circuit_678.jpg,16,Capacitor,0,2,n6,n6,ok,2,pose2,0.1898
circuit_678.jpg,16,Capacitor,1,2,n7,n7,ok,2,pose2,0.1898
circuit_678.jpg,17,Diode,0,2,n5,n5,ok,2,pose0,0.1655
circuit_678.jpg,17,Diode,1,2,n8,n8,ok,2,pose0,0.1655
circuit_678.jpg,18,GND,0,1,0,0,ok,1,,
circuit_689.jpg,0,I-AC,0,2,n7,n7,ok,2,pose2,0.1047
circuit_689.jpg,0,I-AC,1,2,0,0,ok,2,pose2,0.1047
circuit_689.jpg,1,I-AC,0,2,n8,n8,ok,2,pose0,0.1012
circuit_689.jpg,1,I-AC,1,2,0,0,ok,2,pose0,0.1012
circuit_689.jpg,2,V-AC,0,2,n3,n3,ok,2,pose0,0.1013
circuit_689.jpg,2,V-AC,1,2,0,0,ok,2,pose0,0.1013
circuit_689.jpg,3,V-AC,0,2,n2,n2,ok,2,pose0,0.0954
circuit_689.jpg,3,V-AC,1,2,0,0,ok,2,pose0,0.0954
circuit_689.jpg,4,MOSFET-P,0,3,n6,n6,ok,3,pose2,0.1711
circuit_689.jpg,4,MOSFET-P,1,3,n8,0,swapped,3,pose2,0.1711
circuit_689.jpg,4,MOSFET-P,2,3,0,n8,swapped,3,pose2,0.1711
circuit_689.jpg,5,GND,0,1,0,0,ok,1,,
circuit_689.jpg,6,V-DC,0,2,n1,0,swapped,2,pose4,0.0957
circuit_689.jpg,6,V-DC,1,2,0,n1,swapped,2,pose4,0.0957
circuit_689.jpg,7,MOSFET-P,0,3,n1,n1,ok,3,pose2,0.1684
circuit_689.jpg,7,MOSFET-P,1,3,n2,n4,swapped,3,pose2,0.1684
circuit_689.jpg,7,MOSFET-P,2,3,n4,n2,swapped,3,pose2,0.1684
circuit_689.jpg,8,MOSFET-N,0,3,n1,n3,swapped,3,pose6,0.1608
circuit_689.jpg,8,MOSFET-N,1,3,n3,n4,swapped,3,pose6,0.1608
circuit_689.jpg,8,MOSFET-N,2,3,n4,n1,swapped,3,pose6,0.1608
circuit_689.jpg,9,MOSFET-P,0,3,n4,n4,ok,3,pose2,0.1654
circuit_689.jpg,9,MOSFET-P,1,3,n7,n6,swapped,3,pose2,0.1654
circuit_689.jpg,9,MOSFET-P,2,3,n6,n7,swapped,3,pose2,0.1654
circuit_689.jpg,10,Resistor,0,2,n5,n5,ok,2,pose0,0.1347
circuit_689.jpg,10,Resistor,1,2,n6,n6,ok,2,pose0,0.1347
circuit_689.jpg,11,MOSFET-N,0,3,n5,n3,swapped,3,pose6,0.1456
circuit_689.jpg,11,MOSFET-N,1,3,n3,0,swapped,3,pose6,0.1456
circuit_689.jpg,11,MOSFET-N,2,3,0,n5,swapped,3,pose6,0.1456
circuit_689.jpg,12,GND,0,1,0,0,ok,1,,
circuit_689.jpg,13,MOSFET-N,0,3,n4,n2,swapped,3,pose6,0.1715
circuit_689.jpg,13,MOSFET-N,1,3,n2,n5,swapped,3,pose6,0.1715
circuit_689.jpg,13,MOSFET-N,2,3,n5,n4,swapped,3,pose6,0.1715
circuit_689.jpg,14,Zener Diode,0,2,n1,n2,swapped,2,pose4,0.1457
circuit_689.jpg,14,Zener Diode,1,2,n2,n1,swapped,2,pose4,0.1457
circuit_690.jpg,0,V-DC,0,2,0,0,ok,2,pose0,0.0942
circuit_690.jpg,0,V-DC,1,2,n3,n3,ok,2,pose0,0.0942
circuit_690.jpg,1,Capacitor,0,2,n1,n1,ok,2,pose0,0.1555
circuit_690.jpg,1,Capacitor,1,2,n2,n2,ok,2,pose0,0.1555
circuit_690.jpg,2,V-DC,0,2,n2,n3,swapped,2,pose4,0.1051
circuit_690.jpg,2,V-DC,1,2,n3,n2,swapped,2,pose4,0.1051
circuit_690.jpg,3,Resistor,0,2,n1,n1,ok,2,pose0,0.1121
circuit_690.jpg,3,Resistor,1,2,n4,n4,ok,2,pose0,0.1121
circuit_690.jpg,4,I-DC,0,2,0,n4,swapped,2,pose4,0.0982
circuit_690.jpg,4,I-DC,1,2,n4,0,swapped,2,pose4,0.0982
circuit_690.jpg,5,Resistor,0,2,n4,n4,ok,2,pose2,0.1128
circuit_690.jpg,5,Resistor,1,2,n3,n3,ok,2,pose2,0.1128
circuit_690.jpg,6,Inductor,0,2,0,0,ok,2,pose2,0.1122
circuit_690.jpg,6,Inductor,1,2,n1,n1,ok,2,pose2,0.1122
circuit_690.jpg,7,GND,0,1,0,0,ok,1,,
circuit_707.jpg,0,Resistor,0,2,n2,n2,ok,2,pose0,0.1078
circuit_707.jpg,0,Resistor,1,2,n1,n1,ok,2,pose0,0.1078
circuit_707.jpg,1,Capacitor,0,2,n1,n1,ok,2,pose0,0.1594
circuit_707.jpg,1,Capacitor,1,2,n3,n3,ok,2,pose0,0.1594
circuit_707.jpg,2,V-DC,0,2,n2,n2,ok,2,pose0,0.117
circuit_707.jpg,2,V-DC,1,2,n3,n3,ok,2,pose0,0.117
circuit_707.jpg,3,Inductor,0,2,n1,n1,ok,2,pose0,0.1125
circuit_707.jpg,3,Inductor,1,2,n3,n3,ok,2,pose0,0.1125
circuit_709.jpg,0,V-AC,0,2,n1,n1,ok,2,pose0,0.1061
circuit_709.jpg,0,V-AC,1,2,n2,n2,ok,2,pose0,0.1061
circuit_709.jpg,1,I-AC,0,2,n2,n2,ok,2,pose0,0.1027
circuit_709.jpg,1,I-AC,1,2,n3,n3,ok,2,pose0,0.1027
circuit_709.jpg,2,I-DC,0,2,n4,0,swapped,2,pose6,0.1135
circuit_709.jpg,2,I-DC,1,2,0,n4,swapped,2,pose6,0.1135
circuit_709.jpg,3,V-DC,0,2,n3,n3,ok,2,pose0,0.1023
circuit_709.jpg,3,V-DC,1,2,n4,n4,ok,2,pose0,0.1023
circuit_709.jpg,4,GND,0,1,0,0,ok,1,,
circuit_709.jpg,5,V-DC,0,2,0,n4,swapped,2,pose6,0.0995
circuit_709.jpg,5,V-DC,1,2,n4,0,swapped,2,pose6,0.0995
circuit_709.jpg,6,Capacitor,0,2,n3,n3,ok,2,pose0,0.1752
circuit_709.jpg,6,Capacitor,1,2,n4,n4,ok,2,pose0,0.1752
circuit_709.jpg,7,Inductor,0,2,n1,n1,ok,2,pose2,0.1285
circuit_709.jpg,7,Inductor,1,2,n2,n2,ok,2,pose2,0.1285
circuit_709.jpg,8,Capacitor,0,2,n6,n6,ok,2,pose0,0.1569
circuit_709.jpg,8,Capacitor,1,2,n4,n4,ok,2,pose0,0.1569
circuit_709.jpg,9,Inductor,0,2,n1,n1,ok,2,pose2,0.1247
circuit_709.jpg,9,Inductor,1,2,n6,n6,ok,2,pose2,0.1247
circuit_709.jpg,10,Inductor,0,2,n1,n1,ok,2,pose2,0.1139
circuit_709.jpg,10,Inductor,1,2,n3,n3,ok,2,pose2,0.1139
circuit_709.jpg,11,Capacitor,0,2,n2,n2,ok,2,pose0,0.1736
circuit_709.jpg,11,Capacitor,1,2,n4,n4,ok,2,pose0,0.1736
circuit_709.jpg,12,Capacitor,0,2,n5,n5,ok,2,pose0,0.165
circuit_709.jpg,12,Capacitor,1,2,0,0,ok,2,pose0,0.165
circuit_709.jpg,13,Inductor,0,2,n1,n1,ok,2,pose2,0.1227
circuit_709.jpg,13,Inductor,1,2,n5,n5,ok,2,pose2,0.1227
circuit_720.jpg,0,Inductor,0,2,n1,n1,ok,2,pose0,0.1246
circuit_720.jpg,0,Inductor,1,2,n2,n2,ok,2,pose0,0.1246
circuit_720.jpg,1,Zener Diode,0,2,n2,n2,ok,2,pose2,0.1475
circuit_720.jpg,1,Zener Diode,1,2,0,0,ok,2,pose2,0.1475
circuit_720.jpg,2,Diode,0,2,n2,n2,ok,2,pose0,0.1658
circuit_720.jpg,2,Diode,1,2,n4,n4,ok,2,pose0,0.1658
circuit_720.jpg,3,V-DC,0,2,n1,0,swapped,2,pose6,0.1087
circuit_720.jpg,3,V-DC,1,2,0,n1,swapped,2,pose6,0.1087
circuit_720.jpg,4,Capacitor,0,2,n2,n2,ok,2,pose2,0.1817
circuit_720.jpg,4,Capacitor,1,2,n3,n3,ok,2,pose2,0.1817
circuit_720.jpg,5,GND,0,1,0,0,ok,1,,
circuit_720.jpg,6,Capacitor,0,2,0,0,ok,2,pose2,0.1938
circuit_720.jpg,6,Capacitor,1,2,n4,n4,ok,2,pose2,0.1938
circuit_720.jpg,7,Diode,0,2,0,0,ok,2,pose0,0.1646
circuit_720.jpg,7,Diode,1,2,n7,n7,ok,2,pose0,0.1646
circuit_720.jpg,8,I-DC,0,2,0,n6,swapped,2,pose6,0.1092
circuit_720.jpg,8,I-DC,1,2,n6,0,swapped,2,pose6,0.1092
circuit_720.jpg,9,Zener Diode,0,2,n4,n7,swapped,2,pose4,0.1552
circuit_720.jpg,9,Zener Diode,1,2,n7,n4,swapped,2,pose4,0.1552
circuit_720.jpg,10,Diode,0,2,n4,n4,ok,2,pose0,0.1736
circuit_720.jpg,10,Diode,1,2,n8,n8,ok,2,pose0,0.1736
circuit_720.jpg,11,Zener Diode,0,2,n3,n4,swapped,2,pose4,0.1467
circuit_720.jpg,11,Zener Diode,1,2,n4,n3,swapped,2,pose4,0.1467
circuit_720.jpg,12,Diode,0,2,n3,n3,ok,2,pose0,0.1693
circuit_720.jpg,12,Diode,1,2,n5,n5,ok,2,pose0,0.1693
circuit_720.jpg,13,Diode,0,2,n5,n5,ok,2,pose0,0.1715
circuit_720.jpg,13,Diode,1,2,n8,n8,ok,2,pose0,0.1715
circuit_720.jpg,14,Capacitor,0,2,n6,n6,ok,2,pose2,0.1855
circuit_720.jpg,14,Capacitor,1,2,n7,n7,ok,2,pose2,0.1855
circuit_720.jpg,15,Inductor,0,2,n4,n4,ok,2,pose0,0.1284
circuit_720.jpg,15,Inductor,1,2,n5,n5,ok,2,pose0,0.1284
circuit_720.jpg,16,GND,0,1,0,0,ok,1,,
circuit_720.jpg,17,Resistor,0,2,n5,n5,ok,2,pose2,0.1286
circuit_720.jpg,17,Resistor,1,2,0,0,ok,2,pose2,0.1286
circuit_730.jpg,0,Resistor,0,2,n1,n1,ok,2,pose0,0.1163
circuit_730.jpg,0,Resistor,1,2,n3,n3,ok,2,pose0,0.1163
circuit_730.jpg,1,V-AC,0,2,n1,n1,ok,2,pose2,0.109
circuit_730.jpg,1,V-AC,1,2,0,0,ok,2,pose2,0.109
circuit_730.jpg,2,GND,0,1,0,0,ok,1,,
circuit_730.jpg,3,I-AC,0,2,n3,n3,ok,2,pose2,0.1062
circuit_730.jpg,3,I-AC,1,2,0,0,ok,2,pose2,0.1062
circuit_730.jpg,4,Resistor,0,2,n3,n3,ok,2,pose0,0.1143
circuit_730.jpg,4,Resistor,1,2,n2,n2,ok,2,pose0,0.1143
circuit_730.jpg,5,Capacitor,0,2,n2,n2,ok,2,pose0,0.1775
circuit_730.jpg,5,Capacitor,1,2,n4,n4,ok,2,pose0,0.1775
circuit_730.jpg,6,Resistor,0,2,n4,n4,ok,2,pose2,0.1211
circuit_730.jpg,6,Resistor,1,2,n5,n5,ok,2,pose2,0.1211
circuit_730.jpg,7,Inductor,0,2,n5,n5,ok,2,pose2,0.1205
circuit_730.jpg,7,Inductor,1,2,0,0,ok,2,pose2,0.1205
circuit_733.jpg,0,I-DC,0,2,n1,n1,ok,2,pose0,0.0922
circuit_733.jpg,0,I-DC,1,2,0,0,ok,2,pose0,0.0922
circuit_733.jpg,1,Capacitor,0,2,n1,n1,ok,2,pose0,0.1629
circuit_733.jpg,1,Capacitor,1,2,n3,n3,ok,2,pose0,0.1629
circuit_733.jpg,2,V-DC,0,2,n3,0,swapped,2,pose4,0.0981
circuit_733.jpg,2,V-DC,1,2,0,n3,swapped,2,pose4,0.0981
circuit_733.jpg,3,Resistor,0,2,n1,n1,ok,2,pose0,0.1056
circuit_733.jpg,3,Resistor,1,2,n2,n2,ok,2,pose0,0.1056
circuit_733.jpg,4,Resistor,0,2,n1,n1,ok,2,pose2,0.1053
circuit_733.jpg,4,Resistor,1,2,0,0,ok,2,pose2,0.1053
circuit_733.jpg,5,Inductor,0,2,n2,n2,ok,2,pose2,0.1064
circuit_733.jpg,5,Inductor,1,2,0,0,ok,2,pose2,0.1064
circuit_733.jpg,6,GND,0,1,0,0,ok,1,,
circuit_743.jpg,0,V-DC,0,2,n1,n1,ok,2,pose0,0.0912
circuit_743.jpg,0,V-DC,1,2,0,0,ok,2,pose0,0.0912
circuit_743.jpg,1,Resistor,0,2,n1,n1,ok,2,pose0,0.107
circuit_743.jpg,1,Resistor,1,2,n2,n2,ok,2,pose0,0.107
circuit_743.jpg,2,Inductor,0,2,n2,n2,ok,2,pose2,0.1094
circuit_743.jpg,2,Inductor,1,2,0,0,ok,2,pose2,0.1094
circuit_743.jpg,3,Capacitor,0,2,n2,n2,ok,2,pose0,0.1431
circuit_743.jpg,3,Capacitor,1,2,n3,n3,ok,2,pose0,0.1431
circuit_743.jpg,4,GND,0,1,0,0,ok,1,,
circuit_743.jpg,5,V-DC,0,2,n3,0,swapped,2,pose6,0.1007
circuit_743.jpg,5,V-DC,1,2,0,n3,swapped,2,pose6,0.1007
circuit_748.jpg,0,I-DC,0,2,nD,nG,swapped,2,pose6,0.1229
circuit_748.jpg,0,I-DC,1,2,nG,nD,swapped,2,pose6,0.1229
circuit_748.jpg,1,Diode,0,2,nC,nC,ok,2,pose0,0.1731
circuit_748.jpg,1,Diode,1,2,nF,nF,ok,2,pose0,0.1731
circuit_748.jpg,2,Diode,0,2,nF,nF,ok,2,pose0,0.1797
circuit_748.jpg,2,Diode,1,2,nI,nI,ok,2,pose0,0.1797
circuit_748.jpg,3,GND,0,1,0,0,ok,1,,
circuit_748.jpg,4,Diode,0,2,nB,nB,ok,2,pose0,0.1806
circuit_748.jpg,4,Diode,1,2,nE,nE,ok,2,pose0,0.1806
circuit_748.jpg,5,V-AC,0,2,nA,nA,ok,2,pose2,0.1188
circuit_748.jpg,5,V-AC,1,2,nD,nD,ok,2,pose2,0.1188
circuit_748.jpg,6,Resistor,0,2,nF,nF,ok,2,pose2,0.1335
circuit_748.jpg,6,Resistor,1,2,0,0,ok,2,pose2,0.1335
circuit_748.jpg,7,Capacitor,0,2,nD,nD,ok,2,pose2,0.1834
circuit_748.jpg,7,Capacitor,1,2,nE,nE,ok,2,pose2,0.1834
circuit_748.jpg,8,Capacitor,0,2,nB,nB,ok,2,pose2,0.1807
circuit_748.jpg,8,Capacitor,1,2,nC,nC,ok,2,pose2,0.1807
circuit_748.jpg,9,Zener Diode,0,2,nB,nD,swapped,2,pose4,0.1515
circuit_748.jpg,9,Zener Diode,1,2,nD,nB,swapped,2,pose4,0.1515
circuit_748.jpg,10,Diode,0,2,nE,nE,ok,2,pose0,0.1704
circuit_748.jpg,10,Diode,1,2,nI,nI,ok,2,pose0,0.1704
circuit_748.jpg,11,Inductor,0,2,nA,nA,ok,2,pose0,0.1368
circuit_748.jpg,11,Inductor,1,2,nB,nB,ok,2,pose0,0.1368
circuit_748.jpg,12,Inductor,0,2,nH,nH,ok,2,pose0,0.1318
circuit_748.jpg,12,Inductor,1,2,nI,nI,ok,2,pose0,0.1318
circuit_748.jpg,13,Capacitor,0,2,nG,nG,ok,2,pose2,0.1848
circuit_748.jpg,13,Capacitor,1,2,nH,nH,ok,2,pose2,0.1848
circuit_748.jpg,14,Inductor,0,2,nE,nE,ok,2,pose0,0.1519
circuit_748.jpg,14,Inductor,1,2,nF,nF,ok,2,pose0,0.1519
circuit_748.jpg,15,Diode,0,2,nD,nD,ok,2,pose0,0.165
circuit_748.jpg,15,Diode,1,2,nH,nH,ok,2,pose0,0.165
circuit_748.jpg,16,Zener Diode,0,2,nE,nH,swapped,2,pose4,0.1546
circuit_748.jpg,16,Zener Diode,1,2,nH,nE,swapped,2,pose4,0.1546
circuit_748.jpg,17,Zener Diode,0,2,nC,nE,swapped,2,pose4,0.1498
circuit_748.jpg,17,Zener Diode,1,2,nE,nC,swapped,2,pose4,0.1498
circuit_750.jpg,0,V-AC,0,2,n1,n1,ok,2,pose2,0.1096
circuit_750.jpg,0,V-AC,1,2,0,0,ok,2,pose2,0.1096
circuit_750.jpg,1,Zener Diode,0,2,n2,0,swapped,2,pose4,0.1885
circuit_750.jpg,1,Zener Diode,1,2,0,n2,swapped,2,pose4,0.1885
circuit_750.jpg,2,Zener Diode,0,2,n3,n4,swapped,2,pose4,0.1509
circuit_750.jpg,2,Zener Diode,1,2,n4,n3,swapped,2,pose4,0.1509
circuit_750.jpg,3,Inductor,0,2,n1,n1,ok,2,pose0,0.1181
circuit_750.jpg,3,Inductor,1,2,n2,n2,ok,2,pose0,0.1181
circuit_750.jpg,4,Inductor,0,2,n4,n4,ok,2,pose0,0.1206
circuit_750.jpg,4,Inductor,1,2,n5,n5,ok,2,pose0,0.1206
circuit_750.jpg,5,I-DC,0,2,0,n6,swapped,2,pose6,0.104
circuit_750.jpg,5,I-DC,1,2,n6,0,swapped,2,pose6,0.104
circuit_750.jpg,6,Diode,0,2,n5,n5,ok,2,pose0,0.1648
circuit_750.jpg,6,Diode,1,2,n8,n8,ok,2,pose0,0.1648
circuit_750.jpg,7,Diode,0,2,n4,n4,ok,2,pose0,0.1745
circuit_750.jpg,7,Diode,1,2,n8,n8,ok,2,pose0,0.1745
circuit_750.jpg,8,Resistor,0,2,n5,n5,ok,2,pose2,0.1312
circuit_750.jpg,8,Resistor,1,2,0,0,ok,2,pose2,0.1312
circuit_750.jpg,9,Diode,0,2,n3,n3,ok,2,pose0,0.1729
circuit_750.jpg,9,Diode,1,2,n5,n5,ok,2,pose0,0.1729
circuit_750.jpg,10,Inductor,0,2,n7,n7,ok,2,pose0,0.1264
circuit_750.jpg,10,Inductor,1,2,n8,n8,ok,2,pose0,0.1264
circuit_750.jpg,11,GND,0,1,0,0,ok,1,,
circuit_750.jpg,12,Diode,0,2,n2,n2,ok,2,pose0,0.1758
circuit_750.jpg,12,Diode,1,2,n4,n4,ok,2,pose0,0.1758
circuit_750.jpg,13,Capacitor,0,2,n6,n6,ok,2,pose2,0.1758
circuit_750.jpg,13,Capacitor,1,2,n7,n7,ok,2,pose2,0.1758
circuit_750.jpg,14,Diode,0,2,0,0,ok,2,pose0,0.1706
circuit_750.jpg,14,Diode,1,2,n7,n7,ok,2,pose0,0.1706
circuit_750.jpg,15,Capacitor,0,2,n2,n2,ok,2,pose2,0.1873
circuit_750.jpg,15,Capacitor,1,2,n3,n3,ok,2,pose2,0.1873
circuit_750.jpg,16,Capacitor,0,2,0,0,ok,2,pose2,0.1928
circuit_750.jpg,16,Capacitor,1,2,n4,n4,ok,2,pose2,0.1928
circuit_750.jpg,17,GND,0,1,0,0,ok,1,,
circuit_750.jpg,18,Zener Diode,0,2,n4,n7,swapped,2,pose4,0.141
circuit_750.jpg,18,Zener Diode,1,2,n7,n4,swapped,2,pose4,0.141
circuit_755.jpg,0,V-AC,0,2,n1,n1,ok,2,pose2,0.0967
circuit_755.jpg,0,V-AC,1,2,0,0,ok,2,pose2,0.0967
circuit_755.jpg,1,Inductor,0,2,n7,n7,ok,2,pose0,0.1314
circuit_755.jpg,1,Inductor,1,2,n8,n8,ok,2,pose0,0.1314
circuit_755.jpg,2,Inductor,0,2,n1,n1,ok,2,pose0,0.1282
circuit_755.jpg,2,Inductor,1,2,n2,n2,ok,2,pose0,0.1282
circuit_755.jpg,3,GND,0,1,0,0,ok,1,,
circuit_755.jpg,4,I-DC,0,2,0,n6,swapped,2,pose6,0.1148
circuit_755.jpg,4,I-DC,1,2,n6,0,swapped,2,pose6,0.1148
circuit_755.jpg,5,Diode,0,2,0,0,ok,2,pose0,0.1719
circuit_755.jpg,5,Diode,1,2,n7,n7,ok,2,pose0,0.1719
circuit_755.jpg,6,Diode,0,2,n3,n3,ok,2,pose0,0.1737
circuit_755.jpg,6,Diode,1,2,n5,n5,ok,2,pose0,0.1737
circuit_755.jpg,7,Zener Diode,0,2,n3,n4,swapped,2,pose4,0.1578
circuit_755.jpg,7,Zener Diode,1,2,n4,n3,swapped,2,pose4,0.1578
circuit_755.jpg,8,Inductor,0,2,n4,n4,ok,2,pose0,0.1305
circuit_755.jpg,8,Inductor,1,2,n5,n5,ok,2,pose0,0.1305
circuit_755.jpg,9,Capacitor,0,2,n6,n6,ok,2,pose2,0.2035
circuit_755.jpg,9,Capacitor,1,2,n7,n7,ok,2,pose2,0.2035
circuit_755.jpg,10,Diode,0,2,n2,n2,ok,2,pose0,0.153
circuit_755.jpg,10,Diode,1,2,n4,n4,ok,2,pose0,0.153
circuit_755.jpg,11,Diode,0,2,n4,n4,ok,2,pose0,0.1672
circuit_755.jpg,11,Diode,1,2,n8,n8,ok,2,pose0,0.1672
circuit_755.jpg,12,Capacitor,0,2,0,0,ok,2,pose2,0.1995
circuit_755.jpg,12,Capacitor,1,2,n4,n4,ok,2,pose2,0.1995
circuit_755.jpg,13,Capacitor,0,2,n2,n2,ok,2,pose2,0.1918
circuit_755.jpg,13,Capacitor,1,2,n3,n3,ok,2,pose2,0.1918
circuit_755.jpg,14,Diode,0,2,n5,n5,ok,2,pose0,0.1705
circuit_755.jpg,14,Diode,1,2,n8,n8,ok,2,pose0,0.1705
circuit_755.jpg,15,GND,0,1,0,0,ok,1,,
circuit_755.jpg,16,Resistor,0,2,n5,n5,ok,2,pose2,0.1322
circuit_755.jpg,16,Resistor,1,2,0,0,ok,2,pose2,0.1322
circuit_755.jpg,17,Zener Diode,0,2,n2,0,swapped,2,pose4,0.1419
circuit_755.jpg,17,Zener Diode,1,2,0,n2,swapped,2,pose4,0.1419
circuit_755.jpg,18,Zener Diode,0,2,n4,n7,swapped,2,pose4,0.1424
circuit_755.jpg,18,Zener Diode,1,2,n7,n4,swapped,2,pose4,0.1424
circuit_760.jpg,0,Resistor,0,2,0,0,ok,2,pose2,0.1117
circuit_760.jpg,0,Resistor,1,2,n1,n1,ok,2,pose2,0.1117
circuit_760.jpg,1,GND,0,1,0,0,ok,1,,
circuit_760.jpg,2,Inductor,0,2,0,0,ok,2,pose2,0.1166
circuit_760.jpg,2,Inductor,1,2,n1,n1,ok,2,pose2,0.1166
circuit_760.jpg,3,Capacitor,0,2,0,0,ok,2,pose2,0.1594
circuit_760.jpg,3,Capacitor,1,2,n1,n1,ok,2,pose2,0.1594
circuit_760.jpg,4,V-AC,0,2,0,0,ok,2,pose2,0.1075
circuit_760.jpg,4,V-AC,1,2,n1,n1,ok,2,pose2,0.1075
circuit_769.jpg,0,I-DC,0,2,0,n1,swapped,2,pose6,0.1025
circuit_769.jpg,0,I-DC,1,2,n1,0,swapped,2,pose6,0.1025
circuit_769.jpg,1,Resistor,0,2,0,0,ok,2,pose2,0.1074
circuit_769.jpg,1,Resistor,1,2,n1,n1,ok,2,pose2,0.1074
circuit_769.jpg,2,Resistor,0,2,n1,n1,ok,2,pose0,0.115
circuit_769.jpg,2,Resistor,1,2,n2,n2,ok,2,pose0,0.115
circuit_769.jpg,3,Capacitor,0,2,n3,n3,ok,2,pose0,0.1587
circuit_769.jpg,3,Capacitor,1,2,n2,n2,ok,2,pose0,0.1587
circuit_769.jpg,4,Inductor,0,2,0,0,ok,2,pose2,0.1092
circuit_769.jpg,4,Inductor,1,2,n2,n2,ok,2,pose2,0.1092
circuit_769.jpg,5,V-DC,0,2,0,n3,swapped,2,pose6,0.1016
circuit_769.jpg,5,V-DC,1,2,n3,0,swapped,2,pose6,0.1016
circuit_769.jpg,6,GND,0,1,0,0,ok,1,,
circuit_775.jpg,0,V-DC,0,2,0,n3,swapped,2,pose6,0.109
circuit_775.jpg,0,V-DC,1,2,n3,0,swapped,2,pose6,0.109
circuit_775.jpg,1,GND,0,1,0,0,ok,1,,
circuit_775.jpg,2,I-DC,0,2,0,n1,swapped,2,pose6,0.1123
circuit_775.jpg,2,I-DC,1,2,n1,0,swapped,2,pose6,0.1123
circuit_775.jpg,3,GND,0,1,0,0,ok,1,,
circuit_775.jpg,4,GND,0,1,0,0,ok,1,,
circuit_775.jpg,5,GND,0,1,0,0,ok,1,,
circuit_775.jpg,6,GND,0,1,0,0,ok,1,,
circuit_775.jpg,7,GND,0,1,0,0,ok,1,,
circuit_775.jpg,8,Capacitor,0,2,n3,n3,ok,2,pose2,0.1946
circuit_775.jpg,8,Capacitor,1,2,n4,n4,ok,2,pose2,0.1946
circuit_775.jpg,9,Capacitor,0,2,n7,n7,ok,2,pose2,0.1971
circuit_775.jpg,9,Capacitor,1,2,n8,n8,ok,2,pose2,0.1971
circuit_775.jpg,10,Capacitor,0,2,n2,n2,ok,3,pose2,0.1834
circuit_775.jpg,10,Capacitor,1,2,n9,n9,ok,3,pose2,0.1834
circuit_775.jpg,11,Resistor,0,2,n2,n2,ok,2,pose0,0.1354
circuit_775.jpg,11,Resistor,1,2,n7,n7,ok,2,pose0,0.1354
circuit_775.jpg,12,Resistor,0,2,n4,n4,ok,2,pose0,0.1253
circuit_775.jpg,12,Resistor,1,2,n5,n5,ok,2,pose0,0.1253
circuit_775.jpg,13,Resistor,0,2,n6,n6,ok,2,pose0,0.1299
circuit_775.jpg,13,Resistor,1,2,0,0,ok,2,pose0,0.1299
circuit_775.jpg,14,Resistor,0,2,n8,n8,ok,2,pose0,0.1347
circuit_775.jpg,14,Resistor,1,2,0,0,ok,2,pose0,0.1347
circuit_775.jpg,15,Resistor,0,2,n10,n10,ok,2,pose0,0.1355
circuit_775.jpg,15,Resistor,1,2,0,0,ok,2,pose0,0.1355
circuit_775.jpg,16,Inductor,0,2,n9,n9,ok,3,pose0,0.1225
circuit_775.jpg,16,Inductor,1,2,n10,n10,ok,3,pose0,0.1225
circuit_775.jpg,17,Inductor,0,2,n5,n5,ok,2,pose0,0.1203
circuit_775.jpg,17,Inductor,1,2,n6,n6,ok,2,pose0,0.1203
circuit_775.jpg,18,Inductor,0,2,n1,n1,ok,2,pose0,0.1201
circuit_775.jpg,18,Inductor,1,2,n2,n2,ok,2,pose0,0.1201
circuit_775.jpg,19,Op-Amp,0,3,n2,n5,swapped,3,pose4,0.1116
circuit_775.jpg,19,Op-Amp,1,3,n5,n6,swapped,3,pose4,0.1116
circuit_775.jpg,19,Op-Amp,2,3,n6,n2,swapped,3,pose4,0.1116
circuit_775.jpg,20,Op-Amp,0,3,0,0,ok,3,pose1,0.1614
circuit_775.jpg,20,Op-Amp,1,3,n3,n4,swapped,3,pose1,0.1614
circuit_775.jpg,20,Op-Amp,2,3,n4,n3,swapped,3,pose1,0.1614
circuit_775.jpg,21,Op-Amp,0,3,0,n2,swapped,3,pose7,0.2052
circuit_775.jpg,21,Op-Amp,1,3,n1,0,swapped,3,pose7,0.2052
circuit_775.jpg,21,Op-Amp,2,3,n2,n1,swapped,3,pose7,0.2052
circuit_775.jpg,22,Op-Amp,0,3,0,n9,swapped,3,pose4,0.1053
circuit_775.jpg,22,Op-Amp,1,3,n9,n10,swapped,3,pose4,0.1053
circuit_775.jpg,22,Op-Amp,2,3,n10,0,swapped,3,pose4,0.1053
circuit_775.jpg,23,Op-Amp,0,3,0,n8,swapped,3,pose7,0.205
circuit_775.jpg,23,Op-Amp,1,3,n7,0,swapped,3,pose7,0.205
circuit_775.jpg,23,Op-Amp,2,3,n8,n7,swapped,3,pose7,0.205
circuit_784.jpg,0,Capacitor,0,2,n3,n3,ok,2,pose0,0.1502
circuit_784.jpg,0,Capacitor,1,2,0,0,ok,2,pose0,0.1502
circuit_784.jpg,1,Resistor,0,2,n1,n1,ok,2,pose0,0.1102
circuit_784.jpg,1,Resistor,1,2,n2,n2,ok,2,pose0,0.1102
circuit_784.jpg,2,V-AC,0,2,nB,nB,ok,2,pose0,0.0934
circuit_784.jpg,2,V-AC,1,2,n1,n1,ok,2,pose0,0.0934
circuit_784.jpg,3,Inductor,0,2,n2,n2,ok,2,pose0,0.1106
circuit_784.jpg,3,Inductor,1,2,n3,n3,ok,2,pose0,0.1106
circuit_784.jpg,4,Resistor,0,2,nA,nA,ok,2,pose2,0.1188
circuit_784.jpg,4,Resistor,1,2,nB,nB,ok,2,pose2,0.1188
circuit_784.jpg,5,Inductor,0,2,0,0,ok,2,pose2,0.1044
circuit_784.jpg,5,Inductor,1,2,n1,n1,ok,2,pose2,0.1044
circuit_784.jpg,6,GND,0,1,0,0,ok,1,,
circuit_784.jpg,7,Inductor,0,2,0,0,ok,2,pose0,0.1103
circuit_784.jpg,7,Inductor,1,2,nA,nA,ok,2,pose0,0.1103
circuit_784.jpg,8,Resistor,0,2,n2,n2,ok,2,pose0,0.0963
circuit_784.jpg,8,Resistor,1,2,0,0,ok,2,pose0,0.0963
circuit_795.jpg,0,V-DC,0,2,n1,0,swapped,2,pose6,0.0878
circuit_795.jpg,0,V-DC,1,2,0,n1,swapped,2,pose6,0.0878
circuit_795.jpg,1,I-DC,0,2,n1,0,swapped,2,pose6,0.0938
circuit_795.jpg,1,I-DC,1,2,0,n1,swapped,2,pose6,0.0938
circuit_795.jpg,2,GND,0,1,0,0,ok,1,,
circuit_795.jpg,3,Resistor,0,2,n4,n4,ok,2,pose2,0.1071
circuit_795.jpg,3,Resistor,1,2,0,0,ok,2,pose2,0.1071
circuit_795.jpg,4,Inductor,0,2,n1,n1,ok,2,pose2,0.1037
circuit_795.jpg,4,Inductor,1,2,n4,n4,ok,2,pose2,0.1037
circuit_795.jpg,5,Capacitor,0,2,n1,n1,ok,2,pose0,0.1502
circuit_795.jpg,5,Capacitor,1,2,0,0,ok,2,pose0,0.1502
circuit_795.jpg,6,Resistor,0,2,n1,n1,ok,2,pose0,0.108
circuit_795.jpg,6,Resistor,1,2,n2,n2,ok,2,pose0,0.108
circuit_795.jpg,7,Inductor,0,2,0,0,ok,2,pose0,0.1038
circuit_795.jpg,7,Inductor,1,2,n3,n3,ok,2,pose0,0.1038
circuit_795.jpg,8,Capacitor,0,2,n2,n2,ok,2,pose0,0.1362
circuit_795.jpg,8,Capacitor,1,2,n3,n3,ok,2,pose0,0.1362
circuit_820.jpg,0,Capacitor,0,2,n8,n8,ok,2,pose2,0.2022
circuit_820.jpg,0,Capacitor,1,2,n9,n9,ok,2,pose2,0.2022
circuit_820.jpg,1,Resistor,0,2,n9,n9,ok,2,pose2,0.1201
circuit_820.jpg,1,Resistor,1,2,n10,n10,ok,2,pose2,0.1201
circuit_820.jpg,2,Inductor,0,2,n10,n10,ok,2,pose0,0.136
circuit_820.jpg,2,Inductor,1,2,n11,n11,ok,2,pose0,0.136
circuit_820.jpg,3,V-DC,0,2,0,n8,swapped,2,pose6,0.096
circuit_820.jpg,3,V-DC,1,2,n8,0,swapped,2,pose6,0.096
circuit_820.jpg,4,Op-Amp,0,3,0,n8,swapped,3,pose7,0.1968
circuit_820.jpg,4,Op-Amp,1,3,n8,0,swapped,3,pose7,0.1968
circuit_820.jpg,4,Op-Amp,2,3,n9,n9,ok,3,pose7,0.1968
circuit_820.jpg,5,Op-Amp,0,3,n2,n11,swapped,3,pose4,0.0991
circuit_820.jpg,5,Op-Amp,1,3,n10,n10,ok,3,pose4,0.0991
circuit_820.jpg,5,Op-Amp,2,3,n11,n2,swapped,3,pose4,0.0991
circuit_820.jpg,6,Resistor,0,2,n11,n11,ok,2,pose0,0.1283
circuit_820.jpg,6,Resistor,1,2,n5,n5,ok,2,pose0,0.1283
circuit_820.jpg,7,Inductor,0,2,n1,n1,ok,2,pose0,0.1464
circuit_820.jpg,7,Inductor,1,2,n2,n2,ok,2,pose0,0.1464
circuit_820.jpg,8,Op-Amp,0,3,0,n2,swapped,3,pose7,0.1996
circuit_820.jpg,8,Op-Amp,1,3,n1,0,swapped,3,pose7,0.1996
circuit_820.jpg,8,Op-Amp,2,3,n2,n1,swapped,3,pose7,0.1996
circuit_820.jpg,9,I-DC,0,2,0,n1,swapped,2,pose6,0.0992
circuit_820.jpg,9,I-DC,1,2,n1,0,swapped,2,pose6,0.0992
circuit_820.jpg,10,Op-Amp,0,3,0,0,ok,3,pose1,0.1972
circuit_820.jpg,10,Op-Amp,1,3,n3,n3,ok,3,pose1,0.1972
circuit_820.jpg,10,Op-Amp,2,3,n4,n4,ok,3,pose1,0.1972
circuit_820.jpg,11,Capacitor,0,2,n2,n2,ok,2,pose2,0.1979
circuit_820.jpg,11,Capacitor,1,2,n3,n3,ok,2,pose2,0.1979
circuit_820.jpg,12,Resistor,0,2,n2,n2,ok,2,pose2,0.1223
circuit_820.jpg,12,Resistor,1,2,n6,n6,ok,2,pose2,0.1223
circuit_820.jpg,13,Capacitor,0,2,n6,n6,ok,2,pose2,0.1967
circuit_820.jpg,13,Capacitor,1,2,n7,n7,ok,2,pose2,0.1967
circuit_820.jpg,14,Resistor,0,2,n7,n7,ok,2,pose0,0.1248
circuit_820.jpg,14,Resistor,1,2,n5,n5,ok,2,pose0,0.1248
circuit_820.jpg,15,Resistor,0,2,n4,n4,ok,2,pose0,0.1253
circuit_820.jpg,15,Resistor,1,2,n5,n5,ok,2,pose0,0.1253
circuit_820.jpg,16,GND,0,1,0,0,ok,1,,
circuit_820.jpg,17,GND,0,1,0,0,ok,1,,
circuit_820.jpg,18,GND,0,1,0,0,ok,1,,
circuit_820.jpg,19,GND,0,1,0,0,ok,1,,
circuit_820.jpg,20,GND,0,1,0,0,ok,1,,
circuit_820.jpg,21,Inductor,0,2,n3,n3,ok,2,pose0,0.1316
circuit_820.jpg,21,Inductor,1,2,n4,n4,ok,2,pose0,0.1316
circuit_823.jpg,0,V-DC,0,2,n1,0,swapped,2,pose4,0.0955
circuit_823.jpg,0,V-DC,1,2,0,n1,swapped,2,pose4,0.0955
circuit_823.jpg,1,I-DC,0,2,n5,n5,ok,2,pose0,0.1036
circuit_823.jpg,1,I-DC,1,2,0,0,ok,2,pose0,0.1036
circuit_823.jpg,2,Capacitor,0,2,n4,n4,ok,2,pose0,0.156
circuit_823.jpg,2,Capacitor,1,2,0,0,ok,2,pose0,0.156
circuit_823.jpg,3,Inductor,0,2,n3,n3,ok,2,pose0,0.115
circuit_823.jpg,3,Inductor,1,2,n4,n4,ok,2,pose0,0.115
circuit_823.jpg,4,Capacitor,0,2,n6,n6,ok,2,pose0,0.1711
circuit_823.jpg,4,Capacitor,1,2,0,0,ok,2,pose0,0.1711
circuit_823.jpg,5,Resistor,0,2,n2,n2,ok,2,pose0,0.1122
circuit_823.jpg,5,Resistor,1,2,n5,n5,ok,2,pose0,0.1122
circuit_823.jpg,6,GND,0,1,0,0,ok,1,,
circuit_823.jpg,7,Inductor,0,2,n5,n5,ok,2,pose2,0.1177
circuit_823.jpg,7,Inductor,1,2,n6,n6,ok,2,pose2,0.1177
circuit_823.jpg,8,Resistor,0,2,n2,n2,ok,2,pose0,0.1155
circuit_823.jpg,8,Resistor,1,2,n3,n3,ok,2,pose0,0.1155
circuit_823.jpg,9,Resistor,0,2,n2,n2,ok,2,pose2,0.1065
circuit_823.jpg,9,Resistor,1,2,0,0,ok,2,pose2,0.1065
circuit_823.jpg,10,Resistor,0,2,n1,n1,ok,2,pose0,0.11
circuit_823.jpg,10,Resistor,1,2,n2,n2,ok,2,pose0,0.11
circuit_832.jpg,0,V-DC,0,2,0,n1,swapped,2,pose6,0.1064
circuit_832.jpg,0,V-DC,1,2,n1,0,swapped,2,pose6,0.1064
circuit_832.jpg,1,Resistor,0,2,n2,n2,ok,2,pose2,0.1191
circuit_832.jpg,1,Resistor,1,2,n1,n1,ok,2,pose2,0.1191
circuit_832.jpg,2,Inductor,0,2,0,0,ok,2,pose2,0.1181
circuit_832.jpg,2,Inductor,1,2,n2,n2,ok,2,pose2,0.1181
circuit_832.jpg,3,Capacitor,0,2,0,0,ok,2,pose0,0.164
circuit_832.jpg,3,Capacitor,1,2,n3,n3,ok,2,pose0,0.164
circuit_832.jpg,4,Resistor,0,2,n3,n3,ok,2,pose2,0.1227
circuit_832.jpg,4,Resistor,1,2,n1,n1,ok,2,pose2,0.1227
circuit_832.jpg,5,GND,0,1,0,0,ok,1,,
circuit_833.jpg,0,Capacitor,0,2,n2,n2,ok,2,pose0,0.1522
circuit_833.jpg,0,Capacitor,1,2,0,0,ok,2,pose0,0.1522
circuit_833.jpg,1,I-AC,0,2,n3,n3,ok,2,pose2,0.0904
circuit_833.jpg,1,I-AC,1,2,0,0,ok,2,pose2,0.0904
circuit_833.jpg,2,Resistor,0,2,n1,n1,ok,2,pose0,0.1081
circuit_833.jpg,2,Resistor,1,2,n2,n2,ok,2,pose0,0.1081
circuit_833.jpg,3,GND,0,1,0,0,ok,1,,
circuit_833.jpg,4,V-AC,0,2,n1,n1,ok,2,pose0,0.0895
circuit_833.jpg,4,V-AC,1,2,0,0,ok,2,pose0,0.0895
circuit_833.jpg,5,Inductor,0,2,n2,n2,ok,2,pose0,0.1069
circuit_833.jpg,5,Inductor,1,2,n3,n3,ok,2,pose0,0.1069
circuit_835.jpg,0,V-DC,0,2,n1,0,swapped,2,pose6,0.1088
circuit_835.jpg,0,V-DC,1,2,0,n1,swapped,2,pose6,0.1088
circuit_835.jpg,1,Op-Amp,0,3,0,n2,swapped,3,pose3,0.1772
circuit_835.jpg,1,Op-Amp,1,3,n1,0,swapped,3,pose3,0.1772
circuit_835.jpg,1,Op-Amp,2,3,n2,n1,swapped,3,pose3,0.1772
circuit_835.jpg,2,Op-Amp,0,3,,n8,gt_null,2,pose6,0.0981
circuit_835.jpg,2,Op-Amp,1,3,n8,n8,ok,2,pose6,0.0981
circuit_835.jpg,2,Op-Amp,2,3,n9,n9,ok,2,pose6,0.0981
circuit_835.jpg,3,Op-Amp,0,3,n7,n7,ok,3,pose2,0.129
circuit_835.jpg,3,Op-Amp,1,3,n3,n4,swapped,3,pose2,0.129
circuit_835.jpg,3,Op-Amp,2,3,n4,n3,swapped,3,pose2,0.129
circuit_835.jpg,4,Op-Amp,0,3,0,0,ok,3,pose2,0.1161
circuit_835.jpg,4,Op-Amp,1,3,n10,n11,swapped,3,pose2,0.1161
circuit_835.jpg,4,Op-Amp,2,3,n11,n10,swapped,3,pose2,0.1161
circuit_835.jpg,5,GND,0,1,0,0,ok,1,,
circuit_835.jpg,6,GND,0,1,0,0,ok,1,,
circuit_835.jpg,7,Resistor,0,2,n7,n7,ok,2,pose0,0.1666
circuit_835.jpg,7,Resistor,1,2,n8,n8,ok,2,pose0,0.1666
circuit_835.jpg,8,Inductor,0,2,n10,n10,ok,2,pose0,0.1406
circuit_835.jpg,8,Inductor,1,2,n11,n11,ok,2,pose0,0.1406
circuit_835.jpg,9,Inductor,0,2,n6,n6,ok,2,pose0,0.1353
circuit_835.jpg,9,Inductor,1,2,n7,n7,ok,2,pose0,0.1353
circuit_835.jpg,10,GND,0,1,0,0,ok,1,,
circuit_835.jpg,11,Resistor,0,2,n9,n9,ok,2,pose7,0.1786
circuit_835.jpg,11,Resistor,1,2,n5,n5,ok,2,pose7,0.1786
circuit_835.jpg,12,Resistor,0,2,n11,n11,ok,2,pose0,0.1434
circuit_835.jpg,12,Resistor,1,2,n5,n5,ok,2,pose0,0.1434
circuit_835.jpg,13,I-DC,0,2,n6,0,swapped,2,pose6,0.1085
circuit_835.jpg,13,I-DC,1,2,0,n6,swapped,2,pose6,0.1085
circuit_835.jpg,14,Resistor,0,2,n4,n4,ok,2,pose0,0.1471
circuit_835.jpg,14,Resistor,1,2,n5,n5,ok,2,pose0,0.1471
circuit_835.jpg,15,Resistor,0,2,n2,n2,ok,2,pose0,0.1305
circuit_835.jpg,15,Resistor,1,2,n3,n3,ok,2,pose0,0.1305
circuit_835.jpg,16,Capacitor,0,2,n8,n8,ok,2,pose2,0.1868
circuit_835.jpg,16,Capacitor,1,2,n9,n9,ok,2,pose2,0.1868
circuit_835.jpg,17,Inductor,0,2,n3,n3,ok,2,pose0,0.1357
circuit_835.jpg,17,Inductor,1,2,n4,n4,ok,2,pose0,0.1357
circuit_835.jpg,18,GND,0,1,0,0,ok,1,,
circuit_835.jpg,19,Capacitor,0,2,n7,n7,ok,2,pose2,0.1914
circuit_835.jpg,19,Capacitor,1,2,n10,n10,ok,2,pose2,0.1914
circuit_835.jpg,20,Capacitor,0,2,n1,n1,ok,2,pose2,0.1755
circuit_835.jpg,20,Capacitor,1,2,n2,n2,ok,2,pose2,0.1755
circuit_835.jpg,21,Op-Amp,0,3,0,n7,swapped,3,pose3,0.2146
circuit_835.jpg,21,Op-Amp,1,3,n6,0,swapped,3,pose3,0.2146
circuit_835.jpg,21,Op-Amp,2,3,n7,n6,swapped,3,pose3,0.2146
circuit_836.jpg,0,V-DC,0,2,n5,n5,ok,2,pose0,0.1194
circuit_836.jpg,0,V-DC,1,2,0,0,ok,2,pose0,0.1194
circuit_836.jpg,1,V-AC,0,2,n1,n1,ok,2,pose0,0.1016
circuit_836.jpg,1,V-AC,1,2,n2,n2,ok,2,pose0,0.1016
circuit_836.jpg,2,I-DC,0,2,0,n5,swapped,2,pose4,0.1109
circuit_836.jpg,2,I-DC,1,2,n5,0,swapped,2,pose4,0.1109
circuit_836.jpg,3,I-AC,0,2,n2,n2,ok,2,pose0,0.1072
circuit_836.jpg,3,I-AC,1,2,n3,n3,ok,2,pose0,0.1072
circuit_836.jpg,4,V-DC,0,2,n3,0,swapped,2,pose4,0.1631
circuit_836.jpg,4,V-DC,1,2,0,n3,swapped,2,pose4,0.1631
circuit_836.jpg,5,Capacitor,0,2,n3,n3,ok,2,pose2,0.174
circuit_836.jpg,5,Capacitor,1,2,0,0,ok,2,pose2,0.174
circuit_836.jpg,6,Capacitor,0,2,n2,n2,ok,2,pose2,0.1677
circuit_836.jpg,6,Capacitor,1,2,0,0,ok,2,pose2,0.1677
circuit_836.jpg,7,Capacitor,0,2,n6,n6,ok,2,pose2,0.1832
circuit_836.jpg,7,Capacitor,1,2,0,0,ok,2,pose2,0.1832
circuit_836.jpg,8,Inductor,0,2,n1,n1,ok,2,pose0,0.1225
circuit_836.jpg,8,Inductor,1,2,n6,n6,ok,2,pose0,0.1225
circuit_836.jpg,9,Capacitor,0,2,n4,n4,ok,2,pose2,0.1695
circuit_836.jpg,9,Capacitor,1,2,n5,n5,ok,2,pose2,0.1695
circuit_836.jpg,10,Inductor,0,2,n1,n1,ok,2,pose0,0.1236
circuit_836.jpg,10,Inductor,1,2,n3,n3,ok,2,pose0,0.1236
circuit_836.jpg,11,Inductor,0,2,n1,n1,ok,2,pose0,0.1255
circuit_836.jpg,11,Inductor,1,2,n2,n2,ok,2,pose0,0.1255
circuit_836.jpg,12,Inductor,0,2,n1,n1,ok,2,pose0,0.1331
circuit_836.jpg,12,Inductor,1,2,n4,n4,ok,2,pose0,0.1331
circuit_836.jpg,13,GND,0,1,0,0,ok,1,,
circuit_856.jpg,0,V-AC,0,2,n1,n1,ok,2,pose2,0.1188
circuit_856.jpg,0,V-AC,1,2,n4,n4,ok,2,pose2,0.1188
circuit_856.jpg,1,I-DC,0,2,n4,n7,swapped,2,pose6,0.1102
circuit_856.jpg,1,I-DC,1,2,n7,n4,swapped,2,pose6,0.1102
circuit_856.jpg,2,Zener Diode,0,2,n3,n3,ok,2,pose1,0.1875
circuit_856.jpg,2,Zener Diode,1,2,n5,n5,ok,2,pose1,0.1875
circuit_856.jpg,3,Inductor,0,2,n1,n1,ok,2,pose0,0.1214
circuit_856.jpg,3,Inductor,1,2,n2,n2,ok,2,pose0,0.1214
circuit_856.jpg,4,Zener Diode,0,2,n5,n5,ok,2,pose1,0.1796
circuit_856.jpg,4,Zener Diode,1,2,n8,n8,ok,2,pose1,0.1796
circuit_856.jpg,5,Diode,0,2,n2,n2,ok,2,pose0,0.1637
circuit_856.jpg,5,Diode,1,2,n5,n5,ok,2,pose0,0.1637
circuit_856.jpg,6,Diode,0,2,n5,n5,ok,2,pose0,0.1691
circuit_856.jpg,6,Diode,1,2,n9,n9,ok,2,pose0,0.1691
circuit_856.jpg,7,Diode,0,2,n3,n3,ok,2,pose0,0.1769
circuit_856.jpg,7,Diode,1,2,n6,n6,ok,2,pose0,0.1769
circuit_856.jpg,8,Zener Diode,0,2,n2,n4,swapped,2,pose4,0.1352
circuit_856.jpg,8,Zener Diode,1,2,n4,n2,swapped,2,pose4,0.1352
circuit_856.jpg,9,Inductor,0,2,n5,n5,ok,2,pose0,0.137
circuit_856.jpg,9,Inductor,1,2,n6,n6,ok,2,pose0,0.137
circuit_856.jpg,10,Inductor,0,2,n8,n8,ok,2,pose0,0.1346
circuit_856.jpg,10,Inductor,1,2,n9,n9,ok,2,pose0,0.1346
circuit_856.jpg,11,Diode,0,2,n6,n6,ok,2,pose0,0.1721
circuit_856.jpg,11,Diode,1,2,n9,n9,ok,2,pose0,0.1721
circuit_856.jpg,12,GND,0,1,0,0,ok,1,,
circuit_856.jpg,13,Capacitor,0,2,n4,n4,ok,2,pose2,0.1909
circuit_856.jpg,13,Capacitor,1,2,n5,n5,ok,2,pose2,0.1909
circuit_856.jpg,14,Diode,0,2,n4,n4,ok,2,pose0,0.1643
circuit_856.jpg,14,Diode,1,2,n8,n8,ok,2,pose0,0.1643
circuit_856.jpg,15,Capacitor,0,2,n2,n2,ok,2,pose2,0.2033
circuit_856.jpg,15,Capacitor,1,2,n3,n3,ok,2,pose2,0.2033
circuit_856.jpg,16,Resistor,0,2,n6,n6,ok,2,pose2,0.1297
circuit_856.jpg,16,Resistor,1,2,0,0,ok,2,pose2,0.1297
circuit_856.jpg,17,Capacitor,0,2,n7,n7,ok,2,pose2,0.195
circuit_856.jpg,17,Capacitor,1,2,n8,n8,ok,2,pose2,0.195
circuit_862.jpg,0,Capacitor,0,2,n1,n1,ok,2,pose0,0.1816
circuit_862.jpg,0,Capacitor,1,2,n2,n2,ok,2,pose0,0.1816
circuit_862.jpg,1,Inductor,0,2,n2,n2,ok,2,pose0,0.1281
circuit_862.jpg,1,Inductor,1,2,n3,n3,ok,2,pose0,0.1281
circuit_862.jpg,2,Resistor,0,2,n3,n3,ok,2,pose0,0.1243
circuit_862.jpg,2,Resistor,1,2,n4,n4,ok,2,pose0,0.1243
circuit_862.jpg,3,V-DC,0,2,n4,0,swapped,2,pose6,0.1177
circuit_862.jpg,3,V-DC,1,2,0,n4,swapped,2,pose6,0.1177
circuit_862.jpg,4,Resistor,0,2,n2,n2,ok,2,pose2,0.1215
circuit_862.jpg,4,Resistor,1,2,0,0,ok,2,pose2,0.1215
circuit_862.jpg,5,Resistor,0,2,n1,n1,ok,2,pose2,0.1268
circuit_862.jpg,5,Resistor,1,2,0,0,ok,2,pose2,0.1268
circuit_862.jpg,6,I-DC,0,2,n1,0,swapped,2,pose6,0.1124
circuit_862.jpg,6,I-DC,1,2,0,n1,swapped,2,pose6,0.1124
circuit_862.jpg,7,GND,0,1,0,0,ok,1,,
circuit_869.jpg,0,I-DC,0,2,n1,n1,ok,2,pose0,0.0931
circuit_869.jpg,0,I-DC,1,2,0,0,ok,2,pose0,0.0931
circuit_869.jpg,1,Capacitor,0,2,n3,n3,ok,2,pose0,0.1463
circuit_869.jpg,1,Capacitor,1,2,0,0,ok,2,pose0,0.1463
circuit_869.jpg,2,GND,0,1,0,0,ok,1,,
circuit_869.jpg,3,Resistor,0,2,n1,n1,ok,2,pose2,0.0998
circuit_869.jpg,3,Resistor,1,2,n2,n2,ok,2,pose2,0.0998
circuit_869.jpg,4,Inductor,0,2,n2,n2,ok,2,pose2,0.1021
circuit_869.jpg,4,Inductor,1,2,0,0,ok,2,pose2,0.1021
circuit_869.jpg,5,Resistor,0,2,n1,n1,ok,2,pose2,0.1047
circuit_869.jpg,5,Resistor,1,2,n3,n3,ok,2,pose2,0.1047
circuit_869.jpg,6,V-DC,0,2,n1,0,swapped,2,pose4,0.0877
circuit_869.jpg,6,V-DC,1,2,0,n1,swapped,2,pose4,0.0877
circuit_87.jpg,0,I-AC,0,2,n2,n2,ok,2,pose2,0.0977
circuit_87.jpg,0,I-AC,1,2,n3,n3,ok,2,pose2,0.0977
circuit_87.jpg,1,V-DC,0,2,n1,n2,swapped,2,pose4,0.1597
circuit_87.jpg,1,V-DC,1,2,n2,n1,swapped,2,pose4,0.1597
circuit_87.jpg,2,V-DC,0,2,n1,0,swapped,2,pose4,0.0968
circuit_87.jpg,2,V-DC,1,2,0,n1,swapped,2,pose4,0.0968
circuit_87.jpg,3,Capacitor,0,2,n1,n1,ok,2,pose0,0.1605
circuit_87.jpg,3,Capacitor,1,2,n5,n5,ok,2,pose0,0.1605
circuit_87.jpg,4,GND,0,1,0,0,ok,1,,
circuit_87.jpg,5,I-DC,0,2,0,n1,swapped,2,pose6,0.1006
circuit_87.jpg,5,I-DC,1,2,n1,0,swapped,2,pose6,0.1006
circuit_87.jpg,6,Capacitor,0,2,n1,n1,ok,2,pose0,0.1635
circuit_87.jpg,6,Capacitor,1,2,n2,n2,ok,2,pose0,0.1635
circuit_87.jpg,7,Capacitor,0,2,n1,n1,ok,2,pose0,0.1553
circuit_87.jpg,7,Capacitor,1,2,n3,n3,ok,2,pose0,0.1553
circuit_87.jpg,8,Capacitor,0,2,0,0,ok,2,pose0,0.1539
circuit_87.jpg,8,Capacitor,1,2,n4,n4,ok,2,pose0,0.1539
circuit_87.jpg,9,Inductor,0,2,n3,n3,ok,2,pose2,0.1239
circuit_87.jpg,9,Inductor,1,2,n6,n6,ok,2,pose2,0.1239
circuit_87.jpg,10,Inductor,0,2,n5,n5,ok,2,pose2,0.1165
circuit_87.jpg,10,Inductor,1,2,n6,n6,ok,2,pose2,0.1165
circuit_87.jpg,11,Inductor,0,2,n2,n2,ok,2,pose2,0.1247
circuit_87.jpg,11,Inductor,1,2,n6,n6,ok,2,pose2,0.1247
circuit_87.jpg,12,Inductor,0,2,n4,n4,ok,2,pose2,0.1192
circuit_87.jpg,12,Inductor,1,2,n6,n6,ok,2,pose2,0.1192
circuit_87.jpg,13,V-AC,0,2,n3,n3,ok,2,pose2,0.1016
circuit_87.jpg,13,V-AC,1,2,n6,n6,ok,2,pose2,0.1016
circuit_884.jpg,0,V-DC,0,2,n2,n2,ok,2,pose0,0.0936
circuit_884.jpg,0,V-DC,1,2,n3,n3,ok,2,pose0,0.0936
circuit_884.jpg,1,V-DC,0,2,n5,0,swapped,2,pose6,0.0881
circuit_884.jpg,1,V-DC,1,2,0,n5,swapped,2,pose6,0.0881
circuit_884.jpg,2,Resistor,0,2,n3,n3,ok,2,pose2,0.1048
circuit_884.jpg,2,Resistor,1,2,n9,n9,ok,2,pose2,0.1048
circuit_884.jpg,3,Resistor,0,2,n1,n1,ok,2,pose0,0.1084
circuit_884.jpg,3,Resistor,1,2,n2,n2,ok,2,pose0,0.1084
circuit_884.jpg,4,Resistor,0,2,n3,n3,ok,2,pose0,0.1055
circuit_884.jpg,4,Resistor,1,2,n4,n4,ok,2,pose0,0.1055
circuit_884.jpg,5,Capacitor,0,2,n8,n8,ok,2,pose0,0.1483
circuit_884.jpg,5,Capacitor,1,2,n9,n9,ok,2,pose0,0.1483
circuit_884.jpg,6,Resistor,0,2,n1,n1,ok,2,pose2,0.119
circuit_884.jpg,6,Resistor,1,2,n6,n6,ok,2,pose2,0.119
circuit_884.jpg,7,Resistor,0,2,n7,n7,ok,2,pose0,0.1066
circuit_884.jpg,7,Resistor,1,2,n8,n8,ok,2,pose0,0.1066
circuit_884.jpg,8,I-DC,0,2,n9,0,swapped,2,pose6,0.0891
circuit_884.jpg,8,I-DC,1,2,0,n9,swapped,2,pose6,0.0891
circuit_884.jpg,9,Inductor,0,2,n4,n4,ok,2,pose2,0.1016
circuit_884.jpg,9,Inductor,1,2,n5,n5,ok,2,pose2,0.1016
circuit_884.jpg,10,V-DC,0,2,n6,n7,swapped,2,pose6,0.0871
circuit_884.jpg,10,V-DC,1,2,n7,n6,swapped,2,pose6,0.0871
circuit_884.jpg,11,Resistor,0,2,n8,n8,ok,2,pose2,0.1095
circuit_884.jpg,11,Resistor,1,2,0,0,ok,2,pose2,0.1095
circuit_884.jpg,12,GND,0,1,0,0,ok,1,,
circuit_884.jpg,13,Resistor,0,2,n7,n7,ok,2,pose2,0.104
circuit_884.jpg,13,Resistor,1,2,0,0,ok,2,pose2,0.104
circuit_885.jpg,0,Resistor,0,2,n3,n3,ok,2,pose0,0.119
circuit_885.jpg,0,Resistor,1,2,n1,n1,ok,2,pose0,0.119
circuit_885.jpg,1,Capacitor,0,2,0,0,ok,2,pose0,0.1899
circuit_885.jpg,1,Capacitor,1,2,n1,n1,ok,2,pose0,0.1899
circuit_885.jpg,2,Resistor,0,2,n1,n1,ok,2,pose0,0.1176
circuit_885.jpg,2,Resistor,1,2,n2,n2,ok,2,pose0,0.1176
circuit_885.jpg,3,Inductor,0,2,0,0,ok,2,pose2,0.1157
circuit_885.jpg,3,Inductor,1,2,n2,n2,ok,2,pose2,0.1157
circuit_885.jpg,4,V-DC,0,2,0,n3,swapped,2,pose6,0.1065
circuit_885.jpg,4,V-DC,1,2,n3,0,swapped,2,pose6,0.1065
circuit_885.jpg,5,GND,0,1,0,0,ok,1,,
circuit_886.jpg,0,V-DC (one port),0,1,n9,n9,ok,1,any,0.3452
circuit_886.jpg,1,V-DC (one port),0,1,n8,n8,ok,1,any,0.335
circuit_886.jpg,2,BJT-PNP,0,3,0,0,ok,3,pose2,0.2211
circuit_886.jpg,2,BJT-PNP,1,3,n1,n2,swapped,3,pose2,0.2211
circuit_886.jpg,2,BJT-PNP,2,3,n2,n1,swapped,3,pose2,0.2211
circuit_886.jpg,3,BJT-NPN,0,3,n11,n11,ok,3,pose2,0.1313
circuit_886.jpg,3,BJT-NPN,1,3,n5,0,swapped,3,pose2,0.1313
circuit_886.jpg,3,BJT-NPN,2,3,0,n5,swapped,3,pose2,0.1313
circuit_886.jpg,4,BJT-NPN,0,3,n3,n4,swapped,3,pose6,0.1286
circuit_886.jpg,4,BJT-NPN,1,3,n4,0,swapped,3,pose6,0.1286
circuit_886.jpg,4,BJT-NPN,2,3,0,n3,swapped,3,pose6,0.1286
circuit_886.jpg,5,V-DC (one port),0,1,n1,n1,ok,1,any,0.3681
circuit_886.jpg,6,BJT-NPN,0,3,n5,n4,swapped,3,pose6,0.1277
circuit_886.jpg,6,BJT-NPN,1,3,n4,0,swapped,3,pose6,0.1277
circuit_886.jpg,6,BJT-NPN,2,3,0,n5,swapped,3,pose6,0.1277
circuit_886.jpg,7,BJT-NPN,0,3,n6,n2,swapped,3,pose6,0.1293
circuit_886.jpg,7,BJT-NPN,1,3,n2,n3,swapped,3,pose6,0.1293
circuit_886.jpg,7,BJT-NPN,2,3,n3,n6,swapped,3,pose6,0.1293
circuit_886.jpg,8,Resistor,0,2,0,0,ok,2,pose2,0.1215
circuit_886.jpg,8,Resistor,1,2,n1,n1,ok,2,pose2,0.1215
circuit_886.jpg,9,BJT-PNP,0,3,n12,n12,ok,3,pose2,0.228
circuit_886.jpg,9,BJT-PNP,1,3,n11,n13,swapped,3,pose2,0.228
circuit_886.jpg,9,BJT-PNP,2,3,n13,n11,swapped,3,pose2,0.228
circuit_886.jpg,10,BJT-NPN,0,3,n9,n10,swapped,3,pose6,0.1327
circuit_886.jpg,10,BJT-NPN,1,3,n10,n5,swapped,3,pose6,0.1327
circuit_886.jpg,10,BJT-NPN,2,3,n5,n9,swapped,3,pose6,0.1327
circuit_886.jpg,11,Diode,0,2,n14,n14,ok,2,pose0,0.1498
circuit_886.jpg,11,Diode,1,2,n15,n15,ok,2,pose0,0.1498
circuit_886.jpg,12,Resistor,0,2,n7,n7,ok,2,pose2,0.1136
circuit_886.jpg,12,Resistor,1,2,n8,n8,ok,2,pose2,0.1136
circuit_886.jpg,13,V-DC (one port),0,1,n13,n13,ok,1,any,0.372
circuit_886.jpg,14,GND,0,1,0,0,ok,1,,
circuit_886.jpg,15,Resistor,0,2,n9,n9,ok,2,pose0,0.1253
circuit_886.jpg,15,Resistor,1,2,n13,n13,ok,2,pose0,0.1253
circuit_886.jpg,16,Resistor,0,2,0,0,ok,2,pose2,0.1198
circuit_886.jpg,16,Resistor,1,2,n10,n10,ok,2,pose2,0.1198
circuit_886.jpg,17,Diode,0,2,n11,n11,ok,2,pose0,0.1509
circuit_886.jpg,17,Diode,1,2,n14,n14,ok,2,pose0,0.1509
circuit_886.jpg,18,BJT-NPN,0,3,n13,n12,swapped,3,pose6,0.1415
circuit_886.jpg,18,BJT-NPN,1,3,n12,0,swapped,3,pose6,0.1415
circuit_886.jpg,18,BJT-NPN,2,3,0,n13,swapped,3,pose6,0.1415
circuit_886.jpg,19,V-DC (one port),0,1,n10,n10,ok,1,any,0.3206
circuit_886.jpg,20,Resistor,0,2,n6,n6,ok,2,pose2,0.1213
circuit_886.jpg,20,Resistor,1,2,n7,n7,ok,2,pose2,0.1213
circuit_886.jpg,21,V-DC (one port),0,1,n7,n7,ok,1,any,0.3245
circuit_886.jpg,22,Resistor,0,2,n6,n6,ok,2,pose0,0.1199
circuit_886.jpg,22,Resistor,1,2,n9,n9,ok,2,pose0,0.1199
circuit_886.jpg,23,BJT-NPN,0,3,n8,n15,swapped,3,pose6,0.1191
circuit_886.jpg,23,BJT-NPN,1,3,n15,n13,swapped,3,pose6,0.1191
circuit_886.jpg,23,BJT-NPN,2,3,n13,n8,swapped,3,pose6,0.1191
circuit_895.jpg,0,Resistor,0,2,n3,n3,ok,2,pose0,0.1169
circuit_895.jpg,0,Resistor,1,2,n4,n4,ok,2,pose0,0.1169
circuit_895.jpg,1,Diode,0,2,n6,n6,ok,2,pose0,0.1575
circuit_895.jpg,1,Diode,1,2,n7,n7,ok,2,pose0,0.1575
circuit_895.jpg,2,Diode,0,2,n7,n7,ok,2,pose0,0.1614
circuit_895.jpg,2,Diode,1,2,n8,n8,ok,2,pose0,0.1614
circuit_895.jpg,3,Resistor,0,2,n4,n4,ok,2,pose0,0.1239
circuit_895.jpg,3,Resistor,1,2,n5,n5,ok,2,pose0,0.1239
circuit_895.jpg,4,GND,0,1,0,0,ok,1,,
circuit_895.jpg,5,BJT-NPN,0,3,n5,n10,swapped,3,pose6,0.1461
circuit_895.jpg,5,BJT-NPN,1,3,n10,0,swapped,3,pose6,0.1461
circuit_895.jpg,5,BJT-NPN,2,3,0,n5,swapped,3,pose6,0.1461
circuit_895.jpg,6,BJT-NPN,0,3,n8,n8,ok,3,pose2,0.1389
circuit_895.jpg,6,BJT-NPN,1,3,n9,0,swapped,3,pose2,0.1389
circuit_895.jpg,6,BJT-NPN,2,3,0,n9,swapped,3,pose2,0.1389
circuit_895.jpg,7,BJT-PNP,0,3,n9,n9,ok,3,pose2,0.2616
circuit_895.jpg,7,BJT-PNP,1,3,n14,n4,swapped,3,pose2,0.2616
circuit_895.jpg,7,BJT-PNP,2,3,n4,n14,swapped,3,pose2,0.2616
circuit_895.jpg,8,BJT-PNP,0,3,0,0,ok,3,pose2,0.2291
circuit_895.jpg,8,BJT-PNP,1,3,n11,n12,swapped,3,pose2,0.2291
circuit_895.jpg,8,BJT-PNP,2,3,n12,n11,swapped,3,pose2,0.2291
circuit_895.jpg,9,Resistor,0,2,n11,n11,ok,2,pose2,0.1286
circuit_895.jpg,9,Resistor,1,2,0,0,ok,2,pose2,0.1286
circuit_895.jpg,10,BJT-NPN,0,3,n5,n8,swapped,3,pose6,0.1645
circuit_895.jpg,10,BJT-NPN,1,3,n8,n10,swapped,3,pose6,0.1645
circuit_895.jpg,10,BJT-NPN,2,3,n10,n5,swapped,3,pose6,0.1645
circuit_895.jpg,11,Resistor,0,2,n14,n14,ok,2,pose2,0.1329
circuit_895.jpg,11,Resistor,1,2,0,0,ok,2,pose2,0.1329
circuit_895.jpg,12,BJT-PNP,0,3,n13,n13,ok,3,pose2,0.2233
circuit_895.jpg,12,BJT-PNP,1,3,n12,n3,swapped,3,pose2,0.2233
circuit_895.jpg,12,BJT-PNP,2,3,n3,n12,swapped,3,pose2,0.2233
circuit_895.jpg,13,Resistor,0,2,n1,n1,ok,2,pose2,0.1387
circuit_895.jpg,13,Resistor,1,2,n2,n2,ok,2,pose2,0.1387
circuit_895.jpg,14,BJT-NPN,0,3,n1,n6,swapped,3,pose6,0.1587
circuit_895.jpg,14,BJT-NPN,1,3,n6,n5,swapped,3,pose6,0.1587
circuit_895.jpg,14,BJT-NPN,2,3,n5,n1,swapped,3,pose6,0.1587
circuit_895.jpg,15,BJT-NPN,0,3,n13,n15,swapped,3,pose6,0.137
circuit_895.jpg,15,BJT-NPN,1,3,n15,0,swapped,3,pose6,0.137
circuit_895.jpg,15,BJT-NPN,2,3,0,n13,swapped,3,pose6,0.137
circuit_895.jpg,16,Resistor,0,2,n2,n2,ok,2,pose2,0.1347
circuit_895.jpg,16,Resistor,1,2,n3,n3,ok,2,pose2,0.1347
circuit_895.jpg,17,BJT-NPN,0,3,n9,n15,swapped,3,pose6,0.1392
circuit_895.jpg,17,BJT-NPN,1,3,n15,0,swapped,3,pose6,0.1392
circuit_895.jpg,17,BJT-NPN,2,3,0,n9,swapped,3,pose6,0.1392
circuit_895.jpg,18,V-DC (one port),0,1,n1,n1,ok,1,any,0.4038
circuit_895.jpg,19,V-DC (one port),0,1,n4,n4,ok,1,any,0.3858
circuit_895.jpg,20,V-DC (one port),0,1,n11,n11,ok,1,any,0.3977
circuit_895.jpg,21,V-DC (one port),0,1,n5,n5,ok,1,any,0.3843
circuit_895.jpg,22,V-DC (one port),0,1,n14,n14,ok,1,any,0.4021
circuit_895.jpg,23,V-DC (one port),0,1,n2,n2,ok,1,any,0.4032
circuit_897.jpg,0,Resistor,0,2,n1,n1,ok,2,pose0,0.1185
circuit_897.jpg,0,Resistor,1,2,n2,n2,ok,2,pose0,0.1185
circuit_897.jpg,1,Inductor,0,2,n2,n2,ok,2,pose0,0.1187
circuit_897.jpg,1,Inductor,1,2,n3,n3,ok,2,pose0,0.1187
circuit_897.jpg,2,I-AC,0,2,n1,n1,ok,2,pose0,0.1021
circuit_897.jpg,2,I-AC,1,2,0,0,ok,2,pose0,0.1021
circuit_897.jpg,3,Capacitor,0,2,n3,n3,ok,2,pose0,0.1645
circuit_897.jpg,3,Capacitor,1,2,n4,n4,ok,2,pose0,0.1645
circuit_897.jpg,4,Resistor,0,2,n4,n4,ok,2,pose2,0.1166
circuit_897.jpg,4,Resistor,1,2,0,0,ok,2,pose2,0.1166
circuit_897.jpg,5,GND,0,1,0,0,ok,1,,
circuit_897.jpg,6,Resistor,0,2,n3,n3,ok,2,pose2,0.1214
circuit_897.jpg,6,Resistor,1,2,n5,n5,ok,2,pose2,0.1214
circuit_897.jpg,7,Inductor,0,2,n5,n5,ok,2,pose2,0.115
circuit_897.jpg,7,Inductor,1,2,0,0,ok,2,pose2,0.115
circuit_9.jpg,0,I-DC,0,2,n3,n4,swapped,2,pose4,0.0957
circuit_9.jpg,0,I-DC,1,2,n4,n3,swapped,2,pose4,0.0957
circuit_9.jpg,1,I-DC,0,2,n1,n1,ok,2,pose0,0.0953
circuit_9.jpg,1,I-DC,1,2,n5,n5,ok,2,pose0,0.0953
circuit_9.jpg,2,Inductor,0,2,n2,n2,ok,2,pose0,0.1161
circuit_9.jpg,2,Inductor,1,2,n3,n3,ok,2,pose0,0.1161
circuit_9.jpg,3,Capacitor,0,2,n4,n4,ok,2,pose0,0.1562
circuit_9.jpg,3,Capacitor,1,2,0,0,ok,2,pose0,0.1562
circuit_9.jpg,4,Capacitor,0,2,n6,n6,ok,2,pose0,0.1502
circuit_9.jpg,4,Capacitor,1,2,0,0,ok,2,pose0,0.1502
circuit_9.jpg,5,Resistor,0,2,n1,n1,ok,2,pose0,0.1149
circuit_9.jpg,5,Resistor,1,2,n2,n2,ok,2,pose0,0.1149
circuit_9.jpg,6,V-DC,0,2,n1,0,swapped,2,pose4,0.0892
circuit_9.jpg,6,V-DC,1,2,0,n1,swapped,2,pose4,0.0892
circuit_9.jpg,7,GND,0,1,0,0,ok,1,,
circuit_9.jpg,8,Resistor,0,2,n5,n5,ok,2,pose0,0.1106
circuit_9.jpg,8,Resistor,1,2,n6,n6,ok,2,pose0,0.1106
circuit_901.jpg,0,GND,0,1,0,0,ok,1,,
circuit_901.jpg,1,Capacitor,0,2,n2,n2,ok,2,pose0,0.154
circuit_901.jpg,1,Capacitor,1,2,n4,n4,ok,2,pose0,0.154
circuit_901.jpg,2,Capacitor,0,2,n3,n3,ok,2,pose0,0.1541
circuit_901.jpg,2,Capacitor,1,2,n4,n4,ok,2,pose0,0.1541
circuit_901.jpg,3,Capacitor,0,2,n5,n5,ok,2,pose0,0.1641
circuit_901.jpg,3,Capacitor,1,2,0,0,ok,2,pose0,0.1641
circuit_901.jpg,4,Capacitor,0,2,n6,n6,ok,2,pose0,0.1674
circuit_901.jpg,4,Capacitor,1,2,n4,n4,ok,2,pose0,0.1674
circuit_901.jpg,5,Inductor,0,2,n1,n1,ok,2,pose2,0.1221
circuit_901.jpg,5,Inductor,1,2,n2,n2,ok,2,pose2,0.1221
circuit_901.jpg,6,Inductor,0,2,n1,n1,ok,2,pose2,0.1264
circuit_901.jpg,6,Inductor,1,2,n3,n3,ok,2,pose2,0.1264
circuit_901.jpg,7,Inductor,0,2,n1,n1,ok,2,pose2,0.1344
circuit_901.jpg,7,Inductor,1,2,n5,n5,ok,2,pose2,0.1344
circuit_901.jpg,8,Inductor,0,2,n1,n1,ok,2,pose2,0.1287
circuit_901.jpg,8,Inductor,1,2,n6,n6,ok,2,pose2,0.1287
circuit_901.jpg,9,V-AC,0,2,n1,n1,ok,2,pose2,0.1061
circuit_901.jpg,9,V-AC,1,2,n2,n2,ok,2,pose2,0.1061
circuit_901.jpg,10,I-AC,0,2,n2,n2,ok,2,pose2,0.0975
circuit_901.jpg,10,I-AC,1,2,n3,n3,ok,2,pose2,0.0975
circuit_901.jpg,11,V-DC,0,2,n3,n4,swapped,2,pose6,0.0975
circuit_901.jpg,11,V-DC,1,2,n4,n3,swapped,2,pose6,0.0975
circuit_901.jpg,12,I-DC,0,2,n4,0,swapped,2,pose6,0.1007
circuit_901.jpg,12,I-DC,1,2,0,n4,swapped,2,pose6,0.1007
circuit_901.jpg,13,V-DC,0,2,0,n4,swapped,2,pose6,0.1086
circuit_901.jpg,13,V-DC,1,2,n4,0,swapped,2,pose6,0.1086
circuit_910.jpg,0,Inductor,0,2,n3,n3,ok,2,pose2,0.1096
circuit_910.jpg,0,Inductor,1,2,n4,n4,ok,2,pose2,0.1096
circuit_910.jpg,1,Inductor,0,2,n2,n2,ok,2,pose2,0.1107
circuit_910.jpg,1,Inductor,1,2,n4,n4,ok,2,pose2,0.1107
circuit_910.jpg,2,Inductor,0,2,n6,n6,ok,2,pose2,0.1087
circuit_910.jpg,2,Inductor,1,2,n4,n4,ok,2,pose2,0.1087
circuit_910.jpg,3,Inductor,0,2,n5,n5,ok,2,pose2,0.107
circuit_910.jpg,3,Inductor,1,2,n4,n4,ok,2,pose2,0.107
circuit_910.jpg,4,Capacitor,0,2,n1,n1,ok,2,pose0,0.1549
circuit_910.jpg,4,Capacitor,1,2,n5,n5,ok,2,pose0,0.1549
circuit_910.jpg,5,Capacitor,0,2,0,0,ok,2,pose0,0.1589
circuit_910.jpg,5,Capacitor,1,2,n6,n6,ok,2,pose0,0.1589
circuit_910.jpg,6,Capacitor,0,2,n1,n1,ok,2,pose0,0.1617
circuit_910.jpg,6,Capacitor,1,2,n2,n2,ok,2,pose0,0.1617
circuit_910.jpg,7,Capacitor,0,2,n1,n1,ok,2,pose0,0.1529
circuit_910.jpg,7,Capacitor,1,2,n3,n3,ok,2,pose0,0.1529
circuit_910.jpg,8,GND,0,1,0,0,ok,1,,
circuit_910.jpg,9,V-DC,0,2,n1,0,swapped,2,pose6,0.096
circuit_910.jpg,9,V-DC,1,2,0,n1,swapped,2,pose6,0.096
circuit_910.jpg,10,I-DC,0,2,0,n1,swapped,2,pose6,0.0947
circuit_910.jpg,10,I-DC,1,2,n1,0,swapped,2,pose6,0.0947
circuit_910.jpg,11,V-DC,0,2,n1,n2,swapped,2,pose6,0.0999
circuit_910.jpg,11,V-DC,1,2,n2,n1,swapped,2,pose6,0.0999
circuit_910.jpg,12,I-AC,0,2,n2,n2,ok,2,pose2,0.1031
circuit_910.jpg,12,I-AC,1,2,n3,n3,ok,2,pose2,0.1031
circuit_910.jpg,13,V-AC,0,2,n3,n3,ok,2,pose2,0.1088
circuit_910.jpg,13,V-AC,1,2,n4,n4,ok,2,pose2,0.1088
circuit_925.jpg,0,V-AC,0,2,n1,n1,ok,2,pose0,0.0905
circuit_925.jpg,0,V-AC,1,2,0,0,ok,2,pose0,0.0905
circuit_925.jpg,1,Inductor,0,2,n2,n2,ok,2,pose2,0.1058
circuit_925.jpg,1,Inductor,1,2,0,0,ok,2,pose2,0.1058
circuit_925.jpg,2,Capacitor,0,2,n2,n2,ok,2,pose0,0.1603
circuit_925.jpg,2,Capacitor,1,2,0,0,ok,2,pose0,0.1603
circuit_925.jpg,3,Resistor,0,2,n1,n1,ok,2,pose0,0.1114
circuit_925.jpg,3,Resistor,1,2,n2,n2,ok,2,pose0,0.1114
circuit_925.jpg,4,GND,0,1,0,0,ok,1,,
circuit_925.jpg,5,I-AC,0,2,n2,n2,ok,2,pose0,0.0929
circuit_925.jpg,5,I-AC,1,2,n3,n3,ok,2,pose0,0.0929
circuit_925.jpg,6,Resistor,0,2,n3,n3,ok,2,pose2,0.1102
circuit_925.jpg,6,Resistor,1,2,0,0,ok,2,pose2,0.1102
circuit_926.jpg,0,V-AC,0,2,n1,n1,ok,2,pose0,0.0948
circuit_926.jpg,0,V-AC,1,2,0,0,ok,2,pose0,0.0948
circuit_926.jpg,1,I-AC,0,2,n2,n2,ok,2,pose0,0.093
circuit_926.jpg,1,I-AC,1,2,n4,n4,ok,2,pose0,0.093
circuit_926.jpg,2,Resistor,0,2,n1,n1,ok,2,pose0,0.1148
circuit_926.jpg,2,Resistor,1,2,n2,n2,ok,2,pose0,0.1148
circuit_926.jpg,3,Resistor,0,2,n2,n2,ok,2,pose2,0.1158
circuit_926.jpg,3,Resistor,1,2,n3,n3,ok,2,pose2,0.1158
circuit_926.jpg,4,Inductor,0,2,n3,n3,ok,2,pose2,0.1134
circuit_926.jpg,4,Inductor,1,2,0,0,ok,2,pose2,0.1134
circuit_926.jpg,5,GND,0,1,0,0,ok,1,,
circuit_926.jpg,6,Capacitor,0,2,n4,n4,ok,2,pose0,0.1421
circuit_926.jpg,6,Capacitor,1,2,0,0,ok,2,pose0,0.1421
circuit_931.jpg,0,Inductor,0,2,n1,n1,ok,2,pose0,0.1224
circuit_931.jpg,0,Inductor,1,2,n2,n2,ok,2,pose0,0.1224
circuit_931.jpg,1,Inductor,0,2,n1,n1,ok,2,pose0,0.1299
circuit_931.jpg,1,Inductor,1,2,n3,n3,ok,2,pose0,0.1299
circuit_931.jpg,2,Capacitor,0,2,n3,n3,ok,2,pose2,0.1691
circuit_931.jpg,2,Capacitor,1,2,0,0,ok,2,pose2,0.1691
circuit_931.jpg,3,Capacitor,0,2,n2,n2,ok,2,pose2,0.1728
circuit_931.jpg,3,Capacitor,1,2,0,0,ok,2,pose2,0.1728
circuit_931.jpg,4,Capacitor,0,2,n5,n5,ok,2,pose2,0.1967
circuit_931.jpg,4,Capacitor,1,2,n4,n4,ok,2,pose2,0.1967
circuit_931.jpg,5,Inductor,0,2,n6,n6,ok,2,pose0,0.1255
circuit_931.jpg,5,Inductor,1,2,n4,n4,ok,2,pose0,0.1255
circuit_931.jpg,6,Inductor,0,2,n1,n1,ok,2,pose0,0.1237
circuit_931.jpg,6,Inductor,1,2,n6,n6,ok,2,pose0,0.1237
circuit_931.jpg,7,V-DC,0,2,n3,n3,ok,2,pose0,0.1139
circuit_931.jpg,7,V-DC,1,2,0,0,ok,2,pose0,0.1139
circuit_931.jpg,8,I-AC,0,2,n2,n2,ok,2,pose0,0.1142
circuit_931.jpg,8,I-AC,1,2,n3,n3,ok,2,pose0,0.1142
circuit_931.jpg,9,I-DC,0,2,0,0,ok,2,pose0,0.1146
circuit_931.jpg,9,I-DC,1,2,n4,n4,ok,2,pose0,0.1146
circuit_931.jpg,10,V-DC,0,2,n4,n4,ok,2,pose0,0.1202
circuit_931.jpg,10,V-DC,1,2,0,0,ok,2,pose0,0.1202
circuit_931.jpg,11,V-AC,0,2,n1,n1,ok,2,pose0,0.1176
circuit_931.jpg,11,V-AC,1,2,n2,n2,ok,2,pose0,0.1176
circuit_931.jpg,12,GND,0,1,0,0,ok,1,,
circuit_931.jpg,13,Inductor,0,2,n1,n1,ok,2,pose0,0.1956
circuit_931.jpg,13,Inductor,1,2,n5,n5,ok,2,pose0,0.1956
circuit_932.jpg,0,MOSFET-N,0,3,n1,n1,ok,2,pose4,0.1481
circuit_932.jpg,0,MOSFET-N,1,3,n1,n11,swapped,2,pose4,0.1481
circuit_932.jpg,0,MOSFET-N,2,3,n11,n1,swapped,2,pose4,0.1481
circuit_932.jpg,1,MOSFET-N,0,3,n1,n2,swapped,3,pose4,0.1443
circuit_932.jpg,1,MOSFET-N,1,3,n2,n3,swapped,3,pose4,0.1443
circuit_932.jpg,1,MOSFET-N,2,3,n3,n1,swapped,3,pose4,0.1443
circuit_932.jpg,2,MOSFET-N,0,3,n1,n1,ok,2,pose0,0.1354
circuit_932.jpg,2,MOSFET-N,1,3,n1,n5,swapped,2,pose0,0.1354
circuit_932.jpg,2,MOSFET-N,2,3,n5,n1,swapped,2,pose0,0.1354
circuit_932.jpg,3,MOSFET-N,0,3,n11,n8,swapped,3,pose4,0.1413
circuit_932.jpg,3,MOSFET-N,1,3,n8,n12,swapped,3,pose4,0.1413
circuit_932.jpg,3,MOSFET-N,2,3,n12,n11,swapped,3,pose4,0.1413
circuit_932.jpg,4,Op-Amp,0,3,n5,n4,swapped,3,pose7,0.1919
circuit_932.jpg,4,Op-Amp,1,3,n6,n5,swapped,3,pose7,0.1919
circuit_932.jpg,4,Op-Amp,2,3,n4,n6,swapped,3,pose7,0.1919
circuit_932.jpg,5,MOSFET-N,0,3,n6,n8,swapped,3,pose4,0.1547
circuit_932.jpg,5,MOSFET-N,1,3,n8,n7,swapped,3,pose4,0.1547
circuit_932.jpg,5,MOSFET-N,2,3,n7,n6,swapped,3,pose4,0.1547
circuit_932.jpg,6,MOSFET-P,0,3,n3,n3,ok,3,pose0,0.2429
circuit_932.jpg,6,MOSFET-P,1,3,n13,n7,swapped,3,pose0,0.2429
circuit_932.jpg,6,MOSFET-P,2,3,n7,n13,swapped,3,pose0,0.2429
circuit_932.jpg,7,MOSFET-N,0,3,n12,n10,swapped,3,pose4,0.1401
circuit_932.jpg,7,MOSFET-N,1,3,n10,0,swapped,3,pose4,0.1401
circuit_932.jpg,7,MOSFET-N,2,3,0,n12,swapped,3,pose4,0.1401
circuit_932.jpg,8,MOSFET-P,0,3,n7,n7,ok,3,pose2,0.244
circuit_932.jpg,8,MOSFET-P,1,3,n9,n9,ok,3,pose2,0.244
circuit_932.jpg,8,MOSFET-P,2,3,0,0,ok,3,pose2,0.244
circuit_932.jpg,9,V-AC,0,2,n13,n13,ok,2,pose0,0.105
circuit_932.jpg,9,V-AC,1,2,0,0,ok,2,pose0,0.105
circuit_932.jpg,10,V-DC,0,2,n8,n8,ok,2,pose0,0.1103
circuit_932.jpg,10,V-DC,1,2,0,0,ok,2,pose0,0.1103
circuit_932.jpg,11,GND,0,1,0,0,ok,1,,
circuit_932.jpg,12,GND,0,1,0,0,ok,1,,
circuit_932.jpg,13,GND,0,1,0,0,ok,1,,
circuit_932.jpg,14,Inductor,0,2,n9,n9,ok,2,pose2,0.1164
circuit_932.jpg,14,Inductor,1,2,n10,n10,ok,2,pose2,0.1164
circuit_932.jpg,15,Zener Diode,0,2,n1,n2,swapped,2,pose4,0.1351
circuit_932.jpg,15,Zener Diode,1,2,n2,n1,swapped,2,pose4,0.1351
circuit_932.jpg,16,V-DC (one port),0,1,n1,n1,ok,1,any,0.3246
circuit_932.jpg,17,Inductor,0,2,n3,n3,ok,2,pose2,0.1219
circuit_932.jpg,17,Inductor,1,2,n4,n4,ok,2,pose2,0.1219
circuit_937.jpg,0,Diode,0,2,n12,n12,ok,2,pose0,0.1514
circuit_937.jpg,0,Diode,1,2,n13,n13,ok,2,pose0,0.1514
circuit_937.jpg,1,Diode,0,2,n11,n11,ok,2,pose0,0.1505
circuit_937.jpg,1,Diode,1,2,n12,n12,ok,2,pose0,0.1505
circuit_937.jpg,2,BJT-PNP,0,3,n9,n9,ok,3,pose2,0.1338
circuit_937.jpg,2,BJT-PNP,1,3,n10,n7,swapped,3,pose2,0.1338
circuit_937.jpg,2,BJT-PNP,2,3,n7,n10,swapped,3,pose2,0.1338
circuit_937.jpg,3,BJT-PNP,0,3,0,0,ok,3,pose2,0.2413
circuit_937.jpg,3,BJT-PNP,1,3,n1,n2,swapped,3,pose2,0.2413
circuit_937.jpg,3,BJT-PNP,2,3,n2,n1,swapped,3,pose2,0.2413
circuit_937.jpg,4,BJT-NPN,0,3,n6,n13,swapped,3,pose6,0.1353
circuit_937.jpg,4,BJT-NPN,1,3,n13,n14,swapped,3,pose6,0.1353
circuit_937.jpg,4,BJT-NPN,2,3,n14,n6,swapped,3,pose6,0.1353
circuit_937.jpg,5,Resistor,0,2,n4,n4,ok,2,pose0,0.1148
circuit_937.jpg,5,Resistor,1,2,n7,n7,ok,2,pose0,0.1148
circuit_937.jpg,6,BJT-PNP,0,3,n15,n15,ok,3,pose2,0.2412
circuit_937.jpg,6,BJT-PNP,1,3,n11,n14,swapped,3,pose2,0.2412
circuit_937.jpg,6,BJT-PNP,2,3,n14,n11,swapped,3,pose2,0.2412
circuit_937.jpg,7,BJT-PNP,0,3,n3,n3,ok,3,pose2,0.2389
circuit_937.jpg,7,BJT-PNP,1,3,n2,n4,swapped,3,pose2,0.2389
circuit_937.jpg,7,BJT-PNP,2,3,n4,n2,swapped,3,pose2,0.2389
circuit_937.jpg,8,BJT-NPN,0,3,n14,n15,swapped,3,pose6,0.1394
circuit_937.jpg,8,BJT-NPN,1,3,n15,0,swapped,3,pose6,0.1394
circuit_937.jpg,8,BJT-NPN,2,3,0,n14,swapped,3,pose6,0.1394
circuit_937.jpg,9,Resistor,0,2,n7,n7,ok,2,pose0,0.1157
circuit_937.jpg,9,Resistor,1,2,n14,n14,ok,2,pose0,0.1157
circuit_937.jpg,10,Resistor,0,2,n5,n5,ok,2,pose2,0.1442
circuit_937.jpg,10,Resistor,1,2,n6,n6,ok,2,pose2,0.1442
circuit_937.jpg,11,BJT-NPN,0,3,n11,n9,swapped,3,pose6,0.1422
circuit_937.jpg,11,BJT-NPN,1,3,n9,0,swapped,3,pose6,0.1422
circuit_937.jpg,11,BJT-NPN,2,3,0,n11,swapped,3,pose6,0.1422
circuit_937.jpg,12,BJT-NPN,0,3,n3,n8,swapped,3,pose6,0.1487
circuit_937.jpg,12,BJT-NPN,1,3,n8,0,swapped,3,pose6,0.1487
circuit_937.jpg,12,BJT-NPN,2,3,0,n3,swapped,3,pose6,0.1487
circuit_937.jpg,13,Resistor,0,2,0,0,ok,2,pose2,0.1205
circuit_937.jpg,13,Resistor,1,2,n1,n1,ok,2,pose2,0.1205
circuit_937.jpg,14,GND,0,1,0,0,ok,1,,
circuit_937.jpg,15,BJT-NPN,0,3,n9,n8,swapped,3,pose6,0.1373
circuit_937.jpg,15,BJT-NPN,1,3,n8,0,swapped,3,pose6,0.1373
circuit_937.jpg,15,BJT-NPN,2,3,0,n9,swapped,3,pose6,0.1373
circuit_937.jpg,16,Resistor,0,2,n4,n4,ok,2,pose2,0.125
circuit_937.jpg,16,Resistor,1,2,n5,n5,ok,2,pose2,0.125
circuit_937.jpg,17,Resistor,0,2,0,0,ok,2,pose2,0.1336
circuit_937.jpg,17,Resistor,1,2,n10,n10,ok,2,pose2,0.1336
circuit_937.jpg,18,V-DC (one port),0,1,n5,n5,ok,1,any,0.3622
circuit_937.jpg,19,V-DC (one port),0,1,n1,n1,ok,1,any,0.3758
circuit_937.jpg,20,V-DC (one port),0,1,n6,n6,ok,1,any,0.3678
circuit_937.jpg,21,V-DC (one port),0,1,n7,n7,ok,1,any,0.3694
circuit_937.jpg,22,V-DC (one port),0,1,n14,n14,ok,1,any,0.3762
circuit_937.jpg,23,V-DC (one port),0,1,n10,n10,ok,1,any,0.3518
circuit_953.jpg,0,Diode,0,2,n13,n13,ok,2,pose0,0.1784
circuit_953.jpg,0,Diode,1,2,n14,n14,ok,2,pose0,0.1784
circuit_953.jpg,1,Diode,0,2,n14,n14,ok,2,pose0,0.1764
circuit_953.jpg,1,Diode,1,2,n15,n15,ok,2,pose0,0.1764
circuit_953.jpg,2,BJT-PNP,0,3,n9,n9,ok,3,pose2,0.2187
circuit_953.jpg,2,BJT-PNP,1,3,n7,n3,swapped,3,pose2,0.2187
circuit_953.jpg,2,BJT-PNP,2,3,n3,n7,swapped,3,pose2,0.2187
circuit_953.jpg,3,BJT-NPN,0,3,n5,n16,swapped,3,pose6,0.1337
circuit_953.jpg,3,BJT-NPN,1,3,n16,0,swapped,3,pose6,0.1337
circuit_953.jpg,3,BJT-NPN,2,3,0,n5,swapped,3,pose6,0.1337
circuit_953.jpg,4,BJT-PNP,0,3,n16,n16,ok,3,pose2,0.214
circuit_953.jpg,4,BJT-PNP,1,3,n15,n5,swapped,3,pose2,0.214
circuit_953.jpg,4,BJT-PNP,2,3,n5,n15,swapped,3,pose2,0.214
circuit_953.jpg,5,BJT-PNP,0,3,n8,n8,ok,3,pose2,0.2067
circuit_953.jpg,5,BJT-PNP,1,3,n6,n7,swapped,3,pose2,0.2067
circuit_953.jpg,5,BJT-PNP,2,3,n7,n6,swapped,3,pose2,0.2067
circuit_953.jpg,6,GND,0,1,0,0,ok,1,,
circuit_953.jpg,7,Resistor,0,2,n3,n3,ok,2,pose0,0.1423
circuit_953.jpg,7,Resistor,1,2,n4,n4,ok,2,pose0,0.1423
circuit_953.jpg,8,BJT-NPN,0,3,n9,n10,swapped,3,pose6,0.1335
circuit_953.jpg,8,BJT-NPN,1,3,n10,0,swapped,3,pose6,0.1335
circuit_953.jpg,8,BJT-NPN,2,3,0,n9,swapped,3,pose6,0.1335
circuit_953.jpg,9,BJT-NPN,0,3,n11,n10,swapped,3,pose6,0.1397
circuit_953.jpg,9,BJT-NPN,1,3,n10,0,swapped,3,pose6,0.1397
circuit_953.jpg,9,BJT-NPN,2,3,0,n11,swapped,3,pose6,0.1397
circuit_953.jpg,10,Resistor,0,2,n12,n12,ok,2,pose2,0.1288
circuit_953.jpg,10,Resistor,1,2,0,0,ok,2,pose2,0.1288
circuit_953.jpg,11,BJT-NPN,0,3,n15,n11,swapped,3,pose6,0.1412
circuit_953.jpg,11,BJT-NPN,1,3,n11,0,swapped,3,pose6,0.1412
circuit_953.jpg,11,BJT-NPN,2,3,0,n15,swapped,3,pose6,0.1412
circuit_953.jpg,12,Resistor,0,2,n2,n2,ok,2,pose2,0.1373
circuit_953.jpg,12,Resistor,1,2,n3,n3,ok,2,pose2,0.1373
circuit_953.jpg,13,Resistor,0,2,n6,n6,ok,2,pose2,0.1575
circuit_953.jpg,13,Resistor,1,2,0,0,ok,2,pose2,0.1575
circuit_953.jpg,14,BJT-NPN,0,3,n1,n13,swapped,3,pose6,0.1456
circuit_953.jpg,14,BJT-NPN,1,3,n13,n5,swapped,3,pose6,0.1456
circuit_953.jpg,14,BJT-NPN,2,3,n5,n1,swapped,3,pose6,0.1456
circuit_953.jpg,15,Resistor,0,2,n4,n4,ok,2,pose0,0.1272
circuit_953.jpg,15,Resistor,1,2,n5,n5,ok,2,pose0,0.1272
circuit_953.jpg,16,V-DC (one port),0,1,n6,n6,ok,1,any,0.3868
circuit_953.jpg,17,Resistor,0,2,n1,n1,ok,2,pose2,0.1443
circuit_953.jpg,17,Resistor,1,2,n2,n2,ok,2,pose2,0.1443
circuit_953.jpg,18,BJT-PNP,0,3,n11,n11,ok,3,pose2,0.2144
circuit_953.jpg,18,BJT-PNP,1,3,n12,n4,swapped,3,pose2,0.2144
circuit_953.jpg,18,BJT-PNP,2,3,n4,n12,swapped,3,pose2,0.2144
circuit_953.jpg,19,V-DC (one port),0,1,n1,n1,ok,1,any,0.3887
circuit_953.jpg,20,V-DC (one port),0,1,n4,n4,ok,1,any,0.3881
circuit_953.jpg,21,BJT-NPN,0,3,n8,0,swapped,2,pose6,0.1435
circuit_953.jpg,21,BJT-NPN,1,3,0,0,ok,2,pose6,0.1435
circuit_953.jpg,21,BJT-NPN,2,3,0,n8,swapped,2,pose6,0.1435
circuit_953.jpg,22,V-DC (one port),0,1,n5,n5,ok,1,any,0.4181
circuit_953.jpg,23,V-DC (one port),0,1,n2,n2,ok,1,any,0.4043
circuit_953.jpg,24,V-DC (one port),0,1,n12,n12,ok,1,any,0.3711
circuit_957.jpg,0,Op-Amp,0,3,0,0,ok,3,pose4,0.202
circuit_957.jpg,0,Op-Amp,1,3,n3,n4,swapped,3,pose4,0.202
circuit_957.jpg,0,Op-Amp,2,3,n4,n3,swapped,3,pose4,0.202
circuit_957.jpg,1,Op-Amp,0,3,0,n2,swapped,3,pose3,0.21
circuit_957.jpg,1,Op-Amp,1,3,n1,0,swapped,3,pose3,0.21
circuit_957.jpg,1,Op-Amp,2,3,n2,n1,swapped,3,pose3,0.21
circuit_957.jpg,2,Op-Amp,0,3,0,n6,swapped,3,pose2,0.0964
circuit_957.jpg,2,Op-Amp,1,3,n5,0,swapped,3,pose2,0.0964
circuit_957.jpg,2,Op-Amp,2,3,n6,n5,swapped,3,pose2,0.0964
circuit_957.jpg,3,Op-Amp,0,3,0,n10,swapped,3,pose0,0.1978
circuit_957.jpg,3,Op-Amp,1,3,n10,0,swapped,3,pose0,0.1978
circuit_957.jpg,3,Op-Amp,2,3,n11,n11,ok,3,pose0,0.1978
circuit_957.jpg,4,V-DC,0,2,0,0,ok,2,pose0,0.093
circuit_957.jpg,4,V-DC,1,2,n5,n5,ok,2,pose0,0.093
circuit_957.jpg,5,Op-Amp,0,3,n9,n9,ok,3,pose2,0.1405
circuit_957.jpg,5,Op-Amp,1,3,n7,n8,swapped,3,pose2,0.1405
circuit_957.jpg,5,Op-Amp,2,3,n8,n7,swapped,3,pose2,0.1405
circuit_957.jpg,6,Inductor,0,2,n10,n10,ok,3,pose0,0.1247
circuit_957.jpg,6,Inductor,1,2,n11,n11,ok,3,pose0,0.1247
circuit_957.jpg,7,Resistor,0,2,n6,n6,ok,2,pose0,0.1247
circuit_957.jpg,7,Resistor,1,2,n7,n7,ok,2,pose0,0.1247
circuit_957.jpg,8,I-DC,0,2,0,n1,swapped,2,pose6,0.1125
circuit_957.jpg,8,I-DC,1,2,n1,0,swapped,2,pose6,0.1125
circuit_957.jpg,9,Resistor,0,2,n4,n4,ok,2,pose0,0.1194
circuit_957.jpg,9,Resistor,1,2,n12,n12,ok,2,pose0,0.1194
circuit_957.jpg,10,Resistor,0,2,n8,n8,ok,2,pose0,0.1235
circuit_957.jpg,10,Resistor,1,2,n12,n12,ok,2,pose0,0.1235
circuit_957.jpg,11,Resistor,0,2,n11,n11,ok,2,pose0,0.1308
circuit_957.jpg,11,Resistor,1,2,n12,n12,ok,2,pose0,0.1308
circuit_957.jpg,12,Inductor,0,2,n1,n1,ok,2,pose0,0.1256
circuit_957.jpg,12,Inductor,1,2,n2,n2,ok,2,pose0,0.1256
circuit_957.jpg,13,Resistor,0,2,n2,n2,ok,2,pose0,0.1338
circuit_957.jpg,13,Resistor,1,2,n3,n3,ok,2,pose0,0.1338
circuit_957.jpg,14,Inductor,0,2,n7,n7,ok,2,pose0,0.1246
circuit_957.jpg,14,Inductor,1,2,n8,n8,ok,2,pose0,0.1246
circuit_957.jpg,15,Capacitor,0,2,n3,n3,ok,3,pose0,0.18
circuit_957.jpg,15,Capacitor,1,2,n4,n4,ok,3,pose0,0.18
circuit_957.jpg,16,Capacitor,0,2,n9,n9,ok,2,pose2,0.1781
circuit_957.jpg,16,Capacitor,1,2,n10,n10,ok,2,pose2,0.1781
circuit_957.jpg,17,Capacitor,0,2,n5,n5,ok,3,pose2,0.1845
circuit_957.jpg,17,Capacitor,1,2,n6,n6,ok,3,pose2,0.1845
circuit_957.jpg,18,GND,0,1,0,0,ok,1,,
circuit_957.jpg,19,GND,0,1,0,0,ok,1,,
circuit_957.jpg,20,GND,0,1,0,0,ok,1,,
circuit_957.jpg,21,GND,0,1,0,0,ok,1,,
circuit_957.jpg,22,GND,0,1,0,0,ok,1,,
circuit_957.jpg,23,GND,0,1,0,0,ok,1,,
circuit_961.jpg,0,Op-Amp,0,3,n8,n12,swapped,3,pose2,0.1066
circuit_961.jpg,0,Op-Amp,1,3,n11,n8,swapped,3,pose2,0.1066
circuit_961.jpg,0,Op-Amp,2,3,n12,n11,swapped,3,pose2,0.1066
circuit_961.jpg,1,Op-Amp,0,3,0,n4,swapped,3,pose4,0.1138
circuit_961.jpg,1,Op-Amp,1,3,n3,n3,ok,3,pose4,0.1138
circuit_961.jpg,1,Op-Amp,2,3,n4,0,swapped,3,pose4,0.1138
circuit_961.jpg,2,Op-Amp,0,3,0,n1,swapped,3,pose4,0.1844
circuit_961.jpg,2,Op-Amp,1,3,n1,n2,swapped,3,pose4,0.1844
circuit_961.jpg,2,Op-Amp,2,3,n2,0,swapped,3,pose4,0.1844
circuit_961.jpg,3,Op-Amp,0,3,0,n6,swapped,3,pose4,0.1124
circuit_961.jpg,3,Op-Amp,1,3,n7,n7,ok,3,pose4,0.1124
circuit_961.jpg,3,Op-Amp,2,3,n6,0,swapped,3,pose4,0.1124
circuit_961.jpg,4,Op-Amp,0,3,0,n10,swapped,3,pose2,0.1144
circuit_961.jpg,4,Op-Amp,1,3,n9,0,swapped,3,pose2,0.1144
circuit_961.jpg,4,Op-Amp,2,3,n10,n9,swapped,3,pose2,0.1144
circuit_961.jpg,5,Inductor,0,2,n11,n11,ok,2,pose0,0.1317
circuit_961.jpg,5,Inductor,1,2,n12,n12,ok,2,pose0,0.1317
circuit_961.jpg,6,V-DC,0,2,0,n9,swapped,2,pose4,0.11
circuit_961.jpg,6,V-DC,1,2,n9,0,swapped,2,pose4,0.11
circuit_961.jpg,7,Capacitor,0,2,n9,n9,ok,2,pose0,0.1708
circuit_961.jpg,7,Capacitor,1,2,n10,n10,ok,2,pose0,0.1708
circuit_961.jpg,8,I-DC,0,2,0,0,ok,2,pose2,0.1055
circuit_961.jpg,8,I-DC,1,2,n1,n1,ok,2,pose2,0.1055
circuit_961.jpg,9,Resistor,0,2,n10,n10,ok,2,pose0,0.1176
circuit_961.jpg,9,Resistor,1,2,n11,n11,ok,2,pose0,0.1176
circuit_961.jpg,10,Inductor,0,2,n7,n7,ok,2,pose0,0.1247
circuit_961.jpg,10,Inductor,1,2,n6,n6,ok,2,pose0,0.1247
circuit_961.jpg,11,Resistor,0,2,n12,n12,ok,2,pose0,0.1177
circuit_961.jpg,11,Resistor,1,2,n5,n5,ok,2,pose0,0.1177
circuit_961.jpg,12,Inductor,0,2,n1,n1,ok,2,pose0,0.1229
circuit_961.jpg,12,Inductor,1,2,n2,n2,ok,2,pose0,0.1229
circuit_961.jpg,13,Capacitor,0,2,n3,n3,ok,2,pose2,0.1755
circuit_961.jpg,13,Capacitor,1,2,n4,n4,ok,2,pose2,0.1755
circuit_961.jpg,14,GND,0,1,0,0,ok,1,,
circuit_961.jpg,15,Capacitor,0,2,n8,n8,ok,2,pose2,0.1874
circuit_961.jpg,15,Capacitor,1,2,n7,n7,ok,2,pose2,0.1874
circuit_961.jpg,16,Resistor,0,2,n6,n6,ok,2,pose0,0.125
circuit_961.jpg,16,Resistor,1,2,n5,n5,ok,2,pose0,0.125
circuit_961.jpg,17,Resistor,0,2,n2,n2,ok,2,pose0,0.1098
circuit_961.jpg,17,Resistor,1,2,n3,n3,ok,2,pose0,0.1098
circuit_961.jpg,18,Resistor,0,2,n4,n4,ok,2,pose0,0.124
circuit_961.jpg,18,Resistor,1,2,n5,n5,ok,2,pose0,0.124
circuit_961.jpg,19,GND,0,1,0,0,ok,1,,
circuit_961.jpg,20,GND,0,1,0,0,ok,1,,
circuit_961.jpg,21,GND,0,1,0,0,ok,1,,
circuit_961.jpg,22,GND,0,1,0,0,ok,1,,
circuit_961.jpg,23,GND,0,1,0,0,ok,1,,
circuit_963.jpg,0,V-AC,0,2,n9,n9,ok,2,pose2,0.0986
circuit_963.jpg,0,V-AC,1,2,n2,n2,ok,2,pose2,0.0986
circuit_963.jpg,1,V-AC,0,2,n9,n9,ok,2,pose0,0.1011
circuit_963.jpg,1,V-AC,1,2,n1,n1,ok,2,pose0,0.1011
circuit_963.jpg,2,I-AC,0,2,n9,n9,ok,2,pose0,0.107
circuit_963.jpg,2,I-AC,1,2,n7,n7,ok,2,pose0,0.107
circuit_963.jpg,3,I-AC,0,2,n9,n9,ok,3,pose2,0.1077
circuit_963.jpg,3,I-AC,1,2,n8,n8,ok,3,pose2,0.1077
circuit_963.jpg,4,V-DC,0,2,n10,0,swapped,2,pose4,0.0906
circuit_963.jpg,4,V-DC,1,2,0,n10,swapped,2,pose4,0.0906
circuit_963.jpg,5,Resistor,0,2,n3,n3,ok,2,pose0,0.1237
circuit_963.jpg,5,Resistor,1,2,n6,n6,ok,2,pose0,0.1237
circuit_963.jpg,6,MOSFET-P,0,3,n10,n10,ok,3,pose2,0.2514
circuit_963.jpg,6,MOSFET-P,1,3,n1,n1,ok,3,pose2,0.2514
circuit_963.jpg,6,MOSFET-P,2,3,n6,n6,ok,3,pose2,0.2514
circuit_963.jpg,7,MOSFET-P,0,3,n5,n5,ok,3,pose2,0.1684
circuit_963.jpg,7,MOSFET-P,1,3,n7,n9,swapped,3,pose2,0.1684
circuit_963.jpg,7,MOSFET-P,2,3,n9,n7,swapped,3,pose2,0.1684
circuit_963.jpg,8,MOSFET-N,0,3,n3,n2,swapped,3,pose6,0.1617
circuit_963.jpg,8,MOSFET-N,1,3,n2,n9,swapped,3,pose6,0.1617
circuit_963.jpg,8,MOSFET-N,2,3,n9,n3,swapped,3,pose6,0.1617
circuit_963.jpg,9,GND,0,1,0,0,ok,1,,
circuit_963.jpg,10,MOSFET-N,0,3,n10,n2,swapped,3,pose6,0.1546
circuit_963.jpg,10,MOSFET-N,1,3,n2,n4,swapped,3,pose6,0.1546
circuit_963.jpg,10,MOSFET-N,2,3,n4,n10,swapped,3,pose6,0.1546
circuit_963.jpg,11,MOSFET-N,0,3,n4,n1,swapped,3,pose6,0.1678
circuit_963.jpg,11,MOSFET-N,1,3,n1,n3,swapped,3,pose6,0.1678
circuit_963.jpg,11,MOSFET-N,2,3,n3,n4,swapped,3,pose6,0.1678
circuit_963.jpg,12,MOSFET-P,0,3,n6,n6,ok,3,pose2,0.1579
circuit_963.jpg,12,MOSFET-P,1,3,n8,n5,swapped,3,pose2,0.1579
circuit_963.jpg,12,MOSFET-P,2,3,n5,n8,swapped,3,pose2,0.1579
circuit_963.jpg,13,Zener Diode,0,2,n1,n10,swapped,2,pose4,0.1233
circuit_963.jpg,13,Zener Diode,1,2,n10,n1,swapped,2,pose4,0.1233
circuit_968.jpg,0,BJT-PNP,0,3,n15,n15,ok,3,pose2,0.1321
circuit_968.jpg,0,BJT-PNP,1,3,n14,n5,swapped,3,pose2,0.1321
circuit_968.jpg,0,BJT-PNP,2,3,n5,n14,swapped,3,pose2,0.1321
circuit_968.jpg,1,Resistor,0,2,n2,n2,ok,2,pose2,0.1145
circuit_968.jpg,1,Resistor,1,2,n3,n3,ok,2,pose2,0.1145
circuit_968.jpg,2,BJT-PNP,0,3,n10,n10,ok,3,pose2,0.2159
circuit_968.jpg,2,BJT-PNP,1,3,n11,n4,swapped,3,pose2,0.2159
circuit_968.jpg,2,BJT-PNP,2,3,n4,n11,swapped,3,pose2,0.2159
circuit_968.jpg,3,BJT-PNP,0,3,n8,n8,ok,3,pose2,0.2421
circuit_968.jpg,3,BJT-PNP,1,3,n6,n3,swapped,3,pose2,0.2421
circuit_968.jpg,3,BJT-PNP,2,3,n3,n6,swapped,3,pose2,0.2421
circuit_968.jpg,4,V-DC (one port),0,1,n4,n4,ok,1,any,0.3728
circuit_968.jpg,5,Resistor,0,2,n1,n1,ok,2,pose2,0.1191
circuit_968.jpg,5,Resistor,1,2,n2,n2,ok,2,pose2,0.1191
circuit_968.jpg,6,Resistor,0,2,n11,n11,ok,2,pose2,0.1172
circuit_968.jpg,6,Resistor,1,2,0,0,ok,2,pose2,0.1172
circuit_968.jpg,7,Resistor,0,2,n4,n4,ok,2,pose0,0.1242
circuit_968.jpg,7,Resistor,1,2,n5,n5,ok,2,pose0,0.1242
circuit_968.jpg,8,Diode,0,2,n12,n12,ok,2,pose0,0.158
circuit_968.jpg,8,Diode,1,2,n13,n13,ok,2,pose0,0.158
circuit_968.jpg,9,Resistor,0,2,n7,n7,ok,2,pose2,0.1133
circuit_968.jpg,9,Resistor,1,2,0,0,ok,2,pose2,0.1133
circuit_968.jpg,10,BJT-NPN,0,3,n5,n15,swapped,3,pose6,0.1356
circuit_968.jpg,10,BJT-NPN,1,3,n15,0,swapped,3,pose6,0.1356
circuit_968.jpg,10,BJT-NPN,2,3,0,n5,swapped,3,pose6,0.1356
circuit_968.jpg,11,BJT-NPN,0,3,n8,n9,swapped,3,pose6,0.1333
circuit_968.jpg,11,BJT-NPN,1,3,n9,0,swapped,3,pose6,0.1333
circuit_968.jpg,11,BJT-NPN,2,3,0,n8,swapped,3,pose6,0.1333
circuit_968.jpg,12,V-DC (one port),0,1,n2,n2,ok,1,any,0.3559
circuit_968.jpg,13,GND,0,1,0,0,ok,1,,
circuit_968.jpg,14,Resistor,0,2,n3,n3,ok,2,pose0,0.1222
circuit_968.jpg,14,Resistor,1,2,n4,n4,ok,2,pose0,0.1222
circuit_968.jpg,15,BJT-NPN,0,3,n14,n10,swapped,3,pose6,0.1404
circuit_968.jpg,15,BJT-NPN,1,3,n10,0,swapped,3,pose6,0.1404
circuit_968.jpg,15,BJT-NPN,2,3,0,n14,swapped,3,pose6,0.1404
circuit_968.jpg,16,Diode,0,2,n13,n13,ok,2,pose0,0.1578
circuit_968.jpg,16,Diode,1,2,n14,n14,ok,2,pose0,0.1578
circuit_968.jpg,17,BJT-NPN,0,3,n10,n9,swapped,3,pose6,0.1486
circuit_968.jpg,17,BJT-NPN,1,3,n9,0,swapped,3,pose6,0.1486
circuit_968.jpg,17,BJT-NPN,2,3,0,n10,swapped,3,pose6,0.1486
circuit_968.jpg,18,BJT-PNP,0,3,0,0,ok,3,pose2,0.2355
circuit_968.jpg,18,BJT-PNP,1,3,n7,n6,swapped,3,pose2,0.2355
circuit_968.jpg,18,BJT-PNP,2,3,n6,n7,swapped,3,pose2,0.2355
circuit_968.jpg,19,V-DC (one port),0,1,n7,n7,ok,1,any,0.3647
circuit_968.jpg,20,V-DC (one port),0,1,n5,n5,ok,1,any,0.3797
circuit_968.jpg,21,BJT-NPN,0,3,n1,n12,swapped,3,pose6,0.1396
circuit_968.jpg,21,BJT-NPN,1,3,n12,n5,swapped,3,pose6,0.1396
circuit_968.jpg,21,BJT-NPN,2,3,n5,n1,swapped,3,pose6,0.1396
circuit_975.jpg,0,Op-Amp,0,3,0,n2,swapped,3,pose7,0.2073
circuit_975.jpg,0,Op-Amp,1,3,n1,0,swapped,3,pose7,0.2073
circuit_975.jpg,0,Op-Amp,2,3,n2,n1,swapped,3,pose7,0.2073
circuit_975.jpg,1,Op-Amp,0,3,0,n8,swapped,3,pose1,0.1519
circuit_975.jpg,1,Op-Amp,1,3,n7,0,swapped,3,pose1,0.1519
circuit_975.jpg,1,Op-Amp,2,3,n8,n7,swapped,3,pose1,0.1519
circuit_975.jpg,2,V-DC,0,2,0,n7,swapped,2,pose6,0.1087
circuit_975.jpg,2,V-DC,1,2,n7,0,swapped,2,pose6,0.1087
circuit_975.jpg,3,Op-Amp,0,3,0,n6,swapped,3,pose4,0.1083
circuit_975.jpg,3,Op-Amp,1,3,n5,n5,ok,3,pose4,0.1083
circuit_975.jpg,3,Op-Amp,2,3,n6,0,swapped,3,pose4,0.1083
circuit_975.jpg,4,Op-Amp,0,3,0,n4,swapped,3,pose4,0.1023
circuit_975.jpg,4,Op-Amp,1,3,n3,n3,ok,3,pose4,0.1023
circuit_975.jpg,4,Op-Amp,2,3,n4,0,swapped,3,pose4,0.1023
circuit_975.jpg,5,Op-Amp,0,3,n2,n9,swapped,3,pose4,0.1027
circuit_975.jpg,5,Op-Amp,1,3,n9,n10,swapped,3,pose4,0.1027
circuit_975.jpg,5,Op-Amp,2,3,n10,n2,swapped,3,pose4,0.1027
circuit_975.jpg,6,Inductor,0,2,n9,n9,ok,2,pose0,0.1186
circuit_975.jpg,6,Inductor,1,2,n10,n10,ok,2,pose0,0.1186
circuit_975.jpg,7,GND,0,1,0,0,ok,1,,
circuit_975.jpg,8,Inductor,0,2,n1,n1,ok,2,pose0,0.1168
circuit_975.jpg,8,Inductor,1,2,n2,n2,ok,2,pose0,0.1168
circuit_975.jpg,9,GND,0,1,0,0,ok,1,,
circuit_975.jpg,10,Resistor,0,2,n10,n10,ok,2,pose0,0.1234
circuit_975.jpg,10,Resistor,1,2,n11,n11,ok,2,pose0,0.1234
circuit_975.jpg,11,I-DC,0,2,0,n1,swapped,2,pose6,0.097
circuit_975.jpg,11,I-DC,1,2,n1,0,swapped,2,pose6,0.097
circuit_975.jpg,12,GND,0,1,0,0,ok,1,,
circuit_975.jpg,13,Resistor,0,2,n8,n8,ok,2,pose0,0.1269
circuit_975.jpg,13,Resistor,1,2,n9,n9,ok,2,pose0,0.1269
circuit_975.jpg,14,GND,0,1,0,0,ok,1,,
circuit_975.jpg,15,GND,0,1,0,0,ok,1,,
circuit_975.jpg,16,Resistor,0,2,n4,n4,ok,2,pose0,0.1223
circuit_975.jpg,16,Resistor,1,2,n11,n11,ok,2,pose0,0.1223
circuit_975.jpg,17,GND,0,1,0,0,ok,1,,
circuit_975.jpg,18,Capacitor,0,2,n5,n5,ok,2,pose2,0.1718
circuit_975.jpg,18,Capacitor,1,2,n6,n6,ok,2,pose2,0.1718
circuit_975.jpg,19,Capacitor,0,2,n2,n2,ok,2,pose2,0.1829
circuit_975.jpg,19,Capacitor,1,2,n3,n3,ok,2,pose2,0.1829
circuit_975.jpg,20,Resistor,0,2,n6,n6,ok,2,pose0,0.1325
circuit_975.jpg,20,Resistor,1,2,n11,n11,ok,2,pose0,0.1325
circuit_975.jpg,21,Capacitor,0,2,n7,n7,ok,2,pose2,0.1814
circuit_975.jpg,21,Capacitor,1,2,n8,n8,ok,2,pose2,0.1814
circuit_975.jpg,22,Resistor,0,2,n2,n2,ok,2,pose0,0.1359
circuit_975.jpg,22,Resistor,1,2,n5,n5,ok,2,pose0,0.1359
circuit_975.jpg,23,Inductor,0,2,n3,n3,ok,2,pose0,0.1244
circuit_975.jpg,23,Inductor,1,2,n4,n4,ok,2,pose0,0.1244
circuit_980.jpg,0,I-AC,0,2,n7,n7,ok,2,pose0,0.1087
circuit_980.jpg,0,I-AC,1,2,0,0,ok,2,pose0,0.1087
circuit_980.jpg,1,V-AC,0,2,n3,n3,ok,2,pose0,0.1025
circuit_980.jpg,1,V-AC,1,2,0,0,ok,2,pose0,0.1025
circuit_980.jpg,2,V-AC,0,2,n2,n2,ok,2,pose2,0.1002
circuit_980.jpg,2,V-AC,1,2,0,0,ok,2,pose2,0.1002
circuit_980.jpg,3,I-AC,0,2,n8,n8,ok,2,pose0,0.1082
circuit_980.jpg,3,I-AC,1,2,0,0,ok,2,pose0,0.1082
circuit_980.jpg,4,Resistor,0,2,n4,n4,ok,2,pose0,0.1134
circuit_980.jpg,4,Resistor,1,2,n6,n6,ok,2,pose0,0.1134
circuit_980.jpg,5,V-DC,0,2,n1,n1,ok,2,pose0,0.0987
circuit_980.jpg,5,V-DC,1,2,0,0,ok,2,pose0,0.0987
circuit_980.jpg,6,GND,0,1,0,0,ok,1,,
circuit_980.jpg,7,MOSFET-P,0,3,n6,n7,swapped,3,pose6,0.1213
circuit_980.jpg,7,MOSFET-P,1,3,n7,0,swapped,3,pose6,0.1213
circuit_980.jpg,7,MOSFET-P,2,3,0,n6,swapped,3,pose6,0.1213
circuit_980.jpg,8,GND,0,1,0,0,ok,1,,
circuit_980.jpg,9,MOSFET-P,0,3,n1,n1,ok,3,pose2,0.1634
circuit_980.jpg,9,MOSFET-P,1,3,n2,n5,swapped,3,pose2,0.1634
circuit_980.jpg,9,MOSFET-P,2,3,n5,n2,swapped,3,pose2,0.1634
circuit_980.jpg,10,MOSFET-N,0,3,n1,n3,swapped,3,pose6,0.1658
circuit_980.jpg,10,MOSFET-N,1,3,n3,n5,swapped,3,pose6,0.1658
circuit_980.jpg,10,MOSFET-N,2,3,n5,n1,swapped,3,pose6,0.1658
circuit_980.jpg,11,MOSFET-N,0,3,n5,n2,swapped,3,pose6,0.1754
circuit_980.jpg,11,MOSFET-N,1,3,n2,n4,swapped,3,pose6,0.1754
circuit_980.jpg,11,MOSFET-N,2,3,n4,n5,swapped,3,pose6,0.1754
circuit_980.jpg,12,MOSFET-P,0,3,n5,n5,ok,3,pose2,0.1602
circuit_980.jpg,12,MOSFET-P,1,3,n8,n6,swapped,3,pose2,0.1602
circuit_980.jpg,12,MOSFET-P,2,3,n6,n8,swapped,3,pose2,0.1602
circuit_980.jpg,13,MOSFET-N,0,3,n4,n4,ok,3,pose2,0.152
circuit_980.jpg,13,MOSFET-N,1,3,n3,0,swapped,3,pose2,0.152
circuit_980.jpg,13,MOSFET-N,2,3,0,n3,swapped,3,pose2,0.152
circuit_980.jpg,14,Zener Diode,0,2,n1,n2,swapped,2,pose4,0.1296
circuit_980.jpg,14,Zener Diode,1,2,n2,n1,swapped,2,pose4,0.1296
circuit_986.jpg,0,V-DC,0,2,n1,n5,swapped,2,pose4,0.0977
circuit_986.jpg,0,V-DC,1,2,n5,n1,swapped,2,pose4,0.0977
circuit_986.jpg,1,I-DC,0,2,n2,n2,ok,2,pose0,0.1053
circuit_986.jpg,1,I-DC,1,2,n3,n3,ok,2,pose0,0.1053
circuit_986.jpg,2,Capacitor,0,2,n3,n3,ok,2,pose0,0.1651
circuit_986.jpg,2,Capacitor,1,2,n4,n4,ok,2,pose0,0.1651
circuit_986.jpg,3,Resistor,0,2,n5,n5,ok,2,pose0,0.1218
circuit_986.jpg,3,Resistor,1,2,0,0,ok,2,pose0,0.1218
circuit_986.jpg,4,Resistor,0,2,n1,n1,ok,2,pose0,0.1233
circuit_986.jpg,4,Resistor,1,2,n2,n2,ok,2,pose0,0.1233
circuit_986.jpg,5,Inductor,0,2,0,0,ok,2,pose0,0.1154
circuit_986.jpg,5,Inductor,1,2,n4,n4,ok,2,pose0,0.1154
circuit_986.jpg,6,Resistor,0,2,n2,n2,ok,2,pose2,0.111
circuit_986.jpg,6,Resistor,1,2,0,0,ok,2,pose2,0.111
circuit_986.jpg,7,GND,0,1,0,0,ok,1,,
circuit_992.jpg,0,Resistor,0,2,n3,n3,ok,2,pose0,0.1205
circuit_992.jpg,0,Resistor,1,2,n1,n1,ok,2,pose0,0.1205
circuit_992.jpg,1,Resistor,0,2,n1,n1,ok,2,pose0,0.1167
circuit_992.jpg,1,Resistor,1,2,n2,n2,ok,2,pose0,0.1167
circuit_992.jpg,2,Resistor,0,2,0,0,ok,2,pose2,0.1248
circuit_992.jpg,2,Resistor,1,2,n1,n1,ok,2,pose2,0.1248
circuit_992.jpg,3,V-DC,0,2,0,n3,swapped,2,pose6,0.1161
circuit_992.jpg,3,V-DC,1,2,n3,0,swapped,2,pose6,0.1161
circuit_992.jpg,4,Capacitor,0,2,0,0,ok,2,pose0,0.1619
circuit_992.jpg,4,Capacitor,1,2,n2,n2,ok,2,pose0,0.1619
circuit_992.jpg,5,Inductor,0,2,0,0,ok,2,pose2,0.1229
circuit_992.jpg,5,Inductor,1,2,n2,n2,ok,2,pose2,0.1229
circuit_992.jpg,6,GND,0,1,0,0,ok,1,,
circuit_995.jpg,0,V-AC,0,2,n1,n1,ok,2,pose2,0.0985
circuit_995.jpg,0,V-AC,1,2,0,0,ok,2,pose2,0.0985
circuit_995.jpg,1,Inductor,0,2,n6,n6,ok,2,pose0,0.1184
circuit_995.jpg,1,Inductor,1,2,n7,n7,ok,2,pose0,0.1184
circuit_995.jpg,2,Inductor,0,2,n1,n1,ok,2,pose0,0.1202
circuit_995.jpg,2,Inductor,1,2,n3,n3,ok,2,pose0,0.1202
circuit_995.jpg,3,I-DC,0,2,0,n2,swapped,2,pose6,0.1045
circuit_995.jpg,3,I-DC,1,2,n2,0,swapped,2,pose6,0.1045
circuit_995.jpg,4,Zener Diode,0,2,n3,0,swapped,2,pose4,0.1388
circuit_995.jpg,4,Zener Diode,1,2,0,n3,swapped,2,pose4,0.1388
circuit_995.jpg,5,Diode,0,2,n3,n3,ok,2,pose0,0.1594
circuit_995.jpg,5,Diode,1,2,n5,n5,ok,2,pose0,0.1594
circuit_995.jpg,6,Diode,0,2,n5,n7,swapped,2,pose5,0.1995
circuit_995.jpg,6,Diode,1,2,n7,n5,swapped,2,pose5,0.1995
circuit_995.jpg,7,GND,0,1,0,0,ok,1,,
circuit_995.jpg,8,Diode,0,2,n4,n4,ok,2,pose0,0.1504
circuit_995.jpg,8,Diode,1,2,n5,n5,ok,2,pose0,0.1504
circuit_995.jpg,9,Capacitor,0,2,0,0,ok,2,pose0,0.1758
circuit_995.jpg,9,Capacitor,1,2,n5,n5,ok,2,pose0,0.1758
circuit_995.jpg,10,Zener Diode,0,2,n4,n5,swapped,2,pose4,0.145
circuit_995.jpg,10,Zener Diode,1,2,n5,n4,swapped,2,pose4,0.145
circuit_995.jpg,11,Capacitor,0,2,n2,n2,ok,2,pose2,0.1829
circuit_995.jpg,11,Capacitor,1,2,n6,n6,ok,2,pose2,0.1829
circuit_995.jpg,12,Diode,0,2,n5,n5,ok,2,pose0,0.1614
circuit_995.jpg,12,Diode,1,2,n7,n7,ok,2,pose0,0.1614
circuit_995.jpg,13,Resistor,0,2,n5,n5,ok,3,pose2,0.133
circuit_995.jpg,13,Resistor,1,2,0,0,ok,3,pose2,0.133
circuit_995.jpg,14,Capacitor,0,2,n3,n3,ok,2,pose2,0.1977
circuit_995.jpg,14,Capacitor,1,2,n4,n4,ok,2,pose2,0.1977
circuit_995.jpg,15,GND,0,1,0,0,ok,1,,
circuit_995.jpg,16,Diode,0,2,0,0,ok,2,pose0,0.1527
circuit_995.jpg,16,Diode,1,2,n6,n6,ok,2,pose0,0.1527
circuit_995.jpg,17,Zener Diode,0,2,n5,n6,swapped,2,pose4,0.1394
circuit_995.jpg,17,Zener Diode,1,2,n6,n5,swapped,2,pose4,0.1394
