best_correct_frac,best_wrong_frac,chosen_ok,chosen_pose,class,comp_id,gap_frac,image,verdict
0.0952,0.3842,1,pose2,V-AC,0,-0.289,circuit_1.jpg,correct_better
0.2463,0.1221,0,pose6,MOSFET-N,1,0.1243,circuit_1.jpg,wrong_better
0.1011,0.3008,1,pose2,V-AC,2,-0.1997,circuit_1.jpg,correct_better
0.1025,0.3835,1,pose2,I-AC,3,-0.281,circuit_1.jpg,correct_better
0.0983,0.3866,1,pose2,I-AC,4,-0.2883,circuit_1.jpg,correct_better
0.184,0.1594,0,pose6,MOSFET-N,5,0.0247,circuit_1.jpg,wrong_better
,,0,pose6,MOSFET-P,6,,circuit_1.jpg,no_correct_pose
,,0,pose2,MOSFET-P,7,,circuit_1.jpg,no_correct_pose
0.0899,0.09,1,pose0,V-DC,9,-0.0001,circuit_1.jpg,tied
0.2484,0.1527,0,pose6,MOSFET-N,10,0.0957,circuit_1.jpg,wrong_better
0.1268,0.3646,1,pose0,Resistor,12,-0.2377,circuit_1.jpg,correct_better
0.2534,0.1652,0,pose6,MOSFET-N,13,0.0882,circuit_1.jpg,wrong_better
0.1374,0.1356,0,pose4,Zener Diode,14,0.0017,circuit_1.jpg,tied
0.1033,0.1034,1,pose0,V-DC,0,-0.0001,circuit_1016.jpg,tied
,,0,pose2,MOSFET-P,1,,circuit_1016.jpg,no_correct_pose
0.1059,0.2989,1,pose2,I-AC,2,-0.193,circuit_1016.jpg,correct_better
0.1029,0.3878,1,pose0,I-AC,3,-0.2849,circuit_1016.jpg,correct_better
,,0,pose2,MOSFET-P,4,,circuit_1016.jpg,no_correct_pose
,,0,pose6,MOSFET-P,5,,circuit_1016.jpg,no_correct_pose
0.1262,0.2892,1,pose2,V-AC,6,-0.163,circuit_1016.jpg,correct_better
0.2463,0.1584,0,pose6,MOSFET-N,7,0.0879,circuit_1016.jpg,wrong_better
0.2817,0.1615,0,pose6,MOSFET-N,8,0.1202,circuit_1016.jpg,wrong_better
0.1262,0.4061,1,pose2,V-AC,9,-0.2798,circuit_1016.jpg,correct_better
0.1885,0.1566,0,pose6,MOSFET-N,11,0.032,circuit_1016.jpg,wrong_better
0.1337,0.3685,1,pose0,Resistor,13,-0.2348,circuit_1016.jpg,correct_better
0.1382,0.1365,0,pose4,Zener Diode,14,0.0016,circuit_1016.jpg,tied
0.0996,0.0985,0,pose6,V-DC,0,0.0012,circuit_1018.jpg,tied
0.157,0.3212,1,pose0,Capacitor,1,-0.1642,circuit_1018.jpg,correct_better
0.0977,0.0977,0,pose6,I-DC,2,0.0001,circuit_1018.jpg,tied
0.1115,0.3387,1,pose0,Resistor,3,-0.2272,circuit_1018.jpg,correct_better
0.1111,0.3491,1,pose0,Inductor,5,-0.2379,circuit_1018.jpg,correct_better
,,0,pose3,Op-Amp,0,,circuit_1076.jpg,no_correct_pose
,,0,pose1,Op-Amp,1,,circuit_1076.jpg,no_correct_pose
0.1125,0.3421,1,pose0,Resistor,2,-0.2296,circuit_1076.jpg,correct_better
,,0,pose2,Op-Amp,3,,circuit_1076.jpg,no_correct_pose
0.1099,0.3421,1,pose0,Resistor,4,-0.2322,circuit_1076.jpg,correct_better
0.1138,0.3468,1,pose0,Resistor,5,-0.233,circuit_1076.jpg,correct_better
0.0968,0.0957,0,pose6,V-DC,6,0.0011,circuit_1076.jpg,tied
0.1398,0.0934,0,pose4,Op-Amp,7,0.0464,circuit_1076.jpg,wrong_better
0.1161,0.3558,1,pose0,Inductor,8,-0.2396,circuit_1076.jpg,correct_better
0.1148,0.3549,1,pose0,Resistor,9,-0.2401,circuit_1076.jpg,correct_better
0.0993,0.0992,0,pose6,I-DC,10,0.0001,circuit_1076.jpg,tied
0.1176,0.355,1,pose0,Inductor,11,-0.2373,circuit_1076.jpg,correct_better
,,0,pose1,Op-Amp,12,,circuit_1076.jpg,no_correct_pose
0.1207,0.2566,1,pose0,Resistor,13,-0.136,circuit_1076.jpg,correct_better
0.1279,0.3684,1,pose0,Inductor,15,-0.2405,circuit_1076.jpg,correct_better
0.1713,0.3904,1,pose2,Capacitor,17,-0.2191,circuit_1076.jpg,correct_better
0.1745,0.392,1,pose2,Capacitor,18,-0.2174,circuit_1076.jpg,correct_better
0.1792,0.4055,1,pose0,Capacitor,19,-0.2263,circuit_1076.jpg,correct_better
0.1114,0.3409,1,pose0,Resistor,0,-0.2295,circuit_1077.jpg,correct_better
,,1,pose0,V-AC,1,,circuit_1077.jpg,no_wrong_pose
0.1296,0.357,1,pose0,Resistor,3,-0.2274,circuit_1077.jpg,correct_better
0.174,0.3978,1,pose0,Capacitor,4,-0.2237,circuit_1077.jpg,correct_better
0.1303,0.3639,1,pose0,Resistor,5,-0.2336,circuit_1077.jpg,correct_better
0.1245,0.2105,1,pose0,Inductor,6,-0.086,circuit_1077.jpg,correct_better
,,0,pose2,BJT-PNP,0,,circuit_1079.jpg,no_correct_pose
0.3356,0.2196,0,pose3,BJT-PNP,1,0.1161,circuit_1079.jpg,wrong_better
,,0,pose2,BJT-PNP,3,,circuit_1079.jpg,no_correct_pose
0.1763,0.1777,1,pose0,Diode,4,-0.0014,circuit_1079.jpg,tied
0.166,0.4,1,pose2,Resistor,5,-0.2341,circuit_1079.jpg,correct_better
0.2879,0.1518,0,pose6,BJT-NPN,6,0.1361,circuit_1079.jpg,wrong_better
,,0,pose2,BJT-PNP,7,,circuit_1079.jpg,no_correct_pose
0.2854,0.1489,0,pose6,BJT-NPN,8,0.1365,circuit_1079.jpg,wrong_better
0.1386,0.3759,1,pose2,Resistor,9,-0.2373,circuit_1079.jpg,correct_better
0.1513,0.3839,1,pose2,Resistor,10,-0.2326,circuit_1079.jpg,correct_better
0.1708,0.1722,1,pose0,Diode,11,-0.0014,circuit_1079.jpg,tied
0.1465,0.379,1,pose2,Resistor,13,-0.2325,circuit_1079.jpg,correct_better
0.1577,0.403,1,pose0,Inductor,17,-0.2453,circuit_1079.jpg,correct_better
0.2876,0.1568,0,pose6,BJT-NPN,18,0.1308,circuit_1079.jpg,wrong_better
0.2886,0.1497,0,pose6,BJT-NPN,19,0.1389,circuit_1079.jpg,wrong_better
0.2917,0.1562,0,pose6,BJT-NPN,20,0.1355,circuit_1079.jpg,wrong_better
0.1694,0.4049,1,pose0,Resistor,22,-0.2355,circuit_1079.jpg,correct_better
0.0988,0.0977,0,pose6,V-DC,0,0.0011,circuit_1087.jpg,tied
0.1004,0.1005,1,pose0,I-DC,1,-0.0001,circuit_1087.jpg,tied
0.1452,0.3735,1,pose0,Capacitor,2,-0.2282,circuit_1087.jpg,correct_better
0.1096,0.3556,1,pose2,Resistor,3,-0.246,circuit_1087.jpg,correct_better
0.1106,0.3477,1,pose0,Inductor,4,-0.2371,circuit_1087.jpg,correct_better
0.1148,0.3466,1,pose0,Resistor,6,-0.2318,circuit_1087.jpg,correct_better
0.1129,0.3372,1,pose0,Resistor,7,-0.2243,circuit_1087.jpg,correct_better
0.1081,0.3464,1,pose0,Inductor,8,-0.2382,circuit_1087.jpg,correct_better
0.1105,0.3522,1,pose0,Inductor,0,-0.2417,circuit_1093.jpg,correct_better
0.1918,0.1918,0,pose4,Diode,1,0.0001,circuit_1093.jpg,tied
0.1555,0.1568,1,pose0,Diode,2,-0.0014,circuit_1093.jpg,tied
0.149,0.1502,1,pose0,Diode,3,-0.0013,circuit_1093.jpg,tied
0.1136,0.3443,1,pose0,Inductor,4,-0.2306,circuit_1093.jpg,correct_better
0.163,0.1643,1,pose0,Diode,5,-0.0013,circuit_1093.jpg,tied
0.157,0.1583,1,pose0,Diode,6,-0.0014,circuit_1093.jpg,tied
0.1006,0.1002,0,pose6,I-DC,7,0.0004,circuit_1093.jpg,tied
0.1091,0.3118,1,pose0,Inductor,8,-0.2026,circuit_1093.jpg,correct_better
0.1046,0.1035,0,pose6,V-DC,9,0.0011,circuit_1093.jpg,tied
0.1411,0.1394,0,pose4,Zener Diode,10,0.0017,circuit_1093.jpg,tied
0.1773,0.3772,1,pose2,Capacitor,11,-0.1999,circuit_1093.jpg,correct_better
0.1859,0.3868,1,pose2,Capacitor,12,-0.2008,circuit_1093.jpg,correct_better
0.175,0.3772,1,pose2,Capacitor,14,-0.2022,circuit_1093.jpg,correct_better
0.1319,0.2548,1,pose2,Resistor,16,-0.123,circuit_1093.jpg,correct_better
0.1351,0.1341,0,pose4,Zener Diode,17,0.001,circuit_1093.jpg,tied
0.1582,0.1567,0,pose4,Zener Diode,18,0.0015,circuit_1093.jpg,tied
0.1059,0.1059,0,pose4,I-DC,0,0.0,circuit_1094.jpg,tied
0.0975,0.0975,1,pose0,V-DC,1,-0.0,circuit_1094.jpg,tied
0.1108,0.3421,1,pose0,Resistor,2,-0.2313,circuit_1094.jpg,correct_better
0.1511,0.3745,1,pose0,Capacitor,4,-0.2234,circuit_1094.jpg,correct_better
0.1017,0.3473,1,pose0,Inductor,5,-0.2456,circuit_1094.jpg,correct_better
0.1513,0.3673,1,pose0,Capacitor,0,-0.2161,circuit_1097.jpg,correct_better
0.1069,0.3389,1,pose0,Inductor,1,-0.232,circuit_1097.jpg,correct_better
0.1077,0.3316,1,pose2,Resistor,2,-0.2238,circuit_1097.jpg,correct_better
0.106,0.3387,1,pose2,Resistor,3,-0.2327,circuit_1097.jpg,correct_better
0.1027,0.3359,1,pose0,Inductor,5,-0.2332,circuit_1097.jpg,correct_better
0.0901,0.3804,1,pose2,V-AC,6,-0.2903,circuit_1097.jpg,correct_better
0.1413,0.368,1,pose2,Capacitor,7,-0.2267,circuit_1097.jpg,correct_better
0.0835,0.3719,1,pose0,I-AC,8,-0.2884,circuit_1097.jpg,correct_better
0.1539,0.3644,1,pose2,Capacitor,9,-0.2105,circuit_1097.jpg,correct_better
0.1397,0.1541,1,pose7,I-DC,0,-0.0144,circuit_1121.jpg,tied
0.1138,0.351,1,pose0,Inductor,1,-0.2372,circuit_1121.jpg,correct_better
0.1091,0.3575,1,pose2,Inductor,2,-0.2484,circuit_1121.jpg,correct_better
0.1102,0.3365,1,pose0,Resistor,3,-0.2264,circuit_1121.jpg,correct_better
0.1578,0.25,1,pose0,Capacitor,4,-0.0922,circuit_1121.jpg,correct_better
0.1019,0.1007,0,pose6,V-DC,6,0.0012,circuit_1121.jpg,tied
0.1117,0.3928,1,pose2,V-AC,0,-0.2811,circuit_1122.jpg,correct_better
0.1657,0.1641,0,pose4,Zener Diode,1,0.0016,circuit_1122.jpg,tied
0.105,0.1049,0,pose6,I-DC,2,0.0001,circuit_1122.jpg,tied
0.154,0.1524,0,pose4,Zener Diode,3,0.0016,circuit_1122.jpg,tied
0.1511,0.3812,1,pose0,Inductor,4,-0.23,circuit_1122.jpg,correct_better
0.1339,0.3717,1,pose0,Inductor,5,-0.2378,circuit_1122.jpg,correct_better
0.2127,0.4151,1,pose2,Capacitor,6,-0.2024,circuit_1122.jpg,correct_better
0.1377,0.3697,1,pose0,Inductor,7,-0.232,circuit_1122.jpg,correct_better
0.1843,0.1855,1,pose0,Diode,8,-0.0011,circuit_1122.jpg,tied
0.18,0.1814,1,pose0,Diode,9,-0.0013,circuit_1122.jpg,tied
0.1298,0.3201,1,pose2,Resistor,10,-0.1903,circuit_1122.jpg,correct_better
0.2082,0.4115,1,pose2,Capacitor,11,-0.2034,circuit_1122.jpg,correct_better
0.1641,0.1623,0,pose4,Zener Diode,12,0.0018,circuit_1122.jpg,tied
0.1904,0.1917,1,pose0,Diode,13,-0.0013,circuit_1122.jpg,tied
0.1742,0.1753,1,pose0,Diode,14,-0.0011,circuit_1122.jpg,tied
0.1931,0.1944,1,pose0,Diode,15,-0.0013,circuit_1122.jpg,tied
,,1,pose2,Capacitor,17,,circuit_1122.jpg,no_wrong_pose
0.1055,0.3899,1,pose2,V-AC,2,-0.2844,circuit_1124.jpg,correct_better
0.1095,0.1093,0,pose6,I-DC,3,0.0001,circuit_1124.jpg,tied
0.1131,0.3533,1,pose0,Inductor,4,-0.2403,circuit_1124.jpg,correct_better
0.1143,0.3698,1,pose0,Inductor,5,-0.2555,circuit_1124.jpg,correct_better
0.1143,0.3547,1,pose0,Inductor,6,-0.2405,circuit_1124.jpg,correct_better
0.1831,0.3867,1,pose2,Capacitor,7,-0.2036,circuit_1124.jpg,correct_better
0.1699,0.3877,1,pose2,Capacitor,8,-0.2178,circuit_1124.jpg,correct_better
0.1636,0.3802,1,pose2,Capacitor,9,-0.2165,circuit_1124.jpg,correct_better
0.1494,0.1506,1,pose0,Diode,10,-0.0012,circuit_1124.jpg,tied
0.1517,0.153,1,pose0,Diode,11,-0.0013,circuit_1124.jpg,tied
0.151,0.1486,0,pose6,Diode,12,0.0024,circuit_1124.jpg,tied
0.1586,0.16,1,pose0,Diode,13,-0.0014,circuit_1124.jpg,tied
0.158,0.1593,1,pose0,Diode,14,-0.0013,circuit_1124.jpg,tied
0.1301,0.1284,0,pose4,Zener Diode,15,0.0016,circuit_1124.jpg,tied
0.1394,0.1376,0,pose4,Zener Diode,16,0.0017,circuit_1124.jpg,tied
0.1393,0.1377,0,pose4,Zener Diode,17,0.0016,circuit_1124.jpg,tied
0.1178,0.3176,1,pose2,Resistor,18,-0.1998,circuit_1124.jpg,correct_better
0.12,0.1197,0,pose4,I-DC,0,0.0003,circuit_1127.jpg,tied
0.1336,0.3588,1,pose0,Resistor,1,-0.2252,circuit_1127.jpg,correct_better
0.1288,0.2233,1,pose2,Resistor,2,-0.0946,circuit_1127.jpg,correct_better
0.1292,0.3604,1,pose2,Resistor,3,-0.2312,circuit_1127.jpg,correct_better
0.1723,0.3976,1,pose0,Capacitor,4,-0.2253,circuit_1127.jpg,correct_better
0.1166,0.1167,1,pose0,V-DC,6,-0.0001,circuit_1127.jpg,tied
0.1865,0.3659,1,pose2,Inductor,7,-0.1794,circuit_1127.jpg,correct_better
0.1005,0.0993,0,pose6,V-DC,0,0.0011,circuit_1133.jpg,tied
0.0961,0.387,1,pose2,V-AC,1,-0.2909,circuit_1133.jpg,correct_better
0.0971,0.3829,1,pose2,V-AC,2,-0.2859,circuit_1133.jpg,correct_better
0.1566,0.3752,1,pose0,Capacitor,3,-0.2187,circuit_1133.jpg,correct_better
0.113,0.1119,0,pose6,V-DC,4,0.0011,circuit_1133.jpg,tied
0.1606,0.3721,1,pose0,Capacitor,5,-0.2116,circuit_1133.jpg,correct_better
0.1047,0.2346,1,pose2,Inductor,6,-0.1299,circuit_1133.jpg,correct_better
0.108,0.3424,1,pose2,Inductor,7,-0.2345,circuit_1133.jpg,correct_better
0.0947,0.0949,1,pose2,I-DC,8,-0.0001,circuit_1133.jpg,tied
0.1173,0.351,1,pose2,Inductor,9,-0.2338,circuit_1133.jpg,correct_better
0.1148,0.3498,1,pose2,Inductor,10,-0.235,circuit_1133.jpg,correct_better
0.1598,0.3762,1,pose0,Capacitor,11,-0.2164,circuit_1133.jpg,correct_better
0.1838,0.4014,1,pose0,Capacitor,12,-0.2176,circuit_1133.jpg,correct_better
0.1021,0.1388,1,pose2,I-AC,0,-0.0367,circuit_1134.jpg,correct_better
0.1005,0.3833,1,pose2,V-AC,1,-0.2828,circuit_1134.jpg,correct_better
0.1559,0.3765,1,pose0,Capacitor,2,-0.2206,circuit_1134.jpg,correct_better
0.1049,0.104,0,pose6,V-DC,3,0.0009,circuit_1134.jpg,tied
0.1107,0.1095,0,pose6,V-DC,4,0.0012,circuit_1134.jpg,tied
0.0996,0.0997,1,pose2,I-DC,5,-0.0,circuit_1134.jpg,tied
0.1243,0.3679,1,pose2,Inductor,7,-0.2436,circuit_1134.jpg,correct_better
0.1198,0.3679,1,pose2,Inductor,8,-0.2481,circuit_1134.jpg,correct_better
0.1132,0.3234,1,pose2,Inductor,9,-0.2103,circuit_1134.jpg,correct_better
0.1148,0.3318,1,pose2,Inductor,10,-0.217,circuit_1134.jpg,correct_better
0.1696,0.387,1,pose0,Capacitor,11,-0.2173,circuit_1134.jpg,correct_better
0.1805,0.3984,1,pose0,Capacitor,12,-0.2179,circuit_1134.jpg,correct_better
0.1741,0.396,1,pose0,Capacitor,13,-0.2219,circuit_1134.jpg,correct_better
0.1178,0.3479,1,pose0,Resistor,0,-0.2301,circuit_1135.jpg,correct_better
0.1161,0.3476,1,pose0,Inductor,1,-0.2315,circuit_1135.jpg,correct_better
0.1235,0.1223,0,pose6,V-DC,2,0.0013,circuit_1135.jpg,tied
0.1405,0.2785,1,pose2,Resistor,3,-0.138,circuit_1135.jpg,correct_better
0.1668,0.3919,1,pose0,Capacitor,5,-0.2252,circuit_1135.jpg,correct_better
0.1746,0.3952,1,pose0,Capacitor,0,-0.2207,circuit_1145.jpg,correct_better
0.1155,0.2259,1,pose2,Resistor,1,-0.1104,circuit_1145.jpg,correct_better
0.1129,0.3919,1,pose0,I-AC,2,-0.279,circuit_1145.jpg,correct_better
0.1208,0.3485,1,pose2,Inductor,4,-0.2277,circuit_1145.jpg,correct_better
0.119,0.3435,1,pose0,Resistor,5,-0.2245,circuit_1145.jpg,correct_better
,,1,pose0,V-AC,0,,circuit_1162.jpg,no_wrong_pose
0.1005,0.1004,0,pose4,I-DC,1,0.0002,circuit_1162.jpg,tied
0.1716,0.1728,1,pose0,Diode,2,-0.0013,circuit_1162.jpg,tied
0.158,0.1564,0,pose4,Zener Diode,5,0.0016,circuit_1162.jpg,tied
0.1273,0.3675,1,pose0,Inductor,6,-0.2402,circuit_1162.jpg,correct_better
0.1716,0.1728,1,pose0,Diode,7,-0.0013,circuit_1162.jpg,tied
0.1346,0.3729,1,pose0,Inductor,8,-0.2384,circuit_1162.jpg,correct_better
0.2114,0.4151,1,pose2,Capacitor,9,-0.2037,circuit_1162.jpg,correct_better
0.1554,0.1536,0,pose4,Zener Diode,10,0.0018,circuit_1162.jpg,tied
0.1562,0.1545,0,pose4,Zener Diode,11,0.0016,circuit_1162.jpg,tied
0.1703,0.1715,1,pose0,Diode,12,-0.0012,circuit_1162.jpg,tied
0.1808,0.3883,1,pose2,Capacitor,13,-0.2075,circuit_1162.jpg,correct_better
0.1638,0.1651,1,pose0,Diode,14,-0.0013,circuit_1162.jpg,tied
0.2043,0.4057,1,pose2,Capacitor,15,-0.2014,circuit_1162.jpg,correct_better
0.1267,0.3546,1,pose2,Resistor,16,-0.2279,circuit_1162.jpg,correct_better
0.1659,0.1672,1,pose0,Diode,17,-0.0014,circuit_1162.jpg,tied
0.1142,0.268,1,pose0,Resistor,0,-0.1538,circuit_1166.jpg,correct_better
0.1158,0.236,1,pose0,Resistor,1,-0.1203,circuit_1166.jpg,correct_better
0.2928,0.2456,0,pose2,BJT-PNP,2,0.0472,circuit_1166.jpg,wrong_better
,,0,pose2,BJT-PNP,3,,circuit_1166.jpg,no_correct_pose
0.2819,0.1437,0,pose6,BJT-NPN,4,0.1382,circuit_1166.jpg,wrong_better
0.3398,0.2338,0,pose2,BJT-PNP,5,0.106,circuit_1166.jpg,wrong_better
0.1647,0.1659,1,pose0,Diode,6,-0.0012,circuit_1166.jpg,tied
0.275,0.1353,0,pose6,BJT-NPN,7,0.1397,circuit_1166.jpg,wrong_better
0.1196,0.3719,1,pose2,Resistor,9,-0.2523,circuit_1166.jpg,correct_better
0.1639,0.1652,1,pose0,Diode,10,-0.0013,circuit_1166.jpg,tied
0.3389,0.2555,0,pose2,BJT-PNP,12,0.0834,circuit_1166.jpg,wrong_better
0.1284,0.3688,1,pose2,Resistor,14,-0.2404,circuit_1166.jpg,correct_better
0.2753,0.1501,0,pose6,BJT-NPN,15,0.1252,circuit_1166.jpg,wrong_better
0.1313,0.3731,1,pose2,Resistor,17,-0.2418,circuit_1166.jpg,correct_better
0.2854,0.1556,0,pose6,BJT-NPN,19,0.1298,circuit_1166.jpg,wrong_better
0.2723,0.145,0,pose6,BJT-NPN,21,0.1273,circuit_1166.jpg,wrong_better
0.1152,0.3617,1,pose2,Resistor,22,-0.2466,circuit_1166.jpg,correct_better
0.1207,0.3467,1,pose2,Resistor,6,-0.2261,circuit_1172.jpg,correct_better
0.1181,0.3475,1,pose2,Resistor,7,-0.2294,circuit_1172.jpg,correct_better
0.117,0.3451,1,pose0,Resistor,8,-0.2281,circuit_1172.jpg,correct_better
0.1079,0.3331,1,pose0,Resistor,9,-0.2252,circuit_1172.jpg,correct_better
0.1088,0.3301,1,pose2,Resistor,10,-0.2212,circuit_1172.jpg,correct_better
0.1106,0.3325,1,pose2,Resistor,11,-0.2219,circuit_1172.jpg,correct_better
0.164,0.1653,1,pose0,Diode,12,-0.0013,circuit_1172.jpg,tied
0.1535,0.1548,1,pose0,Diode,13,-0.0013,circuit_1172.jpg,tied
,,0,pose2,BJT-PNP,14,,circuit_1172.jpg,no_correct_pose
,,0,pose2,BJT-PNP,15,,circuit_1172.jpg,no_correct_pose
0.2759,0.125,0,pose6,BJT-NPN,16,0.151,circuit_1172.jpg,wrong_better
,,0,pose2,BJT-PNP,17,,circuit_1172.jpg,no_correct_pose
0.2739,0.1356,0,pose6,BJT-NPN,18,0.1382,circuit_1172.jpg,wrong_better
0.2794,0.1344,0,pose2,BJT-NPN,19,0.145,circuit_1172.jpg,wrong_better
,,0,pose2,BJT-PNP,20,,circuit_1172.jpg,no_correct_pose
0.2732,0.1341,0,pose6,BJT-NPN,21,0.1392,circuit_1172.jpg,wrong_better
0.2755,0.1265,0,pose6,BJT-NPN,22,0.149,circuit_1172.jpg,wrong_better
0.1168,0.3601,1,pose0,Resistor,0,-0.2433,circuit_1183.jpg,correct_better
0.1101,0.3909,1,pose2,V-AC,1,-0.2809,circuit_1183.jpg,correct_better
0.1677,0.2854,1,pose0,Capacitor,2,-0.1178,circuit_1183.jpg,correct_better
0.1122,0.228,1,pose2,Inductor,4,-0.1158,circuit_1183.jpg,correct_better
0.118,0.3433,1,pose2,Resistor,5,-0.2253,circuit_1183.jpg,correct_better
,,0,pose3,Op-Amp,0,,circuit_1194.jpg,no_correct_pose
,,0,pose3,Op-Amp,1,,circuit_1194.jpg,no_correct_pose
,,0,pose3,Op-Amp,2,,circuit_1194.jpg,no_correct_pose
,,0,pose2,Op-Amp,3,,circuit_1194.jpg,no_correct_pose
,,0,pose6,Op-Amp,4,,circuit_1194.jpg,no_correct_pose
0.1038,0.1027,0,pose6,V-DC,11,0.0011,circuit_1194.jpg,tied
0.1671,0.3868,1,pose2,Capacitor,12,-0.2197,circuit_1194.jpg,correct_better
0.1743,0.2613,1,pose2,Capacitor,13,-0.087,circuit_1194.jpg,correct_better
0.1696,0.3836,1,pose2,Capacitor,14,-0.214,circuit_1194.jpg,correct_better
0.1222,0.3423,1,pose0,Resistor,15,-0.2201,circuit_1194.jpg,correct_better
0.1172,0.3408,1,pose0,Resistor,16,-0.2236,circuit_1194.jpg,correct_better
0.1155,0.3451,1,pose0,Resistor,17,-0.2296,circuit_1194.jpg,correct_better
0.1187,0.3561,1,pose0,Resistor,18,-0.2374,circuit_1194.jpg,correct_better
0.1186,0.3492,1,pose0,Resistor,19,-0.2306,circuit_1194.jpg,correct_better
0.1215,0.3534,1,pose0,Inductor,20,-0.2319,circuit_1194.jpg,correct_better
0.1226,0.3552,1,pose0,Inductor,21,-0.2326,circuit_1194.jpg,correct_better
0.1234,0.365,1,pose0,Inductor,22,-0.2416,circuit_1194.jpg,correct_better
0.1001,0.0998,0,pose6,I-DC,23,0.0003,circuit_1194.jpg,tied
,,0,pose2,BJT-PNP,0,,circuit_1201.jpg,no_correct_pose
0.274,0.1465,0,pose6,BJT-NPN,1,0.1274,circuit_1201.jpg,wrong_better
,,0,pose2,BJT-PNP,2,,circuit_1201.jpg,no_correct_pose
0.1387,0.1401,1,pose2,BJT-NPN,3,-0.0014,circuit_1201.jpg,tied
0.1264,0.3608,1,pose2,Resistor,4,-0.2344,circuit_1201.jpg,correct_better
,,0,pose2,BJT-PNP,6,,circuit_1201.jpg,no_correct_pose
0.1717,0.1731,1,pose0,Diode,8,-0.0014,circuit_1201.jpg,tied
0.1265,0.3675,1,pose0,Resistor,10,-0.241,circuit_1201.jpg,correct_better
0.2792,0.2349,0,pose2,BJT-PNP,11,0.0443,circuit_1201.jpg,wrong_better
0.1394,0.1368,0,pose6,BJT-NPN,12,0.0026,circuit_1201.jpg,tied
0.1254,0.3675,1,pose2,Resistor,13,-0.2421,circuit_1201.jpg,correct_better
0.1257,0.3644,1,pose0,Resistor,15,-0.2387,circuit_1201.jpg,correct_better
0.1285,0.3116,1,pose2,Resistor,16,-0.1831,circuit_1201.jpg,correct_better
0.1785,0.1799,1,pose0,Diode,17,-0.0014,circuit_1201.jpg,tied
0.2842,0.1471,0,pose6,BJT-NPN,18,0.1371,circuit_1201.jpg,wrong_better
0.1257,0.3575,1,pose2,Resistor,20,-0.2318,circuit_1201.jpg,correct_better
0.0858,0.0857,0,pose4,I-DC,0,0.0001,circuit_1202.jpg,tied
0.1551,0.3545,1,pose0,Capacitor,1,-0.1994,circuit_1202.jpg,correct_better
0.1075,0.2214,1,pose2,Resistor,2,-0.1138,circuit_1202.jpg,correct_better
0.1113,0.343,1,pose0,Resistor,3,-0.2317,circuit_1202.jpg,correct_better
0.1032,0.2105,1,pose2,Inductor,4,-0.1073,circuit_1202.jpg,correct_better
0.0861,0.086,0,pose4,V-DC,6,0.0001,circuit_1202.jpg,tied
0.1267,0.3651,1,pose0,Resistor,0,-0.2383,circuit_1203.jpg,correct_better
,,1,pose0,V-AC,1,,circuit_1203.jpg,no_wrong_pose
0.123,0.2277,1,pose2,Inductor,2,-0.1048,circuit_1203.jpg,correct_better
,,1,pose0,V-AC,3,,circuit_1203.jpg,no_wrong_pose
0.1759,0.3874,1,pose0,Capacitor,4,-0.2114,circuit_1203.jpg,correct_better
0.1151,0.3433,1,pose2,Resistor,6,-0.2282,circuit_1203.jpg,correct_better
0.0992,0.0993,1,pose0,V-DC,0,-0.0001,circuit_1204.jpg,tied
0.0966,0.0965,0,pose4,I-DC,1,0.0002,circuit_1204.jpg,tied
0.1131,0.3459,1,pose0,Inductor,2,-0.2328,circuit_1204.jpg,correct_better
0.1686,0.3064,1,pose0,Capacitor,3,-0.1378,circuit_1204.jpg,correct_better
0.1078,0.3386,1,pose0,Resistor,5,-0.2308,circuit_1204.jpg,correct_better
0.1102,0.3391,1,pose2,Resistor,6,-0.2288,circuit_1204.jpg,correct_better
0.0944,0.0943,0,pose4,V-DC,0,0.0001,circuit_1205.jpg,tied
0.0904,0.0906,1,pose0,I-DC,1,-0.0002,circuit_1205.jpg,tied
0.108,0.3419,1,pose0,Inductor,2,-0.2338,circuit_1205.jpg,correct_better
0.1101,0.339,1,pose0,Resistor,4,-0.2289,circuit_1205.jpg,correct_better
0.156,0.3696,1,pose0,Capacitor,5,-0.2137,circuit_1205.jpg,correct_better
,,1,pose0,V-AC,0,,circuit_1209.jpg,no_wrong_pose
0.1045,0.1046,1,pose0,V-DC,1,-0.0001,circuit_1209.jpg,tied
0.1009,0.3798,1,pose0,I-AC,2,-0.2789,circuit_1209.jpg,correct_better
0.099,0.0989,0,pose4,I-DC,3,0.0,circuit_1209.jpg,tied
0.1674,0.3804,1,pose0,Capacitor,4,-0.213,circuit_1209.jpg,correct_better
,,1,pose0,Capacitor,5,,circuit_1209.jpg,no_wrong_pose
0.1622,0.3785,1,pose0,Capacitor,6,-0.2163,circuit_1209.jpg,correct_better
0.1176,0.3775,1,pose2,Inductor,7,-0.2599,circuit_1209.jpg,correct_better
0.1188,0.376,1,pose2,Inductor,8,-0.2572,circuit_1209.jpg,correct_better
0.1134,0.3788,1,pose2,Inductor,9,-0.2654,circuit_1209.jpg,correct_better
0.1723,0.3912,1,pose0,Capacitor,11,-0.2189,circuit_1209.jpg,correct_better
0.1019,0.1019,1,pose0,V-DC,12,-0.0,circuit_1209.jpg,tied
0.1198,0.3789,1,pose2,Inductor,13,-0.2592,circuit_1209.jpg,correct_better
0.0961,0.385,1,pose2,I-AC,0,-0.2889,circuit_1233.jpg,correct_better
0.1014,0.388,1,pose0,I-AC,1,-0.2866,circuit_1233.jpg,correct_better
0.2677,0.1411,0,pose0,MOSFET-P,2,0.1266,circuit_1233.jpg,wrong_better
0.1811,0.1594,0,pose6,MOSFET-N,3,0.0217,circuit_1233.jpg,wrong_better
,,1,pose0,V-AC,4,,circuit_1233.jpg,no_wrong_pose
0.1192,0.3435,1,pose0,Resistor,5,-0.2244,circuit_1233.jpg,correct_better
0.3201,0.1531,0,pose4,MOSFET-N,6,0.1671,circuit_1233.jpg,wrong_better
,,1,pose0,V-AC,7,,circuit_1233.jpg,no_wrong_pose
0.093,0.0931,1,pose0,V-DC,8,-0.0001,circuit_1233.jpg,tied
0.2714,0.2696,0,pose0,MOSFET-P,9,0.0018,circuit_1233.jpg,tied
0.2487,0.1603,0,pose6,MOSFET-N,12,0.0884,circuit_1233.jpg,wrong_better
0.263,0.1655,0,pose6,MOSFET-N,13,0.0975,circuit_1233.jpg,wrong_better
0.1346,0.1329,0,pose4,Zener Diode,14,0.0017,circuit_1233.jpg,tied
0.1213,0.3573,1,pose2,Resistor,0,-0.236,circuit_1239.jpg,correct_better
0.1906,0.4465,1,pose1,Resistor,1,-0.2559,circuit_1239.jpg,correct_better
0.1289,0.3624,1,pose2,Resistor,2,-0.2335,circuit_1239.jpg,correct_better
0.1214,0.1216,1,pose0,V-DC,3,-0.0002,circuit_1239.jpg,tied
0.112,0.1121,1,pose0,V-DC,4,-0.0001,circuit_1239.jpg,tied
0.1751,0.3939,1,pose0,Capacitor,5,-0.2188,circuit_1239.jpg,correct_better
0.1183,0.3623,1,pose2,Inductor,6,-0.244,circuit_1239.jpg,correct_better
0.2053,0.205,0,pose4,I-DC,8,0.0002,circuit_1239.jpg,tied
,,0,pose2,BJT-PNP,0,,circuit_1241.jpg,no_correct_pose
,,0,pose3,BJT-PNP,1,,circuit_1241.jpg,no_correct_pose
0.1119,0.3407,1,pose2,Resistor,2,-0.2288,circuit_1241.jpg,correct_better
0.2756,0.1377,0,pose6,BJT-NPN,3,0.138,circuit_1241.jpg,wrong_better
0.1111,0.3376,1,pose2,Resistor,4,-0.2266,circuit_1241.jpg,correct_better
0.1365,0.368,1,pose0,Resistor,5,-0.2314,circuit_1241.jpg,correct_better
0.1611,0.1623,1,pose0,Diode,6,-0.0012,circuit_1241.jpg,tied
0.135,0.3696,1,pose2,Resistor,7,-0.2346,circuit_1241.jpg,correct_better
0.2778,0.1458,0,pose6,BJT-NPN,8,0.132,circuit_1241.jpg,wrong_better
0.2767,0.1299,0,pose6,BJT-NPN,9,0.1468,circuit_1241.jpg,wrong_better
0.1415,0.3713,1,pose0,Resistor,10,-0.2297,circuit_1241.jpg,correct_better
0.1599,0.1574,0,pose6,Diode,11,0.0025,circuit_1241.jpg,tied
0.1327,0.3623,1,pose2,Resistor,12,-0.2296,circuit_1241.jpg,correct_better
0.2845,0.1519,0,pose6,BJT-NPN,14,0.1326,circuit_1241.jpg,wrong_better
0.2326,0.1468,0,pose6,BJT-NPN,16,0.0858,circuit_1241.jpg,wrong_better
,,0,pose2,BJT-PNP,19,,circuit_1241.jpg,no_correct_pose
0.1868,0.3917,1,pose2,Capacitor,0,-0.2049,circuit_1243.jpg,correct_better
0.1135,0.1134,0,pose4,V-DC,1,0.0001,circuit_1243.jpg,tied
,,0,pose7,Op-Amp,2,,circuit_1243.jpg,no_correct_pose
0.1271,0.3635,1,pose0,Resistor,3,-0.2363,circuit_1243.jpg,correct_better
,,0,pose3,Op-Amp,4,,circuit_1243.jpg,no_correct_pose
0.1208,0.3499,1,pose0,Inductor,5,-0.2291,circuit_1243.jpg,correct_better
0.1409,0.3771,1,pose0,Resistor,6,-0.2362,circuit_1243.jpg,correct_better
0.1424,0.2487,1,pose0,Resistor,7,-0.1064,circuit_1243.jpg,correct_better
0.119,0.3509,1,pose0,Inductor,8,-0.2319,circuit_1243.jpg,correct_better
0.195,0.3964,1,pose2,Capacitor,9,-0.2015,circuit_1243.jpg,correct_better
0.1736,0.43,1,pose0,Resistor,10,-0.2564,circuit_1243.jpg,correct_better
0.1089,0.2218,1,pose0,Op-Amp,11,-0.1129,circuit_1243.jpg,correct_better
,,0,pose3,Op-Amp,12,,circuit_1243.jpg,no_correct_pose
0.1103,0.1101,0,pose6,I-DC,13,0.0002,circuit_1243.jpg,tied
0.118,0.3513,1,pose0,Inductor,14,-0.2333,circuit_1243.jpg,correct_better
0.1937,0.3933,1,pose2,Capacitor,15,-0.1996,circuit_1243.jpg,correct_better
,,0,pose0,Op-Amp,16,,circuit_1243.jpg,no_correct_pose
0.1332,0.3745,1,pose0,Resistor,17,-0.2413,circuit_1243.jpg,correct_better
0.1676,0.3851,1,pose2,Capacitor,0,-0.2175,circuit_1244.jpg,correct_better
0.112,0.1109,0,pose6,V-DC,1,0.0011,circuit_1244.jpg,tied
0.3455,0.0945,0,pose4,Op-Amp,2,0.2509,circuit_1244.jpg,wrong_better
0.1325,0.3643,1,pose0,Resistor,4,-0.2318,circuit_1244.jpg,correct_better
0.1287,0.3707,1,pose0,Inductor,5,-0.242,circuit_1244.jpg,correct_better
0.1234,0.3565,1,pose0,Resistor,6,-0.2331,circuit_1244.jpg,correct_better
0.1635,0.2091,1,pose0,Op-Amp,7,-0.0456,circuit_1244.jpg,correct_better
0.1671,0.3778,1,pose2,Capacitor,8,-0.2108,circuit_1244.jpg,correct_better
0.1717,0.2088,1,pose0,Op-Amp,9,-0.0371,circuit_1244.jpg,correct_better
0.1246,0.3589,1,pose0,Resistor,10,-0.2343,circuit_1244.jpg,correct_better
0.1244,0.366,1,pose0,Inductor,11,-0.2415,circuit_1244.jpg,correct_better
0.1091,0.109,0,pose6,I-DC,12,0.0001,circuit_1244.jpg,tied
,,0,pose3,Op-Amp,13,,circuit_1244.jpg,no_correct_pose
0.1221,0.3686,1,pose0,Resistor,14,-0.2465,circuit_1244.jpg,correct_better
0.1168,0.3538,1,pose0,Inductor,15,-0.237,circuit_1244.jpg,correct_better
0.163,0.379,1,pose2,Capacitor,16,-0.216,circuit_1244.jpg,correct_better
,,0,pose0,Op-Amp,17,,circuit_1244.jpg,no_correct_pose
0.1268,0.3744,1,pose0,Resistor,19,-0.2475,circuit_1244.jpg,correct_better
0.0985,0.0984,0,pose4,V-DC,0,0.0001,circuit_125.jpg,tied
0.1112,0.352,1,pose0,Inductor,1,-0.2409,circuit_125.jpg,correct_better
0.0978,0.0977,0,pose4,I-DC,2,0.0001,circuit_125.jpg,tied
0.1573,0.3765,1,pose0,Capacitor,3,-0.2193,circuit_125.jpg,correct_better
0.1513,0.3824,1,pose0,Capacitor,4,-0.2311,circuit_125.jpg,correct_better
0.1138,0.315,1,pose0,Resistor,5,-0.2013,circuit_125.jpg,correct_better
0.1065,0.3463,1,pose2,Resistor,6,-0.2398,circuit_125.jpg,correct_better
0.1411,0.3347,1,pose7,Resistor,0,-0.1936,circuit_1252.jpg,correct_better
0.1187,0.3641,1,pose0,Resistor,1,-0.2454,circuit_1252.jpg,correct_better
0.1175,0.3374,1,pose2,Resistor,2,-0.2199,circuit_1252.jpg,correct_better
0.12,0.3496,1,pose2,Resistor,3,-0.2296,circuit_1252.jpg,correct_better
0.3435,0.2396,0,pose2,BJT-PNP,4,0.1039,circuit_1252.jpg,wrong_better
0.3362,0.252,0,pose2,BJT-PNP,5,0.0842,circuit_1252.jpg,wrong_better
0.2803,0.1471,0,pose2,BJT-NPN,6,0.1331,circuit_1252.jpg,wrong_better
0.2787,0.1451,0,pose6,BJT-NPN,7,0.1336,circuit_1252.jpg,wrong_better
0.2786,0.1476,0,pose2,BJT-NPN,8,0.131,circuit_1252.jpg,wrong_better
0.1555,0.1568,1,pose0,Diode,11,-0.0012,circuit_1252.jpg,tied
0.2752,0.1481,0,pose2,BJT-NPN,12,0.1271,circuit_1252.jpg,wrong_better
0.136,0.3599,1,pose2,Resistor,13,-0.224,circuit_1252.jpg,correct_better
0.2852,0.1516,0,pose6,BJT-NPN,15,0.1336,circuit_1252.jpg,wrong_better
0.1516,0.1528,1,pose0,Diode,16,-0.0012,circuit_1252.jpg,tied
0.1327,0.3568,1,pose2,Resistor,17,-0.224,circuit_1252.jpg,correct_better
0.2482,0.1493,0,pose6,BJT-NPN,19,0.0989,circuit_1252.jpg,wrong_better
0.2782,0.1444,0,pose6,BJT-NPN,21,0.1338,circuit_1252.jpg,wrong_better
0.0947,0.3846,1,pose0,I-AC,0,-0.2899,circuit_1256.jpg,correct_better
0.1739,0.3842,1,pose0,Capacitor,2,-0.2103,circuit_1256.jpg,correct_better
0.1682,0.2858,1,pose0,Capacitor,3,-0.1176,circuit_1256.jpg,correct_better
0.1565,0.2718,1,pose0,Capacitor,4,-0.1153,circuit_1256.jpg,correct_better
0.1701,0.1579,0,pose2,Capacitor,5,0.0122,circuit_1256.jpg,tied
0.1726,0.2626,1,pose0,Capacitor,6,-0.09,circuit_1256.jpg,correct_better
0.1563,0.3856,1,pose0,Capacitor,7,-0.2294,circuit_1256.jpg,correct_better
0.1131,0.293,1,pose2,Inductor,8,-0.1799,circuit_1256.jpg,correct_better
0.1176,0.2399,1,pose2,Inductor,9,-0.1224,circuit_1256.jpg,correct_better
0.1185,0.2774,1,pose2,Inductor,10,-0.1589,circuit_1256.jpg,correct_better
0.1089,0.3431,1,pose0,Inductor,11,-0.2341,circuit_1256.jpg,correct_better
0.1195,0.3783,1,pose2,Resistor,12,-0.2588,circuit_1256.jpg,correct_better
0.1294,0.3711,1,pose2,Resistor,13,-0.2417,circuit_1256.jpg,correct_better
0.1257,0.2332,1,pose2,Resistor,14,-0.1075,circuit_1256.jpg,correct_better
0.0981,0.0969,0,pose6,V-DC,15,0.0012,circuit_1256.jpg,tied
0.109,0.1077,0,pose6,V-DC,16,0.0012,circuit_1256.jpg,tied
0.095,0.1461,1,pose2,I-AC,17,-0.051,circuit_1256.jpg,correct_better
0.093,0.0931,1,pose0,V-DC,0,-0.0001,circuit_1258.jpg,tied
0.1462,0.3667,1,pose0,Capacitor,1,-0.2205,circuit_1258.jpg,correct_better
0.1125,0.3531,1,pose2,Inductor,2,-0.2406,circuit_1258.jpg,correct_better
0.1073,0.3342,1,pose0,Resistor,3,-0.2269,circuit_1258.jpg,correct_better
0.1054,0.3443,1,pose0,Inductor,4,-0.2389,circuit_1258.jpg,correct_better
0.1466,0.1441,0,pose6,I-DC,5,0.0025,circuit_1258.jpg,tied
0.1108,0.3524,1,pose2,Resistor,6,-0.2416,circuit_1258.jpg,correct_better
0.0945,0.3793,1,pose0,I-AC,0,-0.2848,circuit_1262.jpg,correct_better
0.1017,0.3983,1,pose0,V-AC,1,-0.2965,circuit_1262.jpg,correct_better
0.1484,0.3765,1,pose0,Capacitor,2,-0.2281,circuit_1262.jpg,correct_better
0.1106,0.3385,1,pose0,Resistor,3,-0.2279,circuit_1262.jpg,correct_better
0.1076,0.3463,1,pose2,Resistor,4,-0.2386,circuit_1262.jpg,correct_better
0.1087,0.3464,1,pose0,Inductor,5,-0.2377,circuit_1262.jpg,correct_better
0.102,0.1019,0,pose4,V-DC,0,0.0,circuit_1268.jpg,tied
0.1028,0.103,1,pose0,V-DC,1,-0.0001,circuit_1268.jpg,tied
0.1651,0.3722,1,pose2,Capacitor,3,-0.2072,circuit_1268.jpg,correct_better
0.1094,0.3792,1,pose0,I-AC,4,-0.2698,circuit_1268.jpg,correct_better
0.1048,0.1053,1,pose0,I-DC,5,-0.0005,circuit_1268.jpg,tied
0.1178,0.3549,1,pose0,Inductor,6,-0.2371,circuit_1268.jpg,correct_better
0.1172,0.3578,1,pose0,Inductor,7,-0.2406,circuit_1268.jpg,correct_better
0.1683,0.3838,1,pose2,Capacitor,8,-0.2154,circuit_1268.jpg,correct_better
0.1769,0.3852,1,pose2,Capacitor,9,-0.2083,circuit_1268.jpg,correct_better
0.1169,0.3616,1,pose0,Inductor,10,-0.2446,circuit_1268.jpg,correct_better
0.1485,0.3785,1,pose0,Capacitor,11,-0.2301,circuit_1268.jpg,correct_better
0.1228,0.3624,1,pose0,Inductor,12,-0.2397,circuit_1268.jpg,correct_better
,,1,pose0,V-AC,13,,circuit_1268.jpg,no_wrong_pose
0.1063,0.3902,1,pose2,I-AC,0,-0.2839,circuit_1272.jpg,correct_better
0.1149,0.3974,1,pose0,I-AC,1,-0.2825,circuit_1272.jpg,correct_better
0.113,0.1129,0,pose4,V-DC,2,0.0001,circuit_1272.jpg,tied
,,1,pose0,V-AC,3,,circuit_1272.jpg,no_wrong_pose
,,0,pose2,MOSFET-P,5,,circuit_1272.jpg,no_correct_pose
,,1,pose0,V-AC,6,,circuit_1272.jpg,no_wrong_pose
,,0,pose2,MOSFET-P,7,,circuit_1272.jpg,no_correct_pose
0.2597,0.172,0,pose6,MOSFET-N,8,0.0878,circuit_1272.jpg,wrong_better
0.1485,0.1532,1,pose2,Zener Diode,9,-0.0047,circuit_1272.jpg,tied
,,0,pose2,MOSFET-P,10,,circuit_1272.jpg,no_correct_pose
0.1883,0.1626,0,pose6,MOSFET-N,11,0.0257,circuit_1272.jpg,wrong_better
0.1458,0.3842,1,pose0,Resistor,12,-0.2385,circuit_1272.jpg,correct_better
0.2775,0.1851,0,pose6,MOSFET-N,14,0.0924,circuit_1272.jpg,wrong_better
0.1203,0.344,1,pose0,Resistor,0,-0.2237,circuit_136.jpg,correct_better
0.1225,0.342,1,pose0,Resistor,1,-0.2196,circuit_136.jpg,correct_better
0.1124,0.1125,1,pose0,V-DC,2,-0.0001,circuit_136.jpg,tied
0.1728,0.3734,1,pose0,Capacitor,4,-0.2006,circuit_136.jpg,correct_better
0.1248,0.3523,1,pose2,Resistor,5,-0.2276,circuit_136.jpg,correct_better
0.1266,0.3658,1,pose2,Inductor,6,-0.2392,circuit_136.jpg,correct_better
0.0843,0.0842,0,pose4,V-DC,0,0.0001,circuit_138.jpg,tied
0.1465,0.264,1,pose0,Capacitor,1,-0.1175,circuit_138.jpg,correct_better
0.0841,0.084,0,pose4,I-DC,2,0.0001,circuit_138.jpg,tied
0.1024,0.3496,1,pose0,Inductor,3,-0.2472,circuit_138.jpg,correct_better
0.1024,0.341,1,pose0,Resistor,4,-0.2386,circuit_138.jpg,correct_better
0.1026,0.2115,1,pose2,Resistor,5,-0.1089,circuit_138.jpg,correct_better
0.1288,0.362,1,pose0,Inductor,0,-0.2332,circuit_153.jpg,correct_better
0.1221,0.3527,1,pose0,Inductor,1,-0.2306,circuit_153.jpg,correct_better
0.1232,0.3582,1,pose0,Inductor,2,-0.235,circuit_153.jpg,correct_better
0.1222,0.3477,1,pose0,Inductor,3,-0.2255,circuit_153.jpg,correct_better
0.1875,0.3992,1,pose2,Capacitor,4,-0.2117,circuit_153.jpg,correct_better
0.1737,0.3871,1,pose2,Capacitor,5,-0.2133,circuit_153.jpg,correct_better
0.1745,0.4013,1,pose0,Capacitor,6,-0.2267,circuit_153.jpg,correct_better
0.1851,0.3943,1,pose2,Capacitor,7,-0.2093,circuit_153.jpg,correct_better
0.1218,0.1219,1,pose0,V-DC,9,-0.0001,circuit_153.jpg,tied
0.1145,0.1145,1,pose0,I-DC,10,-0.0,circuit_153.jpg,tied
0.1118,0.1118,1,pose0,V-DC,11,-0.0,circuit_153.jpg,tied
0.1167,0.3822,1,pose0,I-AC,12,-0.2655,circuit_153.jpg,correct_better
,,1,pose0,V-AC,13,,circuit_153.jpg,no_wrong_pose
,,1,pose0,V-AC,0,,circuit_155.jpg,no_wrong_pose
0.115,0.355,1,pose0,Inductor,1,-0.24,circuit_155.jpg,correct_better
0.1015,0.1014,0,pose6,I-DC,2,0.0002,circuit_155.jpg,tied
0.1358,0.1343,0,pose4,Zener Diode,3,0.0015,circuit_155.jpg,tied
0.1407,0.1453,1,pose2,Zener Diode,4,-0.0046,circuit_155.jpg,tied
0.1506,0.1518,1,pose0,Diode,5,-0.0012,circuit_155.jpg,tied
0.1125,0.3561,1,pose2,Resistor,6,-0.2436,circuit_155.jpg,correct_better
0.1114,0.3517,1,pose0,Inductor,7,-0.2403,circuit_155.jpg,correct_better
0.1624,0.1638,1,pose0,Diode,8,-0.0014,circuit_155.jpg,tied
0.1411,0.1394,0,pose4,Zener Diode,9,0.0017,circuit_155.jpg,tied
0.1536,0.1549,1,pose0,Diode,10,-0.0013,circuit_155.jpg,tied
0.1109,0.3453,1,pose0,Inductor,11,-0.2345,circuit_155.jpg,correct_better
0.1641,0.1655,1,pose0,Diode,12,-0.0014,circuit_155.jpg,tied
0.1621,0.1634,1,pose0,Diode,13,-0.0013,circuit_155.jpg,tied
0.1682,0.3847,1,pose2,Capacitor,15,-0.2165,circuit_155.jpg,correct_better
0.174,0.3881,1,pose2,Capacitor,16,-0.2141,circuit_155.jpg,correct_better
0.1768,0.3847,1,pose2,Capacitor,18,-0.2078,circuit_155.jpg,correct_better
0.111,0.3384,1,pose0,Resistor,0,-0.2274,circuit_170.jpg,correct_better
0.1134,0.3409,1,pose0,Resistor,1,-0.2276,circuit_170.jpg,correct_better
0.1516,0.3705,1,pose0,Capacitor,2,-0.2189,circuit_170.jpg,correct_better
0.1145,0.3427,1,pose2,Resistor,3,-0.2282,circuit_170.jpg,correct_better
0.1077,0.3392,1,pose0,Resistor,4,-0.2315,circuit_170.jpg,correct_better
0.1046,0.3485,1,pose0,Inductor,6,-0.2439,circuit_170.jpg,correct_better
0.093,0.0929,0,pose6,I-DC,7,0.0001,circuit_170.jpg,tied
0.0891,0.0889,0,pose6,I-DC,8,0.0001,circuit_170.jpg,tied
0.1084,0.3443,1,pose0,Inductor,9,-0.2359,circuit_170.jpg,correct_better
0.1061,0.3901,1,pose2,I-AC,0,-0.284,circuit_178.jpg,correct_better
0.1702,0.3917,1,pose0,Capacitor,1,-0.2215,circuit_178.jpg,correct_better
0.1114,0.23,1,pose0,Resistor,2,-0.1186,circuit_178.jpg,correct_better
,,1,pose0,V-AC,3,,circuit_178.jpg,no_wrong_pose
0.1216,0.3627,1,pose2,Inductor,4,-0.2412,circuit_178.jpg,correct_better
0.119,0.3403,1,pose2,Resistor,5,-0.2213,circuit_178.jpg,correct_better
0.1078,0.3924,1,pose2,I-AC,0,-0.2846,circuit_184.jpg,correct_better
0.1,0.0988,0,pose6,V-DC,1,0.0012,circuit_184.jpg,tied
0.1158,0.4009,1,pose2,V-AC,2,-0.2851,circuit_184.jpg,correct_better
0.1391,0.3773,1,pose0,Inductor,4,-0.2382,circuit_184.jpg,correct_better
0.1493,0.3981,1,pose0,Inductor,5,-0.2488,circuit_184.jpg,correct_better
0.1709,0.3989,1,pose0,Capacitor,7,-0.228,circuit_184.jpg,correct_better
0.1701,0.3859,1,pose2,Capacitor,8,-0.2158,circuit_184.jpg,correct_better
0.1841,0.3955,1,pose2,Capacitor,9,-0.2114,circuit_184.jpg,correct_better
0.1441,0.3883,1,pose0,Inductor,10,-0.2442,circuit_184.jpg,correct_better
0.1941,0.3602,1,pose3,Capacitor,11,-0.1661,circuit_184.jpg,correct_better
0.1447,0.3874,1,pose0,Inductor,12,-0.2427,circuit_184.jpg,correct_better
0.1163,0.3431,1,pose0,Resistor,0,-0.2268,circuit_185.jpg,correct_better
0.1705,0.3943,1,pose0,Capacitor,1,-0.2238,circuit_185.jpg,correct_better
0.1135,0.3964,1,pose2,V-AC,2,-0.2828,circuit_185.jpg,correct_better
0.1167,0.3521,1,pose2,Inductor,4,-0.2354,circuit_185.jpg,correct_better
0.1019,0.102,1,pose0,I-DC,0,-0.0001,circuit_187.jpg,tied
0.1017,0.1017,0,pose4,V-DC,1,0.0001,circuit_187.jpg,tied
0.0995,0.0996,1,pose0,V-DC,2,-0.0001,circuit_187.jpg,tied
0.1616,0.3749,1,pose0,Capacitor,3,-0.2133,circuit_187.jpg,correct_better
,,1,pose0,V-AC,4,,circuit_187.jpg,no_wrong_pose
0.1685,0.3747,1,pose0,Capacitor,5,-0.2062,circuit_187.jpg,correct_better
0.1661,0.3698,1,pose0,Capacitor,6,-0.2037,circuit_187.jpg,correct_better
0.1003,0.3882,1,pose0,I-AC,7,-0.2879,circuit_187.jpg,correct_better
0.1114,0.265,1,pose2,Resistor,9,-0.1536,circuit_187.jpg,correct_better
0.1201,0.3536,1,pose2,Inductor,10,-0.2334,circuit_187.jpg,correct_better
0.1248,0.3674,1,pose2,Inductor,11,-0.2426,circuit_187.jpg,correct_better
0.172,0.3805,1,pose0,Capacitor,12,-0.2085,circuit_187.jpg,correct_better
0.1206,0.3624,1,pose2,Inductor,13,-0.2418,circuit_187.jpg,correct_better
0.0955,0.0953,0,pose6,I-DC,0,0.0002,circuit_19.jpg,tied
0.0961,0.0961,1,pose0,V-DC,1,-0.0,circuit_19.jpg,tied
0.1106,0.3359,1,pose0,Resistor,3,-0.2253,circuit_19.jpg,correct_better
0.106,0.3329,1,pose0,Resistor,4,-0.2268,circuit_19.jpg,correct_better
0.1119,0.3577,1,pose0,Inductor,5,-0.2458,circuit_19.jpg,correct_better
0.1059,0.3453,1,pose0,Resistor,6,-0.2395,circuit_19.jpg,correct_better
0.1075,0.3582,1,pose2,Inductor,7,-0.2508,circuit_19.jpg,correct_better
0.1087,0.2046,1,pose2,Inductor,8,-0.096,circuit_19.jpg,correct_better
0.1058,0.1047,0,pose6,V-DC,0,0.0011,circuit_193.jpg,tied
0.1153,0.3623,1,pose0,Inductor,1,-0.247,circuit_193.jpg,correct_better
0.1236,0.3598,1,pose0,Inductor,2,-0.2362,circuit_193.jpg,correct_better
0.1509,0.1493,0,pose4,Zener Diode,3,0.0016,circuit_193.jpg,tied
0.1219,0.3699,1,pose0,Inductor,4,-0.248,circuit_193.jpg,correct_better
0.1259,0.3649,1,pose0,Resistor,5,-0.239,circuit_193.jpg,correct_better
0.1512,0.1497,0,pose4,Zener Diode,6,0.0015,circuit_193.jpg,tied
0.1294,0.3803,1,pose2,Inductor,7,-0.2508,circuit_193.jpg,correct_better
0.1297,0.3574,1,pose2,Resistor,8,-0.2277,circuit_193.jpg,correct_better
0.1395,0.3768,1,pose0,Resistor,9,-0.2373,circuit_193.jpg,correct_better
0.1786,0.3863,1,pose2,Capacitor,10,-0.2078,circuit_193.jpg,correct_better
0.1311,0.2597,1,pose2,Resistor,11,-0.1285,circuit_193.jpg,correct_better
0.1642,0.1654,1,pose0,Diode,12,-0.0012,circuit_193.jpg,tied
0.1646,0.1659,1,pose0,Diode,13,-0.0013,circuit_193.jpg,tied
0.1634,0.1648,1,pose0,Diode,14,-0.0014,circuit_193.jpg,tied
0.146,0.3948,1,pose2,Resistor,15,-0.2487,circuit_193.jpg,correct_better
0.1056,0.3933,1,pose2,V-AC,17,-0.2877,circuit_193.jpg,correct_better
0.1446,0.1429,0,pose4,Zener Diode,18,0.0017,circuit_193.jpg,tied
0.1444,0.1427,0,pose4,Zener Diode,19,0.0017,circuit_193.jpg,tied
0.1076,0.3508,1,pose0,Inductor,0,-0.2432,circuit_198.jpg,correct_better
0.1034,0.3461,1,pose2,V-AC,1,-0.2428,circuit_198.jpg,correct_better
0.0993,0.0992,0,pose6,I-DC,2,0.0001,circuit_198.jpg,tied
0.1714,0.3746,1,pose2,Capacitor,4,-0.2032,circuit_198.jpg,correct_better
0.1798,0.38,1,pose2,Capacitor,5,-0.2002,circuit_198.jpg,correct_better
0.1883,0.3908,1,pose2,Capacitor,6,-0.2025,circuit_198.jpg,correct_better
0.1122,0.3566,1,pose0,Inductor,7,-0.2444,circuit_198.jpg,correct_better
0.1152,0.2588,1,pose0,Inductor,8,-0.1436,circuit_198.jpg,correct_better
0.1562,0.1575,1,pose0,Diode,9,-0.0013,circuit_198.jpg,tied
0.1525,0.1538,1,pose0,Diode,10,-0.0013,circuit_198.jpg,tied
0.1581,0.1594,1,pose0,Diode,11,-0.0013,circuit_198.jpg,tied
0.1534,0.1548,1,pose0,Diode,12,-0.0014,circuit_198.jpg,tied
0.1502,0.1515,1,pose0,Diode,13,-0.0012,circuit_198.jpg,tied
0.1168,0.3517,1,pose2,Resistor,14,-0.2349,circuit_198.jpg,correct_better
0.1281,0.1266,0,pose4,Zener Diode,16,0.0015,circuit_198.jpg,tied
0.1252,0.1298,1,pose2,Zener Diode,17,-0.0046,circuit_198.jpg,tied
0.1306,0.1354,1,pose2,Zener Diode,18,-0.0048,circuit_198.jpg,tied
0.1065,0.3873,1,pose2,I-AC,0,-0.2808,circuit_205.jpg,correct_better
0.1098,0.1098,1,pose0,V-DC,1,-0.0001,circuit_205.jpg,tied
,,0,pose6,MOSFET-P,2,,circuit_205.jpg,no_correct_pose
0.1075,0.3915,1,pose2,I-AC,3,-0.284,circuit_205.jpg,correct_better
,,0,pose2,MOSFET-P,4,,circuit_205.jpg,no_correct_pose
0.2594,0.1653,0,pose6,MOSFET-N,5,0.0941,circuit_205.jpg,wrong_better
0.1129,0.3937,1,pose2,V-AC,8,-0.2808,circuit_205.jpg,correct_better
0.2783,0.1566,0,pose6,MOSFET-N,9,0.1216,circuit_205.jpg,wrong_better
0.1673,0.3428,1,pose2,V-AC,10,-0.1755,circuit_205.jpg,correct_better
,,0,pose2,MOSFET-P,11,,circuit_205.jpg,no_correct_pose
0.1367,0.3788,1,pose0,Resistor,12,-0.2421,circuit_205.jpg,correct_better
0.139,0.1375,0,pose4,Zener Diode,13,0.0014,circuit_205.jpg,tied
0.2721,0.1587,0,pose6,MOSFET-N,14,0.1133,circuit_205.jpg,wrong_better
0.1183,0.1186,1,pose0,V-DC,0,-0.0002,circuit_210.jpg,tied
0.1202,0.3963,1,pose2,I-AC,1,-0.2761,circuit_210.jpg,correct_better
0.1335,0.2626,1,pose2,I-AC,2,-0.1291,circuit_210.jpg,correct_better
0.1189,0.3941,1,pose2,V-AC,3,-0.2752,circuit_210.jpg,correct_better
0.1278,0.3529,1,pose0,Resistor,4,-0.2251,circuit_210.jpg,correct_better
0.1223,0.4056,1,pose2,V-AC,5,-0.2832,circuit_210.jpg,correct_better
0.297,0.1779,0,pose6,MOSFET-N,7,0.1191,circuit_210.jpg,wrong_better
,,0,pose2,MOSFET-P,8,,circuit_210.jpg,no_correct_pose
0.1389,0.137,0,pose4,Zener Diode,9,0.0018,circuit_210.jpg,tied
0.2639,0.1749,0,pose6,MOSFET-N,10,0.0889,circuit_210.jpg,wrong_better
,,0,pose2,MOSFET-P,11,,circuit_210.jpg,no_correct_pose
0.2687,0.1799,0,pose6,MOSFET-N,12,0.0887,circuit_210.jpg,wrong_better
,,0,pose6,MOSFET-P,13,,circuit_210.jpg,no_correct_pose
0.108,0.3842,1,pose2,I-AC,0,-0.2763,circuit_215.jpg,correct_better
0.1058,0.1058,0,pose4,V-DC,1,0.0001,circuit_215.jpg,tied
0.1009,0.389,1,pose0,I-AC,2,-0.288,circuit_215.jpg,correct_better
0.2702,0.2592,0,pose0,MOSFET-P,3,0.011,circuit_215.jpg,tied
0.1071,0.3911,1,pose2,V-AC,4,-0.2839,circuit_215.jpg,correct_better
0.271,0.2461,0,pose0,MOSFET-P,5,0.0249,circuit_215.jpg,wrong_better
0.1137,0.3941,1,pose2,V-AC,6,-0.2804,circuit_215.jpg,correct_better
,,0,pose2,MOSFET-P,7,,circuit_215.jpg,no_correct_pose
0.1461,0.1446,0,pose4,Zener Diode,9,0.0015,circuit_215.jpg,tied
0.2479,0.159,0,pose6,MOSFET-N,10,0.0889,circuit_215.jpg,wrong_better
,,0,pose4,MOSFET-N,11,,circuit_215.jpg,no_correct_pose
0.1453,0.3733,1,pose0,Resistor,12,-0.228,circuit_215.jpg,correct_better
0.26,0.1717,0,pose6,MOSFET-N,14,0.0883,circuit_215.jpg,wrong_better
0.1087,0.3481,1,pose0,Resistor,0,-0.2394,circuit_226.jpg,correct_better
0.2177,0.1539,0,pose6,Op-Amp,1,0.0638,circuit_226.jpg,wrong_better
0.2664,0.2102,0,pose3,Op-Amp,2,0.0561,circuit_226.jpg,wrong_better
0.1128,0.3539,1,pose0,Resistor,3,-0.241,circuit_226.jpg,correct_better
0.1143,0.1142,0,pose4,V-DC,4,0.0001,circuit_226.jpg,tied
0.1143,0.36,1,pose0,Resistor,5,-0.2456,circuit_226.jpg,correct_better
,,0,pose3,Op-Amp,6,,circuit_226.jpg,no_correct_pose
,,0,pose3,Op-Amp,7,,circuit_226.jpg,no_correct_pose
0.1119,0.3551,1,pose0,Inductor,8,-0.2431,circuit_226.jpg,correct_better
0.1153,0.2466,1,pose0,Inductor,9,-0.1313,circuit_226.jpg,correct_better
0.1079,0.1078,0,pose6,I-DC,10,0.0002,circuit_226.jpg,tied
,,0,pose3,Op-Amp,11,,circuit_226.jpg,no_correct_pose
0.1113,0.3608,1,pose0,Resistor,12,-0.2494,circuit_226.jpg,correct_better
0.1207,0.3641,1,pose0,Resistor,13,-0.2434,circuit_226.jpg,correct_better
0.1644,0.3935,1,pose0,Capacitor,14,-0.2291,circuit_226.jpg,correct_better
0.1136,0.1597,1,pose0,Inductor,15,-0.0461,circuit_226.jpg,correct_better
0.1721,0.3837,1,pose2,Capacitor,17,-0.2117,circuit_226.jpg,correct_better
0.1547,0.3872,1,pose0,Capacitor,23,-0.2325,circuit_226.jpg,correct_better
0.0984,0.0985,1,pose0,V-DC,0,-0.0001,circuit_230.jpg,tied
0.0985,0.0986,1,pose0,I-DC,1,-0.0001,circuit_230.jpg,tied
0.154,0.3784,1,pose0,Capacitor,2,-0.2243,circuit_230.jpg,correct_better
0.112,0.2919,1,pose2,Resistor,3,-0.1798,circuit_230.jpg,correct_better
0.1117,0.3508,1,pose2,Resistor,4,-0.2391,circuit_230.jpg,correct_better
0.1105,0.3483,1,pose0,Inductor,6,-0.2378,circuit_230.jpg,correct_better
0.1139,0.3442,1,pose0,Resistor,7,-0.2303,circuit_230.jpg,correct_better
0.1104,0.3876,1,pose0,I-AC,0,-0.2772,circuit_238.jpg,correct_better
0.1052,0.1053,1,pose0,V-DC,1,-0.0001,circuit_238.jpg,tied
0.1031,0.1033,1,pose0,V-DC,2,-0.0002,circuit_238.jpg,tied
0.1724,0.3741,1,pose2,Capacitor,3,-0.2017,circuit_238.jpg,correct_better
,,1,pose0,V-AC,5,,circuit_238.jpg,no_wrong_pose
0.111,0.1109,0,pose4,I-DC,6,0.0,circuit_238.jpg,tied
0.145,0.3946,1,pose0,Inductor,7,-0.2496,circuit_238.jpg,correct_better
0.1835,0.3854,1,pose2,Capacitor,8,-0.202,circuit_238.jpg,correct_better
0.1804,0.3922,1,pose2,Capacitor,9,-0.2118,circuit_238.jpg,correct_better
0.1304,0.3733,1,pose0,Inductor,10,-0.2429,circuit_238.jpg,correct_better
0.1873,0.3987,1,pose2,Capacitor,11,-0.2114,circuit_238.jpg,correct_better
0.1464,0.3891,1,pose0,Inductor,12,-0.2427,circuit_238.jpg,correct_better
0.1379,0.3728,1,pose0,Inductor,13,-0.2349,circuit_238.jpg,correct_better
0.1177,0.3443,1,pose0,Resistor,0,-0.2265,circuit_260.jpg,correct_better
0.1051,0.3889,1,pose2,V-AC,1,-0.2838,circuit_260.jpg,correct_better
0.1176,0.3388,1,pose2,Resistor,2,-0.2212,circuit_260.jpg,correct_better
0.1233,0.3691,1,pose2,Inductor,3,-0.2458,circuit_260.jpg,correct_better
0.1608,0.3823,1,pose0,Capacitor,5,-0.2216,circuit_260.jpg,correct_better
0.0965,0.0954,0,pose6,V-DC,0,0.0011,circuit_263.jpg,tied
0.0929,0.0928,0,pose6,I-DC,1,0.0001,circuit_263.jpg,tied
0.1582,0.3757,1,pose0,Capacitor,2,-0.2175,circuit_263.jpg,correct_better
0.1109,0.3531,1,pose0,Inductor,3,-0.2422,circuit_263.jpg,correct_better
0.1123,0.3565,1,pose2,Resistor,4,-0.2442,circuit_263.jpg,correct_better
0.0972,0.0973,1,pose0,V-DC,0,-0.0,circuit_267.jpg,tied
0.0923,0.0923,0,pose4,I-DC,1,0.0,circuit_267.jpg,tied
,,1,pose0,Capacitor,2,,circuit_267.jpg,no_wrong_pose
0.1094,0.3456,1,pose0,Inductor,3,-0.2362,circuit_267.jpg,correct_better
0.1146,0.3445,1,pose0,Resistor,5,-0.2298,circuit_267.jpg,correct_better
0.1676,0.1689,1,pose0,Diode,0,-0.0013,circuit_294.jpg,tied
0.1628,0.164,1,pose0,Diode,1,-0.0012,circuit_294.jpg,tied
,,0,pose2,BJT-PNP,2,,circuit_294.jpg,no_correct_pose
0.2925,0.1516,0,pose2,BJT-NPN,3,0.1409,circuit_294.jpg,wrong_better
0.2953,0.149,0,pose2,BJT-NPN,4,0.1463,circuit_294.jpg,wrong_better
0.1453,0.3785,1,pose0,Resistor,5,-0.2332,circuit_294.jpg,correct_better
0.14,0.3792,1,pose2,Resistor,6,-0.2392,circuit_294.jpg,correct_better
0.1343,0.3665,1,pose0,Resistor,7,-0.2322,circuit_294.jpg,correct_better
,,0,pose2,BJT-PNP,8,,circuit_294.jpg,no_correct_pose
0.2416,0.1452,0,pose6,BJT-NPN,9,0.0964,circuit_294.jpg,wrong_better
,,0,pose2,BJT-PNP,10,,circuit_294.jpg,no_correct_pose
0.2627,0.1622,0,pose6,BJT-NPN,11,0.1004,circuit_294.jpg,wrong_better
0.3508,0.2512,0,pose2,BJT-PNP,12,0.0996,circuit_294.jpg,wrong_better
0.2214,0.1628,0,pose6,BJT-NPN,13,0.0586,circuit_294.jpg,wrong_better
0.1471,0.3728,1,pose2,Resistor,15,-0.2257,circuit_294.jpg,correct_better
0.1417,0.3674,1,pose2,Resistor,16,-0.2257,circuit_294.jpg,correct_better
0.1454,0.3739,1,pose2,Resistor,17,-0.2286,circuit_294.jpg,correct_better
0.2831,0.1372,0,pose2,BJT-NPN,0,0.1458,circuit_297.jpg,wrong_better
,,0,pose2,BJT-PNP,1,,circuit_297.jpg,no_correct_pose
0.1223,0.3542,1,pose2,Resistor,2,-0.232,circuit_297.jpg,correct_better
0.1257,0.353,1,pose2,Resistor,3,-0.2273,circuit_297.jpg,correct_better
0.1203,0.3498,1,pose2,Resistor,4,-0.2295,circuit_297.jpg,correct_better
,,0,pose2,BJT-PNP,5,,circuit_297.jpg,no_correct_pose
0.3084,0.1669,0,pose0,BJT-PNP,7,0.1415,circuit_297.jpg,wrong_better
0.1332,0.3692,1,pose0,Resistor,8,-0.236,circuit_297.jpg,correct_better
,,0,pose2,BJT-PNP,11,,circuit_297.jpg,no_correct_pose
0.281,0.1441,0,pose6,BJT-NPN,12,0.1369,circuit_297.jpg,wrong_better
,,0,pose2,BJT-NPN,13,,circuit_297.jpg,no_correct_pose
0.2571,0.143,0,pose6,BJT-NPN,14,0.114,circuit_297.jpg,wrong_better
0.1573,0.1586,1,pose0,Diode,15,-0.0014,circuit_297.jpg,tied
0.1195,0.3521,1,pose2,Resistor,17,-0.2325,circuit_297.jpg,correct_better
0.1355,0.3692,1,pose0,Resistor,18,-0.2337,circuit_297.jpg,correct_better
0.1619,0.1633,1,pose0,Diode,20,-0.0014,circuit_297.jpg,tied
0.2673,0.1303,0,pose6,BJT-NPN,21,0.137,circuit_297.jpg,wrong_better
0.162,0.2847,1,pose0,Capacitor,0,-0.1227,circuit_299.jpg,correct_better
0.0974,0.0973,0,pose6,I-DC,1,0.0001,circuit_299.jpg,tied
0.0897,0.0896,0,pose4,V-DC,2,0.0001,circuit_299.jpg,tied
0.1137,0.3532,1,pose0,Inductor,3,-0.2395,circuit_299.jpg,correct_better
0.121,0.3534,1,pose0,Resistor,4,-0.2324,circuit_299.jpg,correct_better
0.1115,0.2242,1,pose2,Resistor,5,-0.1127,circuit_299.jpg,correct_better
0.1109,0.1309,1,pose2,Resistor,6,-0.02,circuit_299.jpg,correct_better
0.1317,0.221,1,pose0,Inductor,0,-0.0893,circuit_300.jpg,correct_better
0.1515,0.3798,1,pose0,Capacitor,1,-0.2283,circuit_300.jpg,correct_better
0.1097,0.1637,1,pose0,Inductor,2,-0.054,circuit_300.jpg,correct_better
0.1134,0.3384,1,pose0,Resistor,3,-0.225,circuit_300.jpg,correct_better
0.1472,0.3803,1,pose0,Capacitor,4,-0.2331,circuit_300.jpg,correct_better
0.113,0.3453,1,pose2,Resistor,5,-0.2323,circuit_300.jpg,correct_better
,,1,pose0,V-AC,6,,circuit_300.jpg,no_wrong_pose
0.0984,0.3773,1,pose0,I-AC,8,-0.2789,circuit_300.jpg,correct_better
,,1,pose0,V-AC,0,,circuit_303.jpg,no_wrong_pose
0.1099,0.1098,0,pose6,I-DC,1,0.0002,circuit_303.jpg,tied
0.148,0.1463,0,pose4,Zener Diode,2,0.0017,circuit_303.jpg,tied
0.1501,0.1484,0,pose4,Zener Diode,3,0.0017,circuit_303.jpg,tied
0.1743,0.1755,1,pose0,Diode,5,-0.0013,circuit_303.jpg,tied
0.1788,0.18,1,pose0,Diode,6,-0.0012,circuit_303.jpg,tied
0.1345,0.295,1,pose0,Inductor,7,-0.1605,circuit_303.jpg,correct_better
0.1308,0.3731,1,pose0,Inductor,8,-0.2423,circuit_303.jpg,correct_better
0.1816,0.1828,1,pose0,Diode,9,-0.0012,circuit_303.jpg,tied
0.1291,0.3723,1,pose0,Inductor,10,-0.2431,circuit_303.jpg,correct_better
0.1742,0.1756,1,pose0,Diode,11,-0.0015,circuit_303.jpg,tied
0.1732,0.3994,1,pose0,Capacitor,12,-0.2262,circuit_303.jpg,correct_better
0.1681,0.3965,1,pose0,Capacitor,13,-0.2284,circuit_303.jpg,correct_better
0.1783,0.4033,1,pose0,Capacitor,15,-0.2249,circuit_303.jpg,correct_better
0.1307,0.3146,1,pose2,Resistor,16,-0.1839,circuit_303.jpg,correct_better
0.146,0.1442,0,pose4,Zener Diode,17,0.0018,circuit_303.jpg,tied
0.1682,0.1696,1,pose0,Diode,18,-0.0013,circuit_303.jpg,tied
0.0889,0.0889,0,pose4,V-DC,0,0.0,circuit_312.jpg,tied
0.105,0.3451,1,pose0,Inductor,1,-0.2402,circuit_312.jpg,correct_better
0.096,0.0961,1,pose0,I-DC,2,-0.0,circuit_312.jpg,tied
0.0873,0.0874,1,pose0,V-DC,3,-0.0,circuit_312.jpg,tied
0.1502,0.377,1,pose0,Capacitor,4,-0.2268,circuit_312.jpg,correct_better
0.1038,0.359,1,pose2,Inductor,5,-0.2552,circuit_312.jpg,correct_better
0.103,0.347,1,pose2,Resistor,6,-0.244,circuit_312.jpg,correct_better
0.1066,0.3575,1,pose2,Resistor,8,-0.2509,circuit_312.jpg,correct_better
0.1208,0.3238,1,pose0,Resistor,0,-0.203,circuit_318.jpg,correct_better
0.1685,0.3946,1,pose0,Capacitor,1,-0.2261,circuit_318.jpg,correct_better
0.1143,0.3453,1,pose0,Resistor,2,-0.231,circuit_318.jpg,correct_better
0.1083,0.3935,1,pose2,V-AC,3,-0.2853,circuit_318.jpg,correct_better
0.1227,0.3648,1,pose2,Inductor,5,-0.2421,circuit_318.jpg,correct_better
0.1197,0.3735,1,pose0,Inductor,0,-0.2538,circuit_324.jpg,correct_better
0.1847,0.4423,1,pose0,Capacitor,1,-0.2576,circuit_324.jpg,correct_better
0.1364,0.141,1,pose2,Zener Diode,2,-0.0046,circuit_324.jpg,tied
0.1281,0.1267,0,pose4,Zener Diode,3,0.0014,circuit_324.jpg,tied
0.1269,0.1313,1,pose2,Zener Diode,4,-0.0044,circuit_324.jpg,tied
0.144,0.1454,1,pose0,Diode,5,-0.0013,circuit_324.jpg,tied
0.1398,0.141,1,pose0,Diode,6,-0.0013,circuit_324.jpg,tied
0.1437,0.145,1,pose0,Diode,7,-0.0013,circuit_324.jpg,tied
0.1444,0.1456,1,pose0,Diode,8,-0.0012,circuit_324.jpg,tied
0.1,0.0999,0,pose6,I-DC,9,0.0001,circuit_324.jpg,tied
0.1094,0.3832,1,pose2,V-AC,10,-0.2737,circuit_324.jpg,correct_better
0.1085,0.231,1,pose2,Resistor,13,-0.1225,circuit_324.jpg,correct_better
0.1159,0.3576,1,pose0,Inductor,14,-0.2416,circuit_324.jpg,correct_better
0.1475,0.3799,1,pose0,Capacitor,15,-0.2324,circuit_324.jpg,correct_better
0.1589,0.3767,1,pose2,Capacitor,16,-0.2179,circuit_324.jpg,correct_better
0.151,0.1523,1,pose0,Diode,17,-0.0013,circuit_324.jpg,tied
0.1253,0.2442,1,pose0,Inductor,18,-0.1189,circuit_324.jpg,correct_better
0.1563,0.3686,1,pose0,Capacitor,0,-0.2123,circuit_327.jpg,correct_better
0.097,0.0972,1,pose0,V-DC,1,-0.0001,circuit_327.jpg,tied
0.1126,0.3458,1,pose0,Resistor,2,-0.2332,circuit_327.jpg,correct_better
0.1087,0.3433,1,pose0,Inductor,3,-0.2346,circuit_327.jpg,correct_better
0.1146,0.2691,1,pose2,Resistor,4,-0.1545,circuit_327.jpg,correct_better
0.3582,0.1159,0,pose4,Op-Amp,0,0.2423,circuit_328.jpg,wrong_better
0.2594,0.2017,0,pose7,Op-Amp,1,0.0577,circuit_328.jpg,wrong_better
0.1073,0.1062,0,pose6,V-DC,2,0.0011,circuit_328.jpg,tied
0.1099,0.3448,1,pose0,Resistor,3,-0.2348,circuit_328.jpg,correct_better
,,0,pose0,Op-Amp,4,,circuit_328.jpg,no_correct_pose
0.1243,0.3622,1,pose0,Resistor,5,-0.2379,circuit_328.jpg,correct_better
0.1171,0.3587,1,pose0,Resistor,6,-0.2416,circuit_328.jpg,correct_better
0.1421,0.1076,0,pose4,Op-Amp,7,0.0345,circuit_328.jpg,wrong_better
0.115,0.3523,1,pose0,Resistor,8,-0.2373,circuit_328.jpg,correct_better
0.1177,0.2425,1,pose0,Inductor,9,-0.1248,circuit_328.jpg,correct_better
0.1178,0.3592,1,pose0,Inductor,10,-0.2413,circuit_328.jpg,correct_better
0.1289,0.3696,1,pose0,Resistor,11,-0.2407,circuit_328.jpg,correct_better
,,0,pose3,Op-Amp,12,,circuit_328.jpg,no_correct_pose
0.1134,0.353,1,pose0,Inductor,13,-0.2395,circuit_328.jpg,correct_better
0.0999,0.1,1,pose0,I-DC,14,-0.0,circuit_328.jpg,tied
0.174,0.3814,1,pose2,Capacitor,19,-0.2073,circuit_328.jpg,correct_better
0.1966,0.3941,1,pose2,Capacitor,20,-0.1976,circuit_328.jpg,correct_better
0.1937,0.3886,1,pose2,Capacitor,22,-0.1949,circuit_328.jpg,correct_better
0.1008,0.1011,1,pose0,V-DC,0,-0.0002,circuit_333.jpg,tied
0.0999,0.1001,1,pose0,I-DC,1,-0.0002,circuit_333.jpg,tied
0.1685,0.38,1,pose0,Capacitor,2,-0.2115,circuit_333.jpg,correct_better
0.1085,0.1085,1,pose0,V-DC,3,-0.0001,circuit_333.jpg,tied
0.1191,0.3589,1,pose0,Inductor,4,-0.2398,circuit_333.jpg,correct_better
0.1163,0.3469,1,pose0,Resistor,6,-0.2306,circuit_333.jpg,correct_better
0.1197,0.359,1,pose0,Resistor,7,-0.2393,circuit_333.jpg,correct_better
0.1406,0.252,1,pose0,Resistor,8,-0.1114,circuit_333.jpg,correct_better
0.1165,0.1167,1,pose0,V-DC,9,-0.0002,circuit_333.jpg,tied
0.3052,0.2282,0,pose3,BJT-PNP,0,0.0769,circuit_337.jpg,wrong_better
0.3403,0.2311,0,pose2,BJT-PNP,1,0.1092,circuit_337.jpg,wrong_better
0.1344,0.3617,1,pose0,Resistor,2,-0.2273,circuit_337.jpg,correct_better
0.1303,0.3593,1,pose0,Resistor,3,-0.2289,circuit_337.jpg,correct_better
0.1649,0.1663,1,pose0,Diode,4,-0.0013,circuit_337.jpg,tied
0.2797,0.1397,0,pose6,BJT-NPN,5,0.14,circuit_337.jpg,wrong_better
0.1294,0.3564,1,pose2,Resistor,6,-0.227,circuit_337.jpg,correct_better
0.2846,0.1374,0,pose2,BJT-NPN,8,0.1473,circuit_337.jpg,wrong_better
0.2812,0.1391,0,pose2,BJT-NPN,9,0.142,circuit_337.jpg,wrong_better
0.1382,0.2594,1,pose2,Resistor,10,-0.1212,circuit_337.jpg,correct_better
0.1559,0.1573,1,pose0,Diode,12,-0.0013,circuit_337.jpg,tied
0.1244,0.3543,1,pose2,Resistor,14,-0.2299,circuit_337.jpg,correct_better
0.2794,0.1413,0,pose6,BJT-NPN,15,0.1381,circuit_337.jpg,wrong_better
0.1356,0.3704,1,pose2,Resistor,16,-0.2348,circuit_337.jpg,correct_better
0.2862,0.1515,0,pose6,BJT-NPN,19,0.1347,circuit_337.jpg,wrong_better
,,0,pose2,BJT-PNP,21,,circuit_337.jpg,no_correct_pose
,,0,pose2,BJT-PNP,22,,circuit_337.jpg,no_correct_pose
0.1514,0.1496,0,pose4,Zener Diode,0,0.0018,circuit_344.jpg,tied
0.0997,0.0999,1,pose0,V-DC,1,-0.0002,circuit_344.jpg,tied
0.0945,0.3859,1,pose2,V-AC,2,-0.2914,circuit_344.jpg,correct_better
,,1,pose0,V-AC,3,,circuit_344.jpg,no_wrong_pose
0.1104,0.2628,1,pose2,I-AC,5,-0.1524,circuit_344.jpg,correct_better
0.0916,0.3748,1,pose0,I-AC,6,-0.2832,circuit_344.jpg,correct_better
0.1291,0.3632,1,pose0,Resistor,7,-0.2341,circuit_344.jpg,correct_better
0.2683,0.2632,0,pose0,MOSFET-P,9,0.0051,circuit_344.jpg,tied
0.2917,0.1741,0,pose2,MOSFET-P,10,0.1176,circuit_344.jpg,wrong_better
0.2006,0.1702,0,pose6,MOSFET-N,11,0.0305,circuit_344.jpg,wrong_better
0.2577,0.1591,0,pose6,MOSFET-N,12,0.0986,circuit_344.jpg,wrong_better
0.2502,0.158,0,pose6,MOSFET-N,13,0.0922,circuit_344.jpg,wrong_better
,,0,pose2,MOSFET-P,14,,circuit_344.jpg,no_correct_pose
0.0912,0.0912,0,pose4,V-DC,0,0.0,circuit_35.jpg,tied
0.112,0.3377,1,pose0,Resistor,1,-0.2257,circuit_35.jpg,correct_better
0.1144,0.3431,1,pose0,Resistor,2,-0.2287,circuit_35.jpg,correct_better
0.1076,0.3283,1,pose0,Resistor,4,-0.2208,circuit_35.jpg,correct_better
0.0838,0.0839,1,pose0,I-DC,5,-0.0001,circuit_35.jpg,tied
0.1064,0.2951,1,pose0,Inductor,6,-0.1887,circuit_35.jpg,correct_better
0.1421,0.3707,1,pose0,Capacitor,7,-0.2286,circuit_35.jpg,correct_better
0.143,0.3722,1,pose0,Capacitor,8,-0.2292,circuit_35.jpg,correct_better
0.1036,0.3341,1,pose0,Inductor,9,-0.2305,circuit_35.jpg,correct_better
0.1204,0.3538,1,pose0,Inductor,0,-0.2334,circuit_350.jpg,correct_better
0.1205,0.3589,1,pose1,Inductor,1,-0.2384,circuit_350.jpg,correct_better
0.1308,0.3659,1,pose0,Inductor,2,-0.235,circuit_350.jpg,correct_better
0.1448,0.143,0,pose4,Zener Diode,3,0.0018,circuit_350.jpg,tied
0.1403,0.1385,0,pose4,Zener Diode,4,0.0018,circuit_350.jpg,tied
0.139,0.1373,0,pose4,Zener Diode,5,0.0017,circuit_350.jpg,tied
0.1541,0.1554,1,pose0,Diode,6,-0.0013,circuit_350.jpg,tied
0.1503,0.1515,1,pose0,Diode,7,-0.0013,circuit_350.jpg,tied
0.1707,0.1721,1,pose0,Diode,8,-0.0014,circuit_350.jpg,tied
0.158,0.1593,1,pose0,Diode,9,-0.0013,circuit_350.jpg,tied
0.1601,0.1615,1,pose0,Diode,10,-0.0014,circuit_350.jpg,tied
0.1842,0.3905,1,pose2,Capacitor,11,-0.2063,circuit_350.jpg,correct_better
0.1851,0.3868,1,pose2,Capacitor,12,-0.2018,circuit_350.jpg,correct_better
0.1861,0.3848,1,pose2,Capacitor,13,-0.1988,circuit_350.jpg,correct_better
0.1006,0.1005,0,pose6,I-DC,14,0.0001,circuit_350.jpg,tied
,,1,pose0,V-AC,15,,circuit_350.jpg,no_wrong_pose
0.1482,0.3809,1,pose2,Resistor,16,-0.2327,circuit_350.jpg,correct_better
,,1,pose0,V-AC,0,,circuit_355.jpg,no_wrong_pose
0.0907,0.2282,1,pose2,I-AC,1,-0.1375,circuit_355.jpg,correct_better
0.153,0.3811,1,pose0,Capacitor,2,-0.2281,circuit_355.jpg,correct_better
0.1094,0.2468,1,pose2,Inductor,3,-0.1374,circuit_355.jpg,correct_better
,,1,pose2,Capacitor,4,,circuit_355.jpg,no_wrong_pose
0.1133,0.3376,1,pose0,Resistor,6,-0.2243,circuit_355.jpg,correct_better
0.1561,0.3783,1,pose0,Capacitor,7,-0.2222,circuit_355.jpg,correct_better
0.1228,0.1226,0,pose6,I-DC,0,0.0001,circuit_356.jpg,tied
0.1226,0.2287,1,pose2,Resistor,1,-0.1061,circuit_356.jpg,correct_better
0.1176,0.3379,1,pose0,Resistor,2,-0.2203,circuit_356.jpg,correct_better
0.1668,0.2875,1,pose0,Capacitor,4,-0.1206,circuit_356.jpg,correct_better
0.1341,0.1329,0,pose6,V-DC,5,0.0012,circuit_356.jpg,tied
,,1,pose2,Inductor,6,,circuit_356.jpg,no_wrong_pose
0.0944,0.0933,0,pose6,V-DC,0,0.0011,circuit_361.jpg,tied
0.1444,0.3707,1,pose2,Capacitor,1,-0.2264,circuit_361.jpg,correct_better
0.1065,0.3625,1,pose2,Inductor,2,-0.256,circuit_361.jpg,correct_better
0.1016,0.1016,0,pose4,I-DC,3,0.0,circuit_361.jpg,tied
0.1086,0.3555,1,pose2,Resistor,4,-0.247,circuit_361.jpg,correct_better
0.1561,0.3631,1,pose0,Capacitor,5,-0.2069,circuit_361.jpg,correct_better
0.1125,0.3476,1,pose0,Inductor,7,-0.2351,circuit_361.jpg,correct_better
0.1129,0.3489,1,pose0,Resistor,8,-0.236,circuit_361.jpg,correct_better
0.1082,0.107,0,pose6,V-DC,0,0.0012,circuit_372.jpg,tied
0.1173,0.3486,1,pose0,Resistor,1,-0.2313,circuit_372.jpg,correct_better
0.1157,0.3097,1,pose2,Resistor,2,-0.194,circuit_372.jpg,correct_better
0.119,0.348,1,pose0,Inductor,3,-0.229,circuit_372.jpg,correct_better
0.123,0.3528,1,pose0,Resistor,4,-0.2298,circuit_372.jpg,correct_better
0.1605,0.3886,1,pose0,Capacitor,5,-0.2281,circuit_372.jpg,correct_better
0.1063,0.1052,0,pose6,V-DC,7,0.0011,circuit_372.jpg,tied
0.0941,0.094,0,pose6,I-DC,0,0.0001,circuit_374.jpg,tied
0.0959,0.0958,0,pose4,V-DC,1,0.0002,circuit_374.jpg,tied
0.1481,0.3729,1,pose0,Capacitor,2,-0.2248,circuit_374.jpg,correct_better
0.1112,0.3381,1,pose0,Resistor,3,-0.2268,circuit_374.jpg,correct_better
0.1035,0.3372,1,pose0,Inductor,4,-0.2337,circuit_374.jpg,correct_better
0.1447,0.3723,1,pose0,Capacitor,6,-0.2276,circuit_374.jpg,correct_better
0.1099,0.355,1,pose2,Inductor,7,-0.2451,circuit_374.jpg,correct_better
0.0924,0.0913,0,pose6,V-DC,0,0.0012,circuit_383.jpg,tied
0.0912,0.091,0,pose6,I-DC,1,0.0002,circuit_383.jpg,tied
0.1831,0.425,1,pose0,Capacitor,2,-0.2419,circuit_383.jpg,correct_better
0.0998,0.3524,1,pose2,Inductor,4,-0.2526,circuit_383.jpg,correct_better
0.1071,0.3455,1,pose0,Resistor,5,-0.2384,circuit_383.jpg,correct_better
0.104,0.3469,1,pose0,Resistor,6,-0.2429,circuit_383.jpg,correct_better
0.1055,0.3364,1,pose0,Resistor,7,-0.2308,circuit_383.jpg,correct_better
0.1129,0.3146,1,pose0,Inductor,0,-0.2018,circuit_384.jpg,correct_better
0.1468,0.3725,1,pose0,Capacitor,1,-0.2256,circuit_384.jpg,correct_better
0.1099,0.3392,1,pose0,Resistor,2,-0.2293,circuit_384.jpg,correct_better
0.1105,0.3478,1,pose0,Resistor,3,-0.2373,circuit_384.jpg,correct_better
0.1065,0.3559,1,pose2,Resistor,4,-0.2494,circuit_384.jpg,correct_better
0.0877,0.0876,0,pose4,V-DC,6,0.0001,circuit_384.jpg,tied
0.0906,0.0906,1,pose0,V-DC,0,-0.0001,circuit_386.jpg,tied
0.152,0.3677,1,pose0,Capacitor,1,-0.2157,circuit_386.jpg,correct_better
0.1553,0.3633,1,pose0,Capacitor,2,-0.208,circuit_386.jpg,correct_better
0.1195,0.3578,1,pose0,Inductor,3,-0.2383,circuit_386.jpg,correct_better
0.1093,0.3497,1,pose0,Inductor,4,-0.2404,circuit_386.jpg,correct_better
0.1168,0.3508,1,pose2,Resistor,8,-0.234,circuit_386.jpg,correct_better
0.1064,0.3548,1,pose2,Resistor,9,-0.2485,circuit_386.jpg,correct_better
0.1019,0.102,1,pose0,V-DC,0,-0.0001,circuit_394.jpg,tied
0.1047,0.1047,1,pose0,V-DC,1,-0.0,circuit_394.jpg,tied
0.1723,0.3768,1,pose2,Capacitor,2,-0.2045,circuit_394.jpg,correct_better
0.1173,0.1174,1,pose0,I-DC,3,-0.0001,circuit_394.jpg,tied
0.1134,0.3929,1,pose0,I-AC,4,-0.2795,circuit_394.jpg,correct_better
0.1741,0.3831,1,pose2,Capacitor,5,-0.209,circuit_394.jpg,correct_better
,,1,pose0,V-AC,6,,circuit_394.jpg,no_wrong_pose
0.1276,0.3759,1,pose0,Inductor,8,-0.2483,circuit_394.jpg,correct_better
0.1989,0.4029,1,pose2,Capacitor,9,-0.204,circuit_394.jpg,correct_better
0.2008,0.4127,1,pose2,Capacitor,10,-0.2119,circuit_394.jpg,correct_better
0.1438,0.3803,1,pose0,Inductor,11,-0.2365,circuit_394.jpg,correct_better
0.129,0.3709,1,pose0,Inductor,12,-0.2419,circuit_394.jpg,correct_better
0.1506,0.3833,1,pose0,Inductor,13,-0.2327,circuit_394.jpg,correct_better
0.1268,0.3529,1,pose0,Resistor,0,-0.226,circuit_41.jpg,correct_better
0.1794,0.4028,1,pose0,Capacitor,1,-0.2234,circuit_41.jpg,correct_better
0.1138,0.1127,0,pose6,V-DC,2,0.0011,circuit_41.jpg,tied
0.1256,0.1254,0,pose6,I-DC,4,0.0001,circuit_41.jpg,tied
0.1215,0.3457,1,pose0,Resistor,5,-0.2242,circuit_41.jpg,correct_better
0.1159,0.1922,1,pose2,Inductor,6,-0.0763,circuit_41.jpg,correct_better
0.1611,0.1593,0,pose4,Zener Diode,0,0.0018,circuit_415.jpg,tied
,,0,pose4,MOSFET-P,1,,circuit_415.jpg,no_correct_pose
0.1812,0.1468,0,pose6,MOSFET-N,2,0.0344,circuit_415.jpg,wrong_better
,,0,pose4,MOSFET-N,3,,circuit_415.jpg,no_correct_pose
,,0,pose6,MOSFET-P,4,,circuit_415.jpg,no_correct_pose
0.2743,0.269,0,pose0,MOSFET-P,5,0.0053,circuit_415.jpg,tied
0.256,0.1685,0,pose6,MOSFET-N,6,0.0874,circuit_415.jpg,wrong_better
0.1035,0.1034,0,pose4,V-DC,7,0.0001,circuit_415.jpg,tied
0.1111,0.3963,1,pose2,V-AC,9,-0.2851,circuit_415.jpg,correct_better
0.1007,0.3895,1,pose2,V-AC,10,-0.2888,circuit_415.jpg,correct_better
0.1341,0.3168,1,pose0,Resistor,11,-0.1827,circuit_415.jpg,correct_better
0.1106,0.389,1,pose2,I-AC,13,-0.2784,circuit_415.jpg,correct_better
0.1352,0.3391,1,pose3,I-AC,14,-0.2039,circuit_415.jpg,correct_better
0.1151,0.3516,1,pose0,Resistor,0,-0.2365,circuit_417.jpg,correct_better
0.1135,0.3439,1,pose2,Resistor,1,-0.2304,circuit_417.jpg,correct_better
0.1143,0.3456,1,pose0,Inductor,2,-0.2313,circuit_417.jpg,correct_better
0.1317,0.3645,1,pose0,Resistor,3,-0.2328,circuit_417.jpg,correct_better
0.1779,0.3918,1,pose2,Capacitor,4,-0.2139,circuit_417.jpg,correct_better
0.1126,0.3939,1,pose2,V-AC,5,-0.2813,circuit_417.jpg,correct_better
0.0956,0.0959,1,pose0,V-DC,0,-0.0002,circuit_427.jpg,tied
0.1004,0.1005,1,pose0,V-DC,1,-0.0001,circuit_427.jpg,tied
0.1089,0.3502,1,pose2,Resistor,2,-0.2412,circuit_427.jpg,correct_better
0.112,0.3434,1,pose2,Resistor,3,-0.2314,circuit_427.jpg,correct_better
0.1142,0.2677,1,pose2,Resistor,4,-0.1535,circuit_427.jpg,correct_better
0.1632,0.3693,1,pose0,Capacitor,5,-0.2061,circuit_427.jpg,correct_better
0.1131,0.3505,1,pose2,Resistor,7,-0.2374,circuit_427.jpg,correct_better
0.1122,0.3528,1,pose0,Inductor,8,-0.2406,circuit_427.jpg,correct_better
0.1094,0.3495,1,pose0,Inductor,9,-0.24,circuit_427.jpg,correct_better
0.0975,0.3856,1,pose2,V-AC,0,-0.2881,circuit_437.jpg,correct_better
0.0989,0.099,1,pose0,V-DC,1,-0.0,circuit_437.jpg,tied
,,1,pose0,V-AC,2,,circuit_437.jpg,no_wrong_pose
0.1251,0.3621,1,pose0,Resistor,3,-0.2371,circuit_437.jpg,correct_better
,,1,pose0,I-AC,4,,circuit_437.jpg,no_wrong_pose
0.2409,0.1538,0,pose6,MOSFET-N,5,0.0871,circuit_437.jpg,wrong_better
,,0,pose2,MOSFET-P,6,,circuit_437.jpg,no_correct_pose
0.2882,0.1634,0,pose6,MOSFET-P,7,0.1248,circuit_437.jpg,wrong_better
,,0,pose2,MOSFET-P,9,,circuit_437.jpg,no_correct_pose
0.101,0.3854,1,pose0,I-AC,10,-0.2844,circuit_437.jpg,correct_better
0.243,0.1551,0,pose6,MOSFET-N,11,0.0879,circuit_437.jpg,wrong_better
0.1383,0.1365,0,pose4,Zener Diode,12,0.0017,circuit_437.jpg,tied
,,0,pose4,MOSFET-N,13,,circuit_437.jpg,no_correct_pose
0.127,0.3599,1,pose0,Inductor,0,-0.2328,circuit_438.jpg,correct_better
0.1313,0.3596,1,pose0,Inductor,1,-0.2282,circuit_438.jpg,correct_better
0.13,0.3702,1,pose0,Inductor,2,-0.2402,circuit_438.jpg,correct_better
0.1137,0.3149,1,pose2,V-AC,5,-0.2011,circuit_438.jpg,correct_better
0.1187,0.1186,0,pose6,I-DC,6,0.0001,circuit_438.jpg,tied
,,1,pose2,Capacitor,7,,circuit_438.jpg,no_wrong_pose
0.1499,0.1485,0,pose4,Zener Diode,8,0.0014,circuit_438.jpg,tied
0.1533,0.1517,0,pose4,Zener Diode,9,0.0016,circuit_438.jpg,tied
0.1663,0.1646,0,pose4,Zener Diode,10,0.0017,circuit_438.jpg,tied
0.1737,0.1751,1,pose0,Diode,11,-0.0013,circuit_438.jpg,tied
0.1697,0.1672,0,pose6,Diode,12,0.0026,circuit_438.jpg,tied
0.1647,0.1622,0,pose6,Diode,13,0.0025,circuit_438.jpg,tied
0.1591,0.1604,1,pose0,Diode,14,-0.0013,circuit_438.jpg,tied
0.1636,0.1612,0,pose6,Diode,15,0.0023,circuit_438.jpg,tied
0.1877,0.4033,1,pose2,Capacitor,16,-0.2156,circuit_438.jpg,correct_better
0.1924,0.4001,1,pose2,Capacitor,17,-0.2078,circuit_438.jpg,correct_better
0.1944,0.3865,1,pose2,Resistor,18,-0.1921,circuit_438.jpg,correct_better
0.0954,0.0955,1,pose0,V-DC,0,-0.0001,circuit_439.jpg,tied
0.0962,0.0963,1,pose0,I-DC,1,-0.0001,circuit_439.jpg,tied
0.1646,0.3803,1,pose0,Capacitor,2,-0.2158,circuit_439.jpg,correct_better
0.1151,0.353,1,pose0,Inductor,3,-0.2379,circuit_439.jpg,correct_better
0.1184,0.3567,1,pose2,Resistor,4,-0.2383,circuit_439.jpg,correct_better
0.1509,0.3654,1,pose0,Capacitor,0,-0.2145,circuit_455.jpg,correct_better
0.1019,0.2279,1,pose2,Inductor,1,-0.1259,circuit_455.jpg,correct_better
0.1077,0.3469,1,pose0,Resistor,2,-0.2392,circuit_455.jpg,correct_better
0.0884,0.0884,0,pose4,I-DC,4,0.0,circuit_455.jpg,tied
0.1075,0.3541,1,pose2,Resistor,5,-0.2466,circuit_455.jpg,correct_better
0.0931,0.0931,0,pose4,V-DC,6,0.0,circuit_455.jpg,tied
0.0936,0.0939,1,pose0,I-DC,7,-0.0003,circuit_455.jpg,tied
0.1235,0.3534,1,pose2,Inductor,0,-0.2299,circuit_468.jpg,correct_better
0.1188,0.3599,1,pose2,Inductor,1,-0.2411,circuit_468.jpg,correct_better
0.1382,0.3813,1,pose2,Inductor,2,-0.2431,circuit_468.jpg,correct_better
0.1295,0.3701,1,pose2,Inductor,3,-0.2406,circuit_468.jpg,correct_better
0.1768,0.3945,1,pose0,Capacitor,4,-0.2177,circuit_468.jpg,correct_better
0.168,0.3923,1,pose0,Capacitor,5,-0.2243,circuit_468.jpg,correct_better
,,1,pose0,Capacitor,6,,circuit_468.jpg,no_wrong_pose
0.1559,0.3842,1,pose0,Capacitor,7,-0.2282,circuit_468.jpg,correct_better
,,1,pose0,V-AC,9,,circuit_468.jpg,no_wrong_pose
0.0979,0.3864,1,pose2,I-AC,10,-0.2884,circuit_468.jpg,correct_better
0.1121,0.1109,0,pose6,V-DC,11,0.0012,circuit_468.jpg,tied
0.1106,0.1108,1,pose2,I-DC,12,-0.0002,circuit_468.jpg,tied
0.1102,0.109,0,pose6,V-DC,13,0.0012,circuit_468.jpg,tied
0.1582,0.3899,1,pose0,Capacitor,0,-0.2317,circuit_469.jpg,correct_better
0.1297,0.3691,1,pose0,Inductor,1,-0.2395,circuit_469.jpg,correct_better
0.1333,0.364,1,pose2,Resistor,2,-0.2308,circuit_469.jpg,correct_better
0.1656,0.269,1,pose0,Capacitor,4,-0.1034,circuit_469.jpg,correct_better
0.1212,0.3503,1,pose0,Resistor,5,-0.229,circuit_469.jpg,correct_better
0.1064,0.3942,1,pose2,V-AC,6,-0.2878,circuit_469.jpg,correct_better
0.0963,0.3812,1,pose2,I-AC,0,-0.2849,circuit_470.jpg,correct_better
0.0955,0.3857,1,pose2,V-AC,1,-0.2902,circuit_470.jpg,correct_better
0.0933,0.0922,0,pose6,V-DC,2,0.0011,circuit_470.jpg,tied
0.0998,0.0986,0,pose6,V-DC,3,0.0011,circuit_470.jpg,tied
0.0869,0.087,1,pose0,I-DC,4,-0.0001,circuit_470.jpg,tied
0.1664,0.3766,1,pose0,Capacitor,5,-0.2101,circuit_470.jpg,correct_better
0.1204,0.3064,1,pose2,Inductor,6,-0.1859,circuit_470.jpg,correct_better
0.1215,0.361,1,pose2,Inductor,7,-0.2395,circuit_470.jpg,correct_better
0.118,0.3575,1,pose2,Inductor,8,-0.2394,circuit_470.jpg,correct_better
0.1253,0.3684,1,pose2,Inductor,10,-0.2431,circuit_470.jpg,correct_better
0.1776,0.3886,1,pose0,Capacitor,11,-0.211,circuit_470.jpg,correct_better
0.1798,0.3909,1,pose0,Capacitor,12,-0.2111,circuit_470.jpg,correct_better
0.1702,0.3868,1,pose0,Capacitor,13,-0.2166,circuit_470.jpg,correct_better
,,0,pose3,Op-Amp,0,,circuit_472.jpg,no_correct_pose
0.1678,0.1692,1,pose0,Diode,1,-0.0014,circuit_472.jpg,tied
0.1637,0.165,1,pose0,Diode,2,-0.0013,circuit_472.jpg,tied
0.1737,0.1749,1,pose0,Diode,3,-0.0013,circuit_472.jpg,tied
0.1715,0.1729,1,pose0,Diode,4,-0.0014,circuit_472.jpg,tied
0.1266,0.3565,1,pose2,Inductor,5,-0.2299,circuit_472.jpg,correct_better
0.1091,0.3897,1,pose2,V-AC,6,-0.2805,circuit_472.jpg,correct_better
0.183,0.3929,1,pose0,Capacitor,7,-0.2099,circuit_472.jpg,correct_better
0.1247,0.36,1,pose2,Resistor,8,-0.2353,circuit_472.jpg,correct_better
0.1812,0.3902,1,pose0,Capacitor,9,-0.2089,circuit_472.jpg,correct_better
0.1435,0.3787,1,pose2,Resistor,10,-0.2352,circuit_472.jpg,correct_better
0.1342,0.3656,1,pose2,Inductor,11,-0.2313,circuit_472.jpg,correct_better
0.1426,0.1473,1,pose2,Zener Diode,12,-0.0048,circuit_472.jpg,tied
0.2361,0.1873,0,pose4,BJT-NPN,13,0.0488,circuit_472.jpg,wrong_better
0.1419,0.1401,0,pose4,Zener Diode,14,0.0018,circuit_472.jpg,tied
,,0,pose2,BJT-PNP,15,,circuit_472.jpg,no_correct_pose
0.1722,0.3863,1,pose0,Capacitor,0,-0.214,circuit_481.jpg,correct_better
0.1095,0.3933,1,pose2,V-AC,1,-0.2838,circuit_481.jpg,correct_better
0.1168,0.3452,1,pose0,Resistor,2,-0.2284,circuit_481.jpg,correct_better
0.183,0.3957,1,pose0,Capacitor,3,-0.2127,circuit_481.jpg,correct_better
,,1,pose2,I-AC,4,,circuit_481.jpg,no_wrong_pose
0.1229,0.3515,1,pose0,Inductor,5,-0.2285,circuit_481.jpg,correct_better
0.1148,0.3509,1,pose2,Resistor,7,-0.2361,circuit_481.jpg,correct_better
0.1144,0.3878,1,pose2,I-AC,8,-0.2734,circuit_481.jpg,correct_better
0.0852,0.0853,1,pose0,V-DC,0,-0.0001,circuit_485.jpg,tied
0.1,0.3359,1,pose0,Resistor,1,-0.236,circuit_485.jpg,correct_better
0.1394,0.3647,1,pose0,Capacitor,2,-0.2253,circuit_485.jpg,correct_better
0.0855,0.0854,0,pose4,V-DC,3,0.0001,circuit_485.jpg,tied
0.098,0.1946,1,pose2,Inductor,4,-0.0967,circuit_485.jpg,correct_better
0.3409,0.2522,0,pose2,BJT-PNP,0,0.0887,circuit_492.jpg,wrong_better
0.3317,0.245,0,pose2,BJT-PNP,1,0.0867,circuit_492.jpg,wrong_better
0.2792,0.1481,0,pose6,BJT-NPN,2,0.1311,circuit_492.jpg,wrong_better
0.2711,0.1454,0,pose2,BJT-NPN,3,0.1256,circuit_492.jpg,wrong_better
0.1331,0.36,1,pose0,Resistor,5,-0.2269,circuit_492.jpg,correct_better
0.1613,0.1625,1,pose0,Diode,6,-0.0013,circuit_492.jpg,tied
0.1323,0.162,1,pose2,Resistor,7,-0.0297,circuit_492.jpg,correct_better
0.1605,0.1581,0,pose6,Diode,8,0.0023,circuit_492.jpg,tied
0.1355,0.3821,1,pose2,Resistor,9,-0.2466,circuit_492.jpg,correct_better
0.1226,0.3408,1,pose2,Resistor,10,-0.2182,circuit_492.jpg,correct_better
0.137,0.3636,1,pose0,Resistor,11,-0.2266,circuit_492.jpg,correct_better
0.2928,0.1672,0,pose6,BJT-NPN,12,0.1256,circuit_492.jpg,wrong_better
0.1343,0.3721,1,pose2,Resistor,13,-0.2378,circuit_492.jpg,correct_better
,,0,pose2,BJT-PNP,16,,circuit_492.jpg,no_correct_pose
0.2892,0.1562,0,pose2,BJT-NPN,17,0.1329,circuit_492.jpg,wrong_better
0.302,0.1694,0,pose6,BJT-NPN,19,0.1326,circuit_492.jpg,wrong_better
0.2251,0.2184,0,pose4,BJT-PNP,22,0.0067,circuit_492.jpg,tied
0.1025,0.3775,1,pose2,V-AC,0,-0.275,circuit_506.jpg,correct_better
0.1374,0.1386,1,pose0,Diode,1,-0.0012,circuit_506.jpg,tied
0.1412,0.1424,1,pose0,Diode,2,-0.0012,circuit_506.jpg,tied
0.135,0.1362,1,pose0,Diode,3,-0.0012,circuit_506.jpg,tied
0.1463,0.1438,0,pose6,Diode,4,0.0025,circuit_506.jpg,tied
0.1262,0.1247,0,pose4,Zener Diode,5,0.0016,circuit_506.jpg,tied
0.12,0.1246,1,pose2,Zener Diode,6,-0.0046,circuit_506.jpg,tied
,,0,pose3,Op-Amp,7,,circuit_506.jpg,no_correct_pose
0.1392,0.13,0,pose6,BJT-NPN,8,0.0092,circuit_506.jpg,tied
0.1055,0.345,1,pose2,Inductor,9,-0.2394,circuit_506.jpg,correct_better
0.1129,0.3525,1,pose2,Inductor,10,-0.2396,circuit_506.jpg,correct_better
0.1568,0.3766,1,pose0,Capacitor,11,-0.2198,circuit_506.jpg,correct_better
0.1741,0.3388,1,pose7,Capacitor,12,-0.1647,circuit_506.jpg,correct_better
0.1136,0.275,1,pose2,Resistor,13,-0.1614,circuit_506.jpg,correct_better
0.1217,0.3079,1,pose2,Resistor,14,-0.1862,circuit_506.jpg,correct_better
0.3289,0.231,0,pose2,BJT-PNP,15,0.0979,circuit_506.jpg,wrong_better
,,0,pose2,BJT-PNP,0,,circuit_522.jpg,no_correct_pose
0.2804,0.1335,0,pose6,BJT-NPN,1,0.1468,circuit_522.jpg,wrong_better
0.2733,0.1274,0,pose6,BJT-NPN,2,0.1459,circuit_522.jpg,wrong_better
0.2455,0.1413,0,pose6,BJT-NPN,3,0.1042,circuit_522.jpg,wrong_better
0.277,0.1281,0,pose6,BJT-NPN,4,0.1489,circuit_522.jpg,wrong_better
,,0,pose2,BJT-PNP,5,,circuit_522.jpg,no_correct_pose
,,0,pose2,BJT-PNP,6,,circuit_522.jpg,no_correct_pose
,,0,pose2,BJT-PNP,7,,circuit_522.jpg,no_correct_pose
,,1,pose2,Resistor,8,,circuit_522.jpg,no_wrong_pose
0.1202,0.3718,1,pose2,Resistor,9,-0.2516,circuit_522.jpg,correct_better
0.1192,0.36,1,pose0,Resistor,10,-0.2408,circuit_522.jpg,correct_better
0.1199,0.3544,1,pose0,Resistor,11,-0.2345,circuit_522.jpg,correct_better
0.1143,0.3437,1,pose2,Resistor,12,-0.2294,circuit_522.jpg,correct_better
0.1255,0.3502,1,pose2,Resistor,13,-0.2247,circuit_522.jpg,correct_better
0.1535,0.1548,1,pose0,Diode,14,-0.0013,circuit_522.jpg,tied
0.1647,0.166,1,pose0,Diode,15,-0.0013,circuit_522.jpg,tied
0.0861,0.0849,0,pose6,V-DC,0,0.0012,circuit_524.jpg,tied
0.0849,0.0848,0,pose6,I-DC,1,0.0002,circuit_524.jpg,tied
0.0812,0.0812,1,pose0,V-DC,2,-0.0,circuit_524.jpg,tied
0.1007,0.2629,1,pose2,Resistor,3,-0.1622,circuit_524.jpg,correct_better
0.1079,0.3455,1,pose0,Resistor,4,-0.2377,circuit_524.jpg,correct_better
0.1097,0.3567,1,pose0,Inductor,5,-0.2469,circuit_524.jpg,correct_better
0.1433,0.3705,1,pose2,Capacitor,6,-0.2272,circuit_524.jpg,correct_better
0.0988,0.0987,0,pose4,V-DC,0,0.0001,circuit_525.jpg,tied
0.3456,0.1947,0,pose7,Op-Amp,1,0.151,circuit_525.jpg,wrong_better
0.1895,0.2003,1,pose1,Op-Amp,2,-0.0108,circuit_525.jpg,tied
0.2123,0.1803,0,pose4,Op-Amp,3,0.0321,circuit_525.jpg,wrong_better
0.181,0.1095,0,pose4,Op-Amp,4,0.0715,circuit_525.jpg,wrong_better
0.1331,0.3755,1,pose0,Resistor,5,-0.2425,circuit_525.jpg,correct_better
0.1647,0.3905,1,pose0,Capacitor,6,-0.2258,circuit_525.jpg,correct_better
0.1117,0.1116,0,pose6,I-DC,7,0.0001,circuit_525.jpg,tied
0.1443,0.3874,1,pose0,Resistor,8,-0.243,circuit_525.jpg,correct_better
0.13,0.3762,1,pose0,Resistor,9,-0.2462,circuit_525.jpg,correct_better
0.1294,0.3771,1,pose0,Resistor,10,-0.2477,circuit_525.jpg,correct_better
0.1314,0.3822,1,pose0,Inductor,11,-0.2507,circuit_525.jpg,correct_better
0.168,0.3944,1,pose0,Capacitor,12,-0.2264,circuit_525.jpg,correct_better
0.1387,0.3798,1,pose0,Inductor,13,-0.2411,circuit_525.jpg,correct_better
0.1417,0.3834,1,pose0,Resistor,14,-0.2417,circuit_525.jpg,correct_better
0.1919,0.3973,1,pose2,Capacitor,15,-0.2053,circuit_525.jpg,correct_better
0.1438,0.3869,1,pose0,Inductor,16,-0.2431,circuit_525.jpg,correct_better
0.1801,0.1039,0,pose4,Op-Amp,19,0.0762,circuit_525.jpg,wrong_better
0.0921,0.1551,1,pose2,I-AC,0,-0.063,circuit_537.jpg,correct_better
0.0955,0.3873,1,pose2,V-AC,1,-0.2918,circuit_537.jpg,correct_better
0.1532,0.3741,1,pose0,Capacitor,2,-0.2209,circuit_537.jpg,correct_better
0.1355,0.3926,1,pose2,Inductor,4,-0.2571,circuit_537.jpg,correct_better
0.11,0.3383,1,pose0,Resistor,5,-0.2282,circuit_537.jpg,correct_better
0.0915,0.2437,1,pose2,I-AC,6,-0.1521,circuit_537.jpg,correct_better
,,0,pose2,BJT-PNP,0,,circuit_538.jpg,no_correct_pose
0.1214,0.3476,1,pose2,Resistor,1,-0.2262,circuit_538.jpg,correct_better
,,0,pose2,BJT-PNP,2,,circuit_538.jpg,no_correct_pose
0.2784,0.1363,0,pose6,BJT-NPN,3,0.1421,circuit_538.jpg,wrong_better
0.2824,0.1398,0,pose2,BJT-NPN,4,0.1425,circuit_538.jpg,wrong_better
0.1233,0.3547,1,pose2,Resistor,5,-0.2314,circuit_538.jpg,correct_better
0.2804,0.1314,0,pose6,BJT-NPN,7,0.149,circuit_538.jpg,wrong_better
0.1232,0.3552,1,pose0,Inductor,9,-0.2319,circuit_538.jpg,correct_better
0.1609,0.1623,1,pose0,Diode,10,-0.0014,circuit_538.jpg,tied
,,0,pose2,BJT-PNP,11,,circuit_538.jpg,no_correct_pose
0.1384,0.2723,1,pose2,Resistor,12,-0.1339,circuit_538.jpg,correct_better
0.1599,0.1611,1,pose0,Diode,13,-0.0012,circuit_538.jpg,tied
0.2831,0.1452,0,pose6,BJT-NPN,14,0.1379,circuit_538.jpg,wrong_better
,,0,pose2,BJT-PNP,15,,circuit_538.jpg,no_correct_pose
0.123,0.3518,1,pose2,Resistor,16,-0.2288,circuit_538.jpg,correct_better
0.2765,0.1393,0,pose2,BJT-NPN,17,0.1372,circuit_538.jpg,wrong_better
0.1352,0.3724,1,pose0,Inductor,19,-0.2372,circuit_538.jpg,correct_better
0.1328,0.3571,1,pose0,Resistor,0,-0.2243,circuit_555.jpg,correct_better
0.1245,0.3525,1,pose0,Resistor,1,-0.228,circuit_555.jpg,correct_better
0.1255,0.3611,1,pose2,Resistor,2,-0.2355,circuit_555.jpg,correct_better
0.1242,0.1231,0,pose6,V-DC,3,0.0011,circuit_555.jpg,tied
0.174,0.3437,1,pose0,Capacitor,4,-0.1697,circuit_555.jpg,correct_better
0.1251,0.3584,1,pose2,Inductor,6,-0.2333,circuit_555.jpg,correct_better
0.1007,0.1007,0,pose6,I-DC,0,0.0001,circuit_560.jpg,tied
0.109,0.1078,0,pose6,V-DC,1,0.0011,circuit_560.jpg,tied
0.1627,0.1641,1,pose0,Diode,2,-0.0014,circuit_560.jpg,tied
0.1496,0.151,1,pose0,Diode,3,-0.0013,circuit_560.jpg,tied
0.1553,0.1565,1,pose0,Diode,4,-0.0012,circuit_560.jpg,tied
0.1531,0.1544,1,pose0,Diode,5,-0.0013,circuit_560.jpg,tied
0.1515,0.1527,1,pose0,Diode,6,-0.0012,circuit_560.jpg,tied
0.1249,0.3694,1,pose0,Inductor,7,-0.2445,circuit_560.jpg,correct_better
0.1119,0.3631,1,pose0,Inductor,8,-0.2513,circuit_560.jpg,correct_better
0.1792,0.3857,1,pose2,Capacitor,9,-0.2065,circuit_560.jpg,correct_better
0.1799,0.3808,1,pose2,Capacitor,10,-0.2009,circuit_560.jpg,correct_better
0.1732,0.3782,1,pose2,Capacitor,11,-0.205,circuit_560.jpg,correct_better
0.1247,0.3735,1,pose0,Inductor,13,-0.2489,circuit_560.jpg,correct_better
0.1306,0.3458,1,pose2,Resistor,15,-0.2151,circuit_560.jpg,correct_better
0.1379,0.1362,0,pose4,Zener Diode,16,0.0016,circuit_560.jpg,tied
0.1494,0.1479,0,pose4,Zener Diode,17,0.0016,circuit_560.jpg,tied
0.1332,0.1316,0,pose4,Zener Diode,18,0.0015,circuit_560.jpg,tied
0.1129,0.1132,1,pose0,V-DC,0,-0.0002,circuit_563.jpg,tied
0.1187,0.3858,1,pose2,I-AC,1,-0.2671,circuit_563.jpg,correct_better
0.1034,0.3789,1,pose2,I-AC,2,-0.2755,circuit_563.jpg,correct_better
,,0,pose2,MOSFET-P,3,,circuit_563.jpg,no_correct_pose
0.0993,0.387,1,pose2,V-AC,4,-0.2877,circuit_563.jpg,correct_better
,,0,pose2,MOSFET-P,5,,circuit_563.jpg,no_correct_pose
0.1212,0.3956,1,pose2,V-AC,6,-0.2744,circuit_563.jpg,correct_better
,,0,pose6,MOSFET-P,7,,circuit_563.jpg,no_correct_pose
0.1403,0.376,1,pose0,Resistor,8,-0.2357,circuit_563.jpg,correct_better
0.2615,0.1695,0,pose6,MOSFET-N,10,0.092,circuit_563.jpg,wrong_better
0.2927,0.1425,0,pose2,MOSFET-N,12,0.1502,circuit_563.jpg,wrong_better
0.1576,0.1558,0,pose4,Zener Diode,13,0.0018,circuit_563.jpg,tied
,,0,pose2,MOSFET-P,14,,circuit_563.jpg,no_correct_pose
0.1531,0.3727,1,pose0,Capacitor,0,-0.2196,circuit_575.jpg,correct_better
0.112,0.3453,1,pose0,Inductor,1,-0.2333,circuit_575.jpg,correct_better
0.1481,0.3377,1,pose0,Capacitor,2,-0.1896,circuit_575.jpg,correct_better
0.1173,0.3578,1,pose2,Resistor,3,-0.2405,circuit_575.jpg,correct_better
0.1103,0.3301,1,pose0,Resistor,4,-0.2198,circuit_575.jpg,correct_better
0.1099,0.3717,1,pose2,Inductor,5,-0.2618,circuit_575.jpg,correct_better
0.0954,0.0956,1,pose0,I-DC,7,-0.0002,circuit_575.jpg,tied
0.1095,0.3389,1,pose0,Inductor,8,-0.2294,circuit_575.jpg,correct_better
,,1,pose0,V-AC,9,,circuit_575.jpg,no_wrong_pose
0.0956,0.0957,1,pose0,V-DC,1,-0.0,circuit_576.jpg,tied
,,0,pose6,MOSFET-P,2,,circuit_576.jpg,no_correct_pose
0.2888,0.1623,0,pose6,MOSFET-N,3,0.1264,circuit_576.jpg,wrong_better
,,0,pose4,MOSFET-N,4,,circuit_576.jpg,no_correct_pose
0.2849,0.165,0,pose6,MOSFET-N,5,0.12,circuit_576.jpg,wrong_better
,,1,pose0,V-AC,6,,circuit_576.jpg,no_wrong_pose
,,1,pose0,V-AC,7,,circuit_576.jpg,no_wrong_pose
0.1358,0.1341,0,pose4,Zener Diode,8,0.0017,circuit_576.jpg,tied
0.2857,0.1593,0,pose6,MOSFET-N,9,0.1264,circuit_576.jpg,wrong_better
0.1979,0.1638,0,pose6,MOSFET-N,10,0.034,circuit_576.jpg,wrong_better
0.0995,0.2808,1,pose2,I-AC,11,-0.1814,circuit_576.jpg,correct_better
0.0972,0.3742,1,pose2,I-AC,12,-0.277,circuit_576.jpg,correct_better
0.1229,0.3604,1,pose0,Resistor,13,-0.2375,circuit_576.jpg,correct_better
0.1137,0.2586,1,pose0,I-AC,0,-0.1449,circuit_588.jpg,correct_better
0.1105,0.1108,1,pose0,V-DC,1,-0.0003,circuit_588.jpg,tied
0.1598,0.371,1,pose2,Capacitor,2,-0.2112,circuit_588.jpg,correct_better
0.1171,0.1172,1,pose0,V-DC,3,-0.0001,circuit_588.jpg,tied
0.1459,0.366,1,pose2,Capacitor,4,-0.2201,circuit_588.jpg,correct_better
0.1208,0.3563,1,pose0,Inductor,5,-0.2355,circuit_588.jpg,correct_better
0.1125,0.1126,1,pose0,I-DC,6,-0.0001,circuit_588.jpg,tied
0.1192,0.3469,1,pose0,Inductor,7,-0.2278,circuit_588.jpg,correct_better
0.1168,0.3445,1,pose0,Inductor,8,-0.2277,circuit_588.jpg,correct_better
0.1757,0.3799,1,pose2,Capacitor,9,-0.2042,circuit_588.jpg,correct_better
0.0996,0.3867,1,pose2,V-AC,10,-0.2871,circuit_588.jpg,correct_better
0.1676,0.3214,1,pose2,Capacitor,11,-0.1539,circuit_588.jpg,correct_better
0.1289,0.3608,1,pose0,Inductor,12,-0.232,circuit_588.jpg,correct_better
0.1117,0.34,1,pose0,Resistor,0,-0.2283,circuit_591.jpg,correct_better
0.1029,0.3892,1,pose2,V-AC,1,-0.2864,circuit_591.jpg,correct_better
0.1121,0.351,1,pose0,Inductor,2,-0.2388,circuit_591.jpg,correct_better
,,1,pose2,I-AC,3,,circuit_591.jpg,no_wrong_pose
0.1661,0.386,1,pose0,Capacitor,5,-0.2199,circuit_591.jpg,correct_better
0.1179,0.3231,1,pose2,Resistor,6,-0.2052,circuit_591.jpg,correct_better
0.0957,0.3742,1,pose0,I-AC,0,-0.2785,circuit_595.jpg,correct_better
0.1615,0.3835,1,pose0,Capacitor,1,-0.222,circuit_595.jpg,correct_better
0.0936,0.0936,1,pose0,V-DC,2,-0.0,circuit_595.jpg,tied
0.1074,0.1074,0,pose6,I-DC,3,0.0001,circuit_595.jpg,tied
,,1,pose0,V-AC,4,,circuit_595.jpg,no_wrong_pose
0.098,0.0981,1,pose0,V-DC,5,-0.0001,circuit_595.jpg,tied
0.1783,0.1986,1,pose0,Capacitor,6,-0.0203,circuit_595.jpg,correct_better
0.1857,0.2768,1,pose0,Capacitor,7,-0.0911,circuit_595.jpg,correct_better
0.1737,0.275,1,pose0,Capacitor,8,-0.1013,circuit_595.jpg,correct_better
0.1335,0.3762,1,pose2,Inductor,10,-0.2428,circuit_595.jpg,correct_better
0.1225,0.3042,1,pose2,Inductor,11,-0.1817,circuit_595.jpg,correct_better
0.1223,0.3699,1,pose2,Inductor,12,-0.2476,circuit_595.jpg,correct_better
0.1111,0.3628,1,pose2,Inductor,13,-0.2517,circuit_595.jpg,correct_better
0.0969,0.097,1,pose0,V-DC,0,-0.0001,circuit_6.jpg,tied
0.0906,0.0895,0,pose6,V-DC,1,0.0011,circuit_6.jpg,tied
0.1154,0.3316,1,pose0,Inductor,2,-0.2162,circuit_6.jpg,correct_better
0.0972,0.0973,1,pose0,I-DC,3,-0.0001,circuit_6.jpg,tied
0.1125,0.3492,1,pose2,Resistor,4,-0.2367,circuit_6.jpg,correct_better
0.1164,0.3535,1,pose0,Resistor,5,-0.2371,circuit_6.jpg,correct_better
0.1533,0.382,1,pose0,Capacitor,6,-0.2288,circuit_6.jpg,correct_better
0.116,0.3576,1,pose2,Resistor,0,-0.2416,circuit_606.jpg,correct_better
0.2793,0.1318,0,pose6,BJT-NPN,1,0.1476,circuit_606.jpg,wrong_better
,,0,pose2,BJT-PNP,2,,circuit_606.jpg,no_correct_pose
,,0,pose2,BJT-PNP,3,,circuit_606.jpg,no_correct_pose
0.1182,0.3609,1,pose2,Resistor,4,-0.2427,circuit_606.jpg,correct_better
0.3433,0.1948,0,pose3,BJT-PNP,5,0.1484,circuit_606.jpg,wrong_better
0.2817,0.1359,0,pose6,BJT-NPN,6,0.1458,circuit_606.jpg,wrong_better
0.2254,0.1364,0,pose6,BJT-NPN,7,0.089,circuit_606.jpg,wrong_better
0.1246,0.3622,1,pose0,Resistor,8,-0.2377,circuit_606.jpg,correct_better
0.1654,0.1668,1,pose0,Diode,10,-0.0014,circuit_606.jpg,tied
0.1218,0.3678,1,pose2,Resistor,11,-0.246,circuit_606.jpg,correct_better
0.2663,0.1343,0,pose6,BJT-NPN,12,0.132,circuit_606.jpg,wrong_better
0.164,0.1654,1,pose0,Diode,13,-0.0014,circuit_606.jpg,tied
0.1181,0.365,1,pose2,Resistor,18,-0.2469,circuit_606.jpg,correct_better
0.125,0.3703,1,pose0,Resistor,19,-0.2453,circuit_606.jpg,correct_better
,,0,pose2,BJT-PNP,20,,circuit_606.jpg,no_correct_pose
,,0,pose2,BJT-PNP,21,,circuit_606.jpg,no_correct_pose
0.0983,0.0983,0,pose4,I-DC,0,0.0,circuit_607.jpg,tied
0.1119,0.3603,1,pose2,Inductor,1,-0.2484,circuit_607.jpg,correct_better
0.1058,0.3701,1,pose2,Inductor,2,-0.2642,circuit_607.jpg,correct_better
0.1581,0.3695,1,pose0,Capacitor,3,-0.2114,circuit_607.jpg,correct_better
0.161,0.3673,1,pose0,Capacitor,4,-0.2062,circuit_607.jpg,correct_better
0.1082,0.3349,1,pose0,Resistor,5,-0.2267,circuit_607.jpg,correct_better
0.1144,0.3416,1,pose0,Resistor,6,-0.2272,circuit_607.jpg,correct_better
0.1068,0.1069,1,pose0,V-DC,0,-0.0001,circuit_61.jpg,tied
0.1265,0.124,0,pose6,I-DC,1,0.0025,circuit_61.jpg,tied
0.1055,0.1044,0,pose6,V-DC,2,0.0011,circuit_61.jpg,tied
0.1584,0.3693,1,pose0,Capacitor,3,-0.2108,circuit_61.jpg,correct_better
0.1243,0.3663,1,pose0,Inductor,4,-0.2421,circuit_61.jpg,correct_better
0.0997,0.0996,0,pose6,I-DC,5,0.0001,circuit_61.jpg,tied
0.1252,0.3676,1,pose2,Resistor,6,-0.2425,circuit_61.jpg,correct_better
0.125,0.3569,1,pose0,Resistor,7,-0.2319,circuit_61.jpg,correct_better
0.1151,0.115,0,pose4,I-DC,8,0.0001,circuit_61.jpg,tied
0.0943,0.0944,1,pose0,V-DC,0,-0.0001,circuit_611.jpg,tied
0.1531,0.3698,1,pose0,Capacitor,1,-0.2167,circuit_611.jpg,correct_better
0.1093,0.2088,1,pose2,Inductor,2,-0.0995,circuit_611.jpg,correct_better
0.1055,0.3452,1,pose0,Resistor,3,-0.2397,circuit_611.jpg,correct_better
0.0925,0.0925,1,pose0,I-DC,5,-0.0,circuit_611.jpg,tied
0.1097,0.3457,1,pose0,Resistor,6,-0.236,circuit_611.jpg,correct_better
0.1075,0.3642,1,pose2,Resistor,7,-0.2567,circuit_611.jpg,correct_better
0.1038,0.3882,1,pose2,V-AC,0,-0.2844,circuit_614.jpg,correct_better
0.1102,0.283,1,pose2,Resistor,1,-0.1729,circuit_614.jpg,correct_better
0.1114,0.3473,1,pose0,Inductor,2,-0.236,circuit_614.jpg,correct_better
0.1462,0.3799,1,pose0,Capacitor,4,-0.2337,circuit_614.jpg,correct_better
0.1095,0.3392,1,pose0,Resistor,5,-0.2297,circuit_614.jpg,correct_better
0.0961,0.2714,1,pose2,I-AC,6,-0.1752,circuit_614.jpg,correct_better
0.0956,0.0954,0,pose4,V-DC,0,0.0001,circuit_618.jpg,tied
0.1529,0.3668,1,pose0,Capacitor,1,-0.2139,circuit_618.jpg,correct_better
0.0978,0.0978,0,pose4,I-DC,2,0.0001,circuit_618.jpg,tied
0.1135,0.3669,1,pose2,Inductor,3,-0.2534,circuit_618.jpg,correct_better
0.1114,0.3607,1,pose2,Resistor,4,-0.2493,circuit_618.jpg,correct_better
0.1097,0.3418,1,pose0,Resistor,5,-0.2321,circuit_618.jpg,correct_better
0.0966,0.0965,0,pose4,I-DC,0,0.0,circuit_623.jpg,tied
0.1099,0.3568,1,pose2,Resistor,2,-0.2469,circuit_623.jpg,correct_better
0.1552,0.3661,1,pose0,Capacitor,3,-0.2109,circuit_623.jpg,correct_better
0.0813,0.0812,0,pose4,V-DC,4,0.0001,circuit_623.jpg,tied
0.1101,0.343,1,pose0,Inductor,5,-0.2329,circuit_623.jpg,correct_better
0.0926,0.0915,0,pose6,V-DC,0,0.0011,circuit_645.jpg,tied
0.0937,0.0936,0,pose6,I-DC,1,0.0001,circuit_645.jpg,tied
0.1154,0.3593,1,pose0,Inductor,2,-0.2438,circuit_645.jpg,correct_better
0.1097,0.2427,1,pose2,Resistor,3,-0.133,circuit_645.jpg,correct_better
0.1534,0.3801,1,pose0,Capacitor,4,-0.2268,circuit_645.jpg,correct_better
0.1118,0.2869,1,pose2,Resistor,5,-0.1752,circuit_645.jpg,correct_better
0.1085,0.3366,1,pose0,Resistor,7,-0.2282,circuit_645.jpg,correct_better
0.0909,0.3771,1,pose2,I-AC,0,-0.2862,circuit_649.jpg,correct_better
,,1,pose0,V-AC,1,,circuit_649.jpg,no_wrong_pose
0.1465,0.3813,1,pose0,Capacitor,2,-0.2349,circuit_649.jpg,correct_better
0.1089,0.3377,1,pose0,Resistor,3,-0.2288,circuit_649.jpg,correct_better
0.1129,0.35,1,pose0,Inductor,4,-0.2371,circuit_649.jpg,correct_better
0.0901,0.3101,1,pose2,I-AC,5,-0.22,circuit_649.jpg,correct_better
0.0915,0.0904,0,pose6,V-DC,0,0.0011,circuit_658.jpg,tied
0.1096,0.3445,1,pose0,Inductor,1,-0.2349,circuit_658.jpg,correct_better
0.0938,0.0937,0,pose6,I-DC,2,0.0001,circuit_658.jpg,tied
0.1534,0.38,1,pose0,Capacitor,3,-0.2265,circuit_658.jpg,correct_better
0.1092,0.3434,1,pose0,Inductor,4,-0.2342,circuit_658.jpg,correct_better
0.1116,0.3429,1,pose2,Resistor,6,-0.2313,circuit_658.jpg,correct_better
0.1108,0.3379,1,pose0,Resistor,7,-0.2271,circuit_658.jpg,correct_better
0.0984,0.0973,0,pose6,V-DC,0,0.0012,circuit_665.jpg,tied
0.1453,0.3743,1,pose0,Capacitor,1,-0.229,circuit_665.jpg,correct_better
0.1033,0.1032,0,pose4,I-DC,2,0.0001,circuit_665.jpg,tied
0.1095,0.2646,1,pose2,Inductor,3,-0.1551,circuit_665.jpg,correct_better
0.1061,0.3319,1,pose0,Resistor,4,-0.2258,circuit_665.jpg,correct_better
0.0966,0.0966,1,pose0,I-DC,0,-0.0001,circuit_678.jpg,tied
0.1416,0.1401,0,pose4,Zener Diode,1,0.0016,circuit_678.jpg,tied
0.1487,0.1471,0,pose4,Zener Diode,2,0.0016,circuit_678.jpg,tied
0.1702,0.1715,1,pose0,Diode,3,-0.0013,circuit_678.jpg,tied
0.1444,0.1428,0,pose4,Zener Diode,4,0.0016,circuit_678.jpg,tied
0.1336,0.376,1,pose0,Inductor,5,-0.2424,circuit_678.jpg,correct_better
0.1694,0.1707,1,pose0,Diode,6,-0.0013,circuit_678.jpg,tied
0.136,0.3806,1,pose0,Inductor,7,-0.2447,circuit_678.jpg,correct_better
0.1617,0.163,1,pose0,Diode,8,-0.0013,circuit_678.jpg,tied
0.1719,0.3997,1,pose0,Capacitor,9,-0.2278,circuit_678.jpg,correct_better
0.1615,0.1628,1,pose0,Diode,10,-0.0013,circuit_678.jpg,tied
0.1311,0.3718,1,pose0,Inductor,11,-0.2408,circuit_678.jpg,correct_better
0.1383,0.3822,1,pose2,Resistor,12,-0.2438,circuit_678.jpg,correct_better
0.1667,0.3943,1,pose0,Capacitor,13,-0.2276,circuit_678.jpg,correct_better
,,1,pose0,V-AC,14,,circuit_678.jpg,no_wrong_pose
0.1898,0.4052,1,pose2,Capacitor,16,-0.2153,circuit_678.jpg,correct_better
0.1655,0.1668,1,pose0,Diode,17,-0.0013,circuit_678.jpg,tied
0.1047,0.3855,1,pose2,I-AC,0,-0.2808,circuit_689.jpg,correct_better
0.1012,0.3664,1,pose0,I-AC,1,-0.2653,circuit_689.jpg,correct_better
,,1,pose0,V-AC,2,,circuit_689.jpg,no_wrong_pose
,,1,pose0,V-AC,3,,circuit_689.jpg,no_wrong_pose
0.2853,0.1711,0,pose2,MOSFET-P,4,0.1143,circuit_689.jpg,wrong_better
0.0957,0.0957,0,pose4,V-DC,6,0.0,circuit_689.jpg,tied
,,0,pose2,MOSFET-P,7,,circuit_689.jpg,no_correct_pose
0.2866,0.1608,0,pose6,MOSFET-N,8,0.1259,circuit_689.jpg,wrong_better
,,0,pose2,MOSFET-P,9,,circuit_689.jpg,no_correct_pose
0.1347,0.3789,1,pose0,Resistor,10,-0.2442,circuit_689.jpg,correct_better
0.2549,0.1456,0,pose6,MOSFET-N,11,0.1093,circuit_689.jpg,wrong_better
0.2654,0.1715,0,pose6,MOSFET-N,13,0.0938,circuit_689.jpg,wrong_better
0.1476,0.1457,0,pose4,Zener Diode,14,0.0019,circuit_689.jpg,tied
0.0942,0.0942,1,pose0,V-DC,0,-0.0,circuit_690.jpg,tied
0.1555,0.3743,1,pose0,Capacitor,1,-0.2188,circuit_690.jpg,correct_better
0.1051,0.1051,0,pose4,V-DC,2,0.0001,circuit_690.jpg,tied
0.1121,0.3418,1,pose0,Resistor,3,-0.2297,circuit_690.jpg,correct_better
0.0982,0.0982,0,pose4,I-DC,4,0.0,circuit_690.jpg,tied
0.1128,0.3606,1,pose2,Resistor,5,-0.2479,circuit_690.jpg,correct_better
0.1122,0.3776,1,pose2,Inductor,6,-0.2654,circuit_690.jpg,correct_better
0.1078,0.3321,1,pose0,Resistor,0,-0.2243,circuit_707.jpg,correct_better
0.1594,0.3648,1,pose0,Capacitor,1,-0.2054,circuit_707.jpg,correct_better
0.117,0.1171,1,pose0,V-DC,2,-0.0001,circuit_707.jpg,tied
0.1125,0.3504,1,pose0,Inductor,3,-0.2378,circuit_707.jpg,correct_better
,,1,pose0,V-AC,0,,circuit_709.jpg,no_wrong_pose
0.1027,0.387,1,pose0,I-AC,1,-0.2843,circuit_709.jpg,correct_better
0.1144,0.1135,0,pose6,I-DC,2,0.0009,circuit_709.jpg,tied
0.1023,0.1025,1,pose0,V-DC,3,-0.0002,circuit_709.jpg,tied
0.1007,0.0995,0,pose6,V-DC,5,0.0012,circuit_709.jpg,tied
0.1752,0.3653,1,pose0,Capacitor,6,-0.1901,circuit_709.jpg,correct_better
0.1285,0.2779,1,pose2,Inductor,7,-0.1494,circuit_709.jpg,correct_better
,,1,pose0,Capacitor,8,,circuit_709.jpg,no_wrong_pose
0.1247,0.382,1,pose2,Inductor,9,-0.2573,circuit_709.jpg,correct_better
0.1139,0.3559,1,pose2,Inductor,10,-0.242,circuit_709.jpg,correct_better
0.1736,0.3953,1,pose0,Capacitor,11,-0.2217,circuit_709.jpg,correct_better
0.165,0.3919,1,pose0,Capacitor,12,-0.2269,circuit_709.jpg,correct_better
0.1227,0.3779,1,pose2,Inductor,13,-0.2552,circuit_709.jpg,correct_better
0.1246,0.3686,1,pose0,Inductor,0,-0.2439,circuit_720.jpg,correct_better
0.1475,0.1521,1,pose2,Zener Diode,1,-0.0046,circuit_720.jpg,tied
0.1658,0.1671,1,pose0,Diode,2,-0.0013,circuit_720.jpg,tied
0.1099,0.1087,0,pose6,V-DC,3,0.0012,circuit_720.jpg,tied
0.1817,0.3902,1,pose2,Capacitor,4,-0.2085,circuit_720.jpg,correct_better
0.1938,0.3984,1,pose2,Capacitor,6,-0.2046,circuit_720.jpg,correct_better
0.1646,0.166,1,pose0,Diode,7,-0.0014,circuit_720.jpg,tied
0.1093,0.1092,0,pose6,I-DC,8,0.0001,circuit_720.jpg,tied
0.1561,0.1552,0,pose4,Zener Diode,9,0.0009,circuit_720.jpg,tied
0.1736,0.175,1,pose0,Diode,10,-0.0014,circuit_720.jpg,tied
0.1484,0.1467,0,pose4,Zener Diode,11,0.0017,circuit_720.jpg,tied
0.1693,0.1707,1,pose0,Diode,12,-0.0014,circuit_720.jpg,tied
0.1715,0.1727,1,pose0,Diode,13,-0.0012,circuit_720.jpg,tied
0.1855,0.3935,1,pose2,Capacitor,14,-0.208,circuit_720.jpg,correct_better
0.1284,0.2465,1,pose0,Inductor,15,-0.1181,circuit_720.jpg,correct_better
0.1286,0.3648,1,pose2,Resistor,17,-0.2362,circuit_720.jpg,correct_better
0.1163,0.343,1,pose0,Resistor,0,-0.2268,circuit_730.jpg,correct_better
0.109,0.3961,1,pose2,V-AC,1,-0.2871,circuit_730.jpg,correct_better
0.1062,0.3861,1,pose2,I-AC,3,-0.2799,circuit_730.jpg,correct_better
0.1143,0.3428,1,pose0,Resistor,4,-0.2285,circuit_730.jpg,correct_better
0.1775,0.3936,1,pose0,Capacitor,5,-0.2162,circuit_730.jpg,correct_better
0.1211,0.371,1,pose2,Resistor,6,-0.2499,circuit_730.jpg,correct_better
0.1205,0.3819,1,pose2,Inductor,7,-0.2614,circuit_730.jpg,correct_better
0.0922,0.0923,1,pose0,I-DC,0,-0.0001,circuit_733.jpg,tied
0.1629,0.3679,1,pose0,Capacitor,1,-0.205,circuit_733.jpg,correct_better
0.0982,0.0981,0,pose4,V-DC,2,0.0001,circuit_733.jpg,tied
0.1056,0.3342,1,pose0,Resistor,3,-0.2286,circuit_733.jpg,correct_better
0.1053,0.339,1,pose2,Resistor,4,-0.2338,circuit_733.jpg,correct_better
0.1064,0.3546,1,pose2,Inductor,5,-0.2482,circuit_733.jpg,correct_better
0.0912,0.0912,1,pose0,V-DC,0,-0.0001,circuit_743.jpg,tied
0.107,0.3491,1,pose0,Resistor,1,-0.242,circuit_743.jpg,correct_better
0.1094,0.3282,1,pose2,Inductor,2,-0.2189,circuit_743.jpg,correct_better
0.1431,0.3772,1,pose0,Capacitor,3,-0.2341,circuit_743.jpg,correct_better
0.1019,0.1007,0,pose6,V-DC,5,0.0012,circuit_743.jpg,tied
0.1231,0.1229,0,pose6,I-DC,0,0.0001,circuit_748.jpg,tied
0.1731,0.1745,1,pose0,Diode,1,-0.0014,circuit_748.jpg,tied
0.1797,0.181,1,pose0,Diode,2,-0.0013,circuit_748.jpg,tied
0.1806,0.182,1,pose0,Diode,4,-0.0014,circuit_748.jpg,tied
0.1188,0.4019,1,pose2,V-AC,5,-0.283,circuit_748.jpg,correct_better
0.1335,0.3665,1,pose2,Resistor,6,-0.233,circuit_748.jpg,correct_better
0.1834,0.3959,1,pose2,Capacitor,7,-0.2125,circuit_748.jpg,correct_better
0.1807,0.388,1,pose2,Capacitor,8,-0.2073,circuit_748.jpg,correct_better
0.1531,0.1515,0,pose4,Zener Diode,9,0.0017,circuit_748.jpg,tied
0.1704,0.1718,1,pose0,Diode,10,-0.0013,circuit_748.jpg,tied
0.1368,0.3756,1,pose0,Inductor,11,-0.2389,circuit_748.jpg,correct_better
0.1318,0.3667,1,pose0,Inductor,12,-0.2349,circuit_748.jpg,correct_better
,,1,pose2,Capacitor,13,,circuit_748.jpg,no_wrong_pose
0.1519,0.3957,1,pose0,Inductor,14,-0.2438,circuit_748.jpg,correct_better
0.165,0.1663,1,pose0,Diode,15,-0.0013,circuit_748.jpg,tied
0.1563,0.1546,0,pose4,Zener Diode,16,0.0018,circuit_748.jpg,tied
0.1516,0.1498,0,pose4,Zener Diode,17,0.0017,circuit_748.jpg,tied
0.1096,0.3925,1,pose2,V-AC,0,-0.2829,circuit_750.jpg,correct_better
0.1911,0.1885,0,pose4,Zener Diode,1,0.0026,circuit_750.jpg,tied
0.1524,0.1509,0,pose4,Zener Diode,2,0.0015,circuit_750.jpg,tied
0.1181,0.3538,1,pose0,Inductor,3,-0.2357,circuit_750.jpg,correct_better
0.1206,0.3553,1,pose0,Inductor,4,-0.2347,circuit_750.jpg,correct_better
0.1042,0.104,0,pose6,I-DC,5,0.0002,circuit_750.jpg,tied
0.1648,0.166,1,pose0,Diode,6,-0.0012,circuit_750.jpg,tied
0.1745,0.1758,1,pose0,Diode,7,-0.0014,circuit_750.jpg,tied
0.1312,0.3686,1,pose2,Resistor,8,-0.2374,circuit_750.jpg,correct_better
0.1729,0.1742,1,pose0,Diode,9,-0.0013,circuit_750.jpg,tied
0.1264,0.3633,1,pose0,Inductor,10,-0.2369,circuit_750.jpg,correct_better
0.1758,0.1772,1,pose0,Diode,12,-0.0013,circuit_750.jpg,tied
,,1,pose2,Capacitor,13,,circuit_750.jpg,no_wrong_pose
0.1706,0.1719,1,pose0,Diode,14,-0.0013,circuit_750.jpg,tied
0.1873,0.4012,1,pose2,Capacitor,15,-0.2139,circuit_750.jpg,correct_better
0.1928,0.4001,1,pose2,Capacitor,16,-0.2073,circuit_750.jpg,correct_better
0.1426,0.141,0,pose4,Zener Diode,18,0.0016,circuit_750.jpg,tied
0.0967,0.3863,1,pose2,V-AC,0,-0.2896,circuit_755.jpg,correct_better
0.1314,0.3637,1,pose0,Inductor,1,-0.2323,circuit_755.jpg,correct_better
0.1282,0.36,1,pose0,Inductor,2,-0.2317,circuit_755.jpg,correct_better
0.1149,0.1148,0,pose6,I-DC,4,0.0002,circuit_755.jpg,tied
0.1719,0.1733,1,pose0,Diode,5,-0.0014,circuit_755.jpg,tied
0.1737,0.175,1,pose0,Diode,6,-0.0013,circuit_755.jpg,tied
0.1594,0.1578,0,pose4,Zener Diode,7,0.0016,circuit_755.jpg,tied
0.1305,0.3667,1,pose0,Inductor,8,-0.2362,circuit_755.jpg,correct_better
0.2035,0.4017,1,pose2,Capacitor,9,-0.1982,circuit_755.jpg,correct_better
0.153,0.1544,1,pose0,Diode,10,-0.0014,circuit_755.jpg,tied
0.1672,0.1686,1,pose0,Diode,11,-0.0014,circuit_755.jpg,tied
0.1995,0.3216,1,pose2,Capacitor,12,-0.1221,circuit_755.jpg,correct_better
0.1918,0.3954,1,pose2,Capacitor,13,-0.2036,circuit_755.jpg,correct_better
0.1705,0.1718,1,pose0,Diode,14,-0.0013,circuit_755.jpg,tied
0.1322,0.3409,1,pose2,Resistor,16,-0.2088,circuit_755.jpg,correct_better
0.1435,0.1419,0,pose4,Zener Diode,17,0.0016,circuit_755.jpg,tied
0.144,0.1424,0,pose4,Zener Diode,18,0.0016,circuit_755.jpg,tied
0.1117,0.3177,1,pose2,Resistor,0,-0.206,circuit_760.jpg,correct_better
0.1166,0.3542,1,pose2,Inductor,2,-0.2376,circuit_760.jpg,correct_better
0.1594,0.377,1,pose2,Capacitor,3,-0.2176,circuit_760.jpg,correct_better
0.1075,0.3915,1,pose2,V-AC,4,-0.284,circuit_760.jpg,correct_better
0.1027,0.1025,0,pose6,I-DC,0,0.0001,circuit_769.jpg,tied
0.1074,0.3111,1,pose2,Resistor,1,-0.2037,circuit_769.jpg,correct_better
0.115,0.3455,1,pose0,Resistor,2,-0.2304,circuit_769.jpg,correct_better
0.1587,0.3005,1,pose0,Capacitor,3,-0.1418,circuit_769.jpg,correct_better
0.1092,0.3557,1,pose2,Inductor,4,-0.2465,circuit_769.jpg,correct_better
0.1028,0.1016,0,pose6,V-DC,5,0.0012,circuit_769.jpg,tied
0.1102,0.109,0,pose6,V-DC,0,0.0011,circuit_775.jpg,tied
0.1124,0.1123,0,pose6,I-DC,2,0.0001,circuit_775.jpg,tied
0.1946,0.3962,1,pose2,Capacitor,8,-0.2016,circuit_775.jpg,correct_better
0.1971,0.394,1,pose2,Capacitor,9,-0.1969,circuit_775.jpg,correct_better
0.1834,0.2796,1,pose2,Capacitor,10,-0.0962,circuit_775.jpg,correct_better
0.1354,0.3748,1,pose0,Resistor,11,-0.2393,circuit_775.jpg,correct_better
0.1253,0.3567,1,pose0,Resistor,12,-0.2313,circuit_775.jpg,correct_better
0.1299,0.3633,1,pose0,Resistor,13,-0.2334,circuit_775.jpg,correct_better
0.1347,0.3662,1,pose0,Resistor,14,-0.2315,circuit_775.jpg,correct_better
0.1355,0.3709,1,pose0,Resistor,15,-0.2353,circuit_775.jpg,correct_better
0.1225,0.1599,1,pose0,Inductor,16,-0.0373,circuit_775.jpg,correct_better
0.1203,0.3535,1,pose0,Inductor,17,-0.2332,circuit_775.jpg,correct_better
0.1201,0.3505,1,pose0,Inductor,18,-0.2304,circuit_775.jpg,correct_better
0.1311,0.1116,0,pose4,Op-Amp,19,0.0196,circuit_775.jpg,tied
0.2302,0.1614,0,pose1,Op-Amp,20,0.0688,circuit_775.jpg,wrong_better
,,0,pose7,Op-Amp,21,,circuit_775.jpg,no_correct_pose
,,0,pose4,Op-Amp,22,,circuit_775.jpg,no_correct_pose
0.355,0.205,0,pose7,Op-Amp,23,0.1501,circuit_775.jpg,wrong_better
0.1502,0.3734,1,pose0,Capacitor,0,-0.2232,circuit_784.jpg,correct_better
0.1102,0.333,1,pose0,Resistor,1,-0.2229,circuit_784.jpg,correct_better
,,1,pose0,V-AC,2,,circuit_784.jpg,no_wrong_pose
0.1106,0.3501,1,pose0,Inductor,3,-0.2396,circuit_784.jpg,correct_better
0.1188,0.3542,1,pose2,Resistor,4,-0.2354,circuit_784.jpg,correct_better
0.1044,0.2963,1,pose2,Inductor,5,-0.1919,circuit_784.jpg,correct_better
0.1103,0.347,1,pose0,Inductor,7,-0.2367,circuit_784.jpg,correct_better
0.0963,0.3138,1,pose0,Resistor,8,-0.2175,circuit_784.jpg,correct_better
0.0889,0.0878,0,pose6,V-DC,0,0.0011,circuit_795.jpg,tied
0.0939,0.0938,0,pose6,I-DC,1,0.0001,circuit_795.jpg,tied
0.1071,0.231,1,pose2,Resistor,3,-0.1239,circuit_795.jpg,correct_better
0.1037,0.3032,1,pose2,Inductor,4,-0.1995,circuit_795.jpg,correct_better
0.1502,0.3687,1,pose0,Capacitor,5,-0.2185,circuit_795.jpg,correct_better
0.108,0.3388,1,pose0,Resistor,6,-0.2308,circuit_795.jpg,correct_better
0.1038,0.342,1,pose0,Inductor,7,-0.2381,circuit_795.jpg,correct_better
0.1362,0.3727,1,pose0,Capacitor,8,-0.2365,circuit_795.jpg,correct_better
0.2022,0.3973,1,pose2,Capacitor,0,-0.1952,circuit_820.jpg,correct_better
0.1201,0.3943,1,pose2,Resistor,1,-0.2742,circuit_820.jpg,correct_better
0.136,0.3794,1,pose0,Inductor,2,-0.2435,circuit_820.jpg,correct_better
0.0972,0.096,0,pose6,V-DC,3,0.0012,circuit_820.jpg,tied
,,0,pose7,Op-Amp,4,,circuit_820.jpg,no_correct_pose
,,0,pose4,Op-Amp,5,,circuit_820.jpg,no_correct_pose
0.1283,0.3961,1,pose0,Resistor,6,-0.2678,circuit_820.jpg,correct_better
0.1464,0.385,1,pose0,Inductor,7,-0.2386,circuit_820.jpg,correct_better
0.3489,0.1996,0,pose7,Op-Amp,8,0.1493,circuit_820.jpg,wrong_better
0.0994,0.0992,0,pose6,I-DC,9,0.0001,circuit_820.jpg,tied
0.1972,0.1997,1,pose1,Op-Amp,10,-0.0025,circuit_820.jpg,tied
0.1979,0.3994,1,pose2,Capacitor,11,-0.2015,circuit_820.jpg,correct_better
0.1223,0.3928,1,pose2,Resistor,12,-0.2705,circuit_820.jpg,correct_better
0.1967,0.3979,1,pose2,Capacitor,13,-0.2012,circuit_820.jpg,correct_better
0.1248,0.3982,1,pose0,Resistor,14,-0.2734,circuit_820.jpg,correct_better
0.1253,0.3844,1,pose0,Resistor,15,-0.2591,circuit_820.jpg,correct_better
0.1316,0.372,1,pose0,Inductor,21,-0.2405,circuit_820.jpg,correct_better
0.0956,0.0955,0,pose4,V-DC,0,0.0001,circuit_823.jpg,tied
0.1036,0.1038,1,pose0,I-DC,1,-0.0002,circuit_823.jpg,tied
0.156,0.3713,1,pose0,Capacitor,2,-0.2153,circuit_823.jpg,correct_better
0.115,0.3544,1,pose0,Inductor,3,-0.2394,circuit_823.jpg,correct_better
0.1711,0.3803,1,pose0,Capacitor,4,-0.2093,circuit_823.jpg,correct_better
0.1122,0.3413,1,pose0,Resistor,5,-0.2292,circuit_823.jpg,correct_better
0.1177,0.3013,1,pose2,Inductor,7,-0.1835,circuit_823.jpg,correct_better
0.1155,0.3515,1,pose0,Resistor,8,-0.236,circuit_823.jpg,correct_better
0.1065,0.3636,1,pose2,Resistor,9,-0.2571,circuit_823.jpg,correct_better
0.11,0.3421,1,pose0,Resistor,10,-0.2321,circuit_823.jpg,correct_better
0.1076,0.1064,0,pose6,V-DC,0,0.0012,circuit_832.jpg,tied
0.1191,0.3454,1,pose2,Resistor,1,-0.2262,circuit_832.jpg,correct_better
0.1181,0.3676,1,pose2,Inductor,2,-0.2495,circuit_832.jpg,correct_better
0.164,0.3207,1,pose0,Capacitor,3,-0.1567,circuit_832.jpg,correct_better
0.1227,0.3534,1,pose2,Resistor,4,-0.2307,circuit_832.jpg,correct_better
0.1522,0.3709,1,pose0,Capacitor,0,-0.2187,circuit_833.jpg,correct_better
0.0904,0.3615,1,pose2,I-AC,1,-0.2711,circuit_833.jpg,correct_better
0.1081,0.334,1,pose0,Resistor,2,-0.2259,circuit_833.jpg,correct_better
,,1,pose0,V-AC,4,,circuit_833.jpg,no_wrong_pose
0.1069,0.3405,1,pose0,Inductor,5,-0.2336,circuit_833.jpg,correct_better
0.1099,0.1088,0,pose6,V-DC,0,0.0012,circuit_835.jpg,tied
,,0,pose3,Op-Amp,1,,circuit_835.jpg,no_correct_pose
,,0,pose2,Op-Amp,3,,circuit_835.jpg,no_correct_pose
,,0,pose2,Op-Amp,4,,circuit_835.jpg,no_correct_pose
0.1666,0.4125,1,pose0,Resistor,7,-0.2459,circuit_835.jpg,correct_better
0.1406,0.3832,1,pose0,Inductor,8,-0.2426,circuit_835.jpg,correct_better
0.1353,0.2756,1,pose0,Inductor,9,-0.1404,circuit_835.jpg,correct_better
0.1786,0.3687,1,pose7,Resistor,11,-0.1901,circuit_835.jpg,correct_better
0.1434,0.3915,1,pose0,Resistor,12,-0.2481,circuit_835.jpg,correct_better
0.1086,0.1085,0,pose6,I-DC,13,0.0001,circuit_835.jpg,tied
0.1471,0.385,1,pose0,Resistor,14,-0.2379,circuit_835.jpg,correct_better
0.1305,0.3887,1,pose0,Resistor,15,-0.2582,circuit_835.jpg,correct_better
0.1868,0.3908,1,pose2,Capacitor,16,-0.204,circuit_835.jpg,correct_better
0.1357,0.3683,1,pose0,Inductor,17,-0.2327,circuit_835.jpg,correct_better
0.1914,0.3983,1,pose2,Capacitor,19,-0.2069,circuit_835.jpg,correct_better
0.1755,0.3797,1,pose2,Capacitor,20,-0.2042,circuit_835.jpg,correct_better
,,0,pose3,Op-Amp,21,,circuit_835.jpg,no_correct_pose
0.1194,0.1194,1,pose0,V-DC,0,-0.0,circuit_836.jpg,tied
,,1,pose0,V-AC,1,,circuit_836.jpg,no_wrong_pose
0.1111,0.1109,0,pose4,I-DC,2,0.0002,circuit_836.jpg,tied
0.1072,0.2476,1,pose0,I-AC,3,-0.1404,circuit_836.jpg,correct_better
0.1649,0.1631,0,pose4,V-DC,4,0.0018,circuit_836.jpg,tied
0.174,0.3854,1,pose2,Capacitor,5,-0.2114,circuit_836.jpg,correct_better
0.1677,0.3815,1,pose2,Capacitor,6,-0.2138,circuit_836.jpg,correct_better
0.1832,0.3915,1,pose2,Capacitor,7,-0.2083,circuit_836.jpg,correct_better
0.1225,0.3792,1,pose0,Inductor,8,-0.2567,circuit_836.jpg,correct_better
0.1695,0.3824,1,pose2,Capacitor,9,-0.2129,circuit_836.jpg,correct_better
0.1236,0.374,1,pose0,Inductor,10,-0.2504,circuit_836.jpg,correct_better
0.1255,0.371,1,pose0,Inductor,11,-0.2455,circuit_836.jpg,correct_better
0.1331,0.3728,1,pose0,Inductor,12,-0.2398,circuit_836.jpg,correct_better
0.1188,0.3955,1,pose2,V-AC,0,-0.2767,circuit_856.jpg,correct_better
0.1104,0.1102,0,pose6,I-DC,1,0.0002,circuit_856.jpg,tied
0.1875,0.1954,1,pose1,Zener Diode,2,-0.008,circuit_856.jpg,tied
0.1214,0.3544,1,pose0,Inductor,3,-0.2331,circuit_856.jpg,correct_better
0.1796,0.1933,1,pose1,Zener Diode,4,-0.0136,circuit_856.jpg,tied
0.1637,0.165,1,pose0,Diode,5,-0.0012,circuit_856.jpg,tied
0.1691,0.1703,1,pose0,Diode,6,-0.0012,circuit_856.jpg,tied
0.1769,0.1783,1,pose0,Diode,7,-0.0014,circuit_856.jpg,tied
0.1367,0.1352,0,pose4,Zener Diode,8,0.0015,circuit_856.jpg,tied
0.137,0.3719,1,pose0,Inductor,9,-0.2349,circuit_856.jpg,correct_better
0.1346,0.3712,1,pose0,Inductor,10,-0.2366,circuit_856.jpg,correct_better
0.1721,0.1733,1,pose0,Diode,11,-0.0012,circuit_856.jpg,tied
0.1909,0.3955,1,pose2,Capacitor,13,-0.2046,circuit_856.jpg,correct_better
0.1643,0.1655,1,pose0,Diode,14,-0.0012,circuit_856.jpg,tied
0.2033,0.3971,1,pose2,Capacitor,15,-0.1938,circuit_856.jpg,correct_better
0.1297,0.3646,1,pose2,Resistor,16,-0.2349,circuit_856.jpg,correct_better
0.195,0.4021,1,pose2,Capacitor,17,-0.2071,circuit_856.jpg,correct_better
0.1816,0.4032,1,pose0,Capacitor,0,-0.2217,circuit_862.jpg,correct_better
0.1281,0.356,1,pose0,Inductor,1,-0.2279,circuit_862.jpg,correct_better
0.1243,0.3521,1,pose0,Resistor,2,-0.2278,circuit_862.jpg,correct_better
0.1189,0.1177,0,pose6,V-DC,3,0.0012,circuit_862.jpg,tied
0.1215,0.3471,1,pose2,Resistor,4,-0.2256,circuit_862.jpg,correct_better
0.1268,0.3578,1,pose2,Resistor,5,-0.231,circuit_862.jpg,correct_better
0.1125,0.1124,0,pose6,I-DC,6,0.0001,circuit_862.jpg,tied
0.0931,0.0933,1,pose0,I-DC,0,-0.0002,circuit_869.jpg,tied
0.1463,0.3578,1,pose0,Capacitor,1,-0.2116,circuit_869.jpg,correct_better
0.0998,0.2625,1,pose2,Resistor,3,-0.1627,circuit_869.jpg,correct_better
0.1021,0.3608,1,pose2,Inductor,4,-0.2587,circuit_869.jpg,correct_better
0.1047,0.3484,1,pose2,Resistor,5,-0.2437,circuit_869.jpg,correct_better
0.0878,0.0877,0,pose4,V-DC,6,0.0001,circuit_869.jpg,tied
0.0977,0.3797,1,pose2,I-AC,0,-0.2821,circuit_87.jpg,correct_better
0.1617,0.1597,0,pose4,V-DC,1,0.002,circuit_87.jpg,tied
0.0968,0.0968,0,pose4,V-DC,2,0.0001,circuit_87.jpg,tied
0.1605,0.3454,1,pose0,Capacitor,3,-0.185,circuit_87.jpg,correct_better
0.1007,0.1006,0,pose6,I-DC,5,0.0001,circuit_87.jpg,tied
0.1635,0.3783,1,pose0,Capacitor,6,-0.2148,circuit_87.jpg,correct_better
0.1553,0.2806,1,pose0,Capacitor,7,-0.1253,circuit_87.jpg,correct_better
0.1539,0.28,1,pose0,Capacitor,8,-0.1261,circuit_87.jpg,correct_better
0.1239,0.3675,1,pose2,Inductor,9,-0.2436,circuit_87.jpg,correct_better
0.1165,0.3599,1,pose2,Inductor,10,-0.2434,circuit_87.jpg,correct_better
0.1247,0.362,1,pose2,Inductor,11,-0.2373,circuit_87.jpg,correct_better
0.1192,0.356,1,pose2,Inductor,12,-0.2368,circuit_87.jpg,correct_better
0.1016,0.3902,1,pose2,V-AC,13,-0.2886,circuit_87.jpg,correct_better
0.0936,0.0937,1,pose0,V-DC,0,-0.0001,circuit_884.jpg,tied
0.0892,0.0881,0,pose6,V-DC,1,0.0011,circuit_884.jpg,tied
0.1048,0.347,1,pose2,Resistor,2,-0.2423,circuit_884.jpg,correct_better
0.1084,0.3454,1,pose0,Resistor,3,-0.2371,circuit_884.jpg,correct_better
0.1055,0.343,1,pose0,Resistor,4,-0.2375,circuit_884.jpg,correct_better
0.1483,0.3752,1,pose0,Capacitor,5,-0.2269,circuit_884.jpg,correct_better
0.119,0.3163,1,pose2,Resistor,6,-0.1973,circuit_884.jpg,correct_better
0.1066,0.3461,1,pose0,Resistor,7,-0.2395,circuit_884.jpg,correct_better
0.0892,0.0891,0,pose6,I-DC,8,0.0001,circuit_884.jpg,tied
0.1016,0.3476,1,pose2,Inductor,9,-0.246,circuit_884.jpg,correct_better
0.0882,0.0871,0,pose6,V-DC,10,0.0011,circuit_884.jpg,tied
0.1095,0.3479,1,pose2,Resistor,11,-0.2384,circuit_884.jpg,correct_better
0.104,0.3485,1,pose2,Resistor,13,-0.2445,circuit_884.jpg,correct_better
0.119,0.3419,1,pose0,Resistor,0,-0.223,circuit_885.jpg,correct_better
0.1899,0.2769,1,pose0,Capacitor,1,-0.087,circuit_885.jpg,correct_better
0.1176,0.3432,1,pose0,Resistor,2,-0.2255,circuit_885.jpg,correct_better
0.1157,0.349,1,pose2,Inductor,3,-0.2333,circuit_885.jpg,correct_better
0.1076,0.1065,0,pose6,V-DC,4,0.0011,circuit_885.jpg,tied
,,0,pose2,BJT-PNP,2,,circuit_886.jpg,no_correct_pose
0.2765,0.1313,0,pose2,BJT-NPN,3,0.1452,circuit_886.jpg,wrong_better
0.2757,0.1286,0,pose6,BJT-NPN,4,0.1471,circuit_886.jpg,wrong_better
0.2727,0.1277,0,pose6,BJT-NPN,6,0.145,circuit_886.jpg,wrong_better
0.2702,0.1293,0,pose6,BJT-NPN,7,0.1409,circuit_886.jpg,wrong_better
0.1215,0.3533,1,pose2,Resistor,8,-0.2318,circuit_886.jpg,correct_better
,,0,pose2,BJT-PNP,9,,circuit_886.jpg,no_correct_pose
0.272,0.1327,0,pose6,BJT-NPN,10,0.1393,circuit_886.jpg,wrong_better
0.1498,0.1511,1,pose0,Diode,11,-0.0012,circuit_886.jpg,tied
0.1136,0.3486,1,pose2,Resistor,12,-0.2349,circuit_886.jpg,correct_better
0.1253,0.3669,1,pose0,Resistor,15,-0.2417,circuit_886.jpg,correct_better
0.1198,0.3672,1,pose2,Resistor,16,-0.2474,circuit_886.jpg,correct_better
0.1509,0.1522,1,pose0,Diode,17,-0.0013,circuit_886.jpg,tied
0.2743,0.1415,0,pose6,BJT-NPN,18,0.1329,circuit_886.jpg,wrong_better
0.1213,0.3689,1,pose2,Resistor,20,-0.2476,circuit_886.jpg,correct_better
0.1199,0.3725,1,pose0,Resistor,22,-0.2527,circuit_886.jpg,correct_better
0.2674,0.1191,0,pose6,BJT-NPN,23,0.1483,circuit_886.jpg,wrong_better
0.1169,0.3516,1,pose0,Resistor,0,-0.2347,circuit_895.jpg,correct_better
0.1575,0.1588,1,pose0,Diode,1,-0.0013,circuit_895.jpg,tied
0.1614,0.1627,1,pose0,Diode,2,-0.0013,circuit_895.jpg,tied
0.1239,0.3604,1,pose0,Resistor,3,-0.2364,circuit_895.jpg,correct_better
0.241,0.1461,0,pose6,BJT-NPN,5,0.0948,circuit_895.jpg,wrong_better
0.2829,0.1389,0,pose2,BJT-NPN,6,0.144,circuit_895.jpg,wrong_better
,,0,pose2,BJT-PNP,7,,circuit_895.jpg,no_correct_pose
,,0,pose2,BJT-PNP,8,,circuit_895.jpg,no_correct_pose
0.1286,0.3635,1,pose2,Resistor,9,-0.2349,circuit_895.jpg,correct_better
0.3012,0.1645,0,pose6,BJT-NPN,10,0.1367,circuit_895.jpg,wrong_better
0.1329,0.3578,1,pose2,Resistor,11,-0.2249,circuit_895.jpg,correct_better
,,0,pose2,BJT-PNP,12,,circuit_895.jpg,no_correct_pose
0.1387,0.3757,1,pose2,Resistor,13,-0.237,circuit_895.jpg,correct_better
0.2935,0.1587,0,pose6,BJT-NPN,14,0.1348,circuit_895.jpg,wrong_better
0.2848,0.137,0,pose6,BJT-NPN,15,0.1478,circuit_895.jpg,wrong_better
0.1347,0.3671,1,pose2,Resistor,16,-0.2324,circuit_895.jpg,correct_better
0.2258,0.1392,0,pose6,BJT-NPN,17,0.0866,circuit_895.jpg,wrong_better
0.1185,0.3499,1,pose0,Resistor,0,-0.2315,circuit_897.jpg,correct_better
0.1187,0.3579,1,pose0,Inductor,1,-0.2392,circuit_897.jpg,correct_better
0.1021,0.3898,1,pose0,I-AC,2,-0.2877,circuit_897.jpg,correct_better
,,1,pose0,Capacitor,3,,circuit_897.jpg,no_wrong_pose
0.1166,0.3503,1,pose2,Resistor,4,-0.2337,circuit_897.jpg,correct_better
0.1214,0.3512,1,pose2,Resistor,6,-0.2298,circuit_897.jpg,correct_better
0.115,0.3603,1,pose2,Inductor,7,-0.2453,circuit_897.jpg,correct_better
0.0957,0.0957,0,pose4,I-DC,0,0.0,circuit_9.jpg,tied
0.0953,0.0954,1,pose0,I-DC,1,-0.0001,circuit_9.jpg,tied
0.1161,0.3569,1,pose0,Inductor,2,-0.2408,circuit_9.jpg,correct_better
0.1562,0.3735,1,pose0,Capacitor,3,-0.2172,circuit_9.jpg,correct_better
0.1502,0.3659,1,pose0,Capacitor,4,-0.2157,circuit_9.jpg,correct_better
0.1149,0.3525,1,pose0,Resistor,5,-0.2376,circuit_9.jpg,correct_better
0.0894,0.0892,0,pose4,V-DC,6,0.0001,circuit_9.jpg,tied
0.1106,0.3446,1,pose0,Resistor,8,-0.234,circuit_9.jpg,correct_better
0.154,0.364,1,pose0,Capacitor,1,-0.21,circuit_901.jpg,correct_better
0.1541,0.3727,1,pose0,Capacitor,2,-0.2187,circuit_901.jpg,correct_better
0.1641,0.3849,1,pose0,Capacitor,3,-0.2208,circuit_901.jpg,correct_better
0.1674,0.3855,1,pose0,Capacitor,4,-0.2181,circuit_901.jpg,correct_better
0.1221,0.3646,1,pose2,Inductor,5,-0.2426,circuit_901.jpg,correct_better
0.1264,0.358,1,pose2,Inductor,6,-0.2316,circuit_901.jpg,correct_better
0.1344,0.3777,1,pose2,Inductor,7,-0.2433,circuit_901.jpg,correct_better
0.1287,0.3711,1,pose2,Inductor,8,-0.2424,circuit_901.jpg,correct_better
0.1061,0.3859,1,pose2,V-AC,9,-0.2797,circuit_901.jpg,correct_better
0.0975,0.3738,1,pose2,I-AC,10,-0.2763,circuit_901.jpg,correct_better
0.0986,0.0975,0,pose6,V-DC,11,0.0011,circuit_901.jpg,tied
0.1007,0.1007,0,pose6,I-DC,12,0.0001,circuit_901.jpg,tied
0.1098,0.1086,0,pose6,V-DC,13,0.0012,circuit_901.jpg,tied
0.1096,0.3524,1,pose2,Inductor,0,-0.2429,circuit_910.jpg,correct_better
0.1107,0.3467,1,pose2,Inductor,1,-0.236,circuit_910.jpg,correct_better
0.1087,0.3453,1,pose2,Inductor,2,-0.2366,circuit_910.jpg,correct_better
0.107,0.3232,1,pose2,Inductor,3,-0.2162,circuit_910.jpg,correct_better
0.1549,0.3828,1,pose0,Capacitor,4,-0.228,circuit_910.jpg,correct_better
0.1589,0.2637,1,pose0,Capacitor,5,-0.1048,circuit_910.jpg,correct_better
0.1617,0.3651,1,pose0,Capacitor,6,-0.2034,circuit_910.jpg,correct_better
0.1529,0.3732,1,pose0,Capacitor,7,-0.2203,circuit_910.jpg,correct_better
0.0972,0.096,0,pose6,V-DC,9,0.0012,circuit_910.jpg,tied
0.0948,0.0947,0,pose6,I-DC,10,0.0001,circuit_910.jpg,tied
0.1011,0.0999,0,pose6,V-DC,11,0.0012,circuit_910.jpg,tied
0.1031,0.3717,1,pose2,I-AC,12,-0.2686,circuit_910.jpg,correct_better
0.1088,0.3772,1,pose2,V-AC,13,-0.2684,circuit_910.jpg,correct_better
,,1,pose0,V-AC,0,,circuit_925.jpg,no_wrong_pose
0.1058,0.198,1,pose2,Inductor,1,-0.0923,circuit_925.jpg,correct_better
0.1603,0.3787,1,pose0,Capacitor,2,-0.2184,circuit_925.jpg,correct_better
0.1114,0.3377,1,pose0,Resistor,3,-0.2263,circuit_925.jpg,correct_better
0.0929,0.3737,1,pose0,I-AC,5,-0.2808,circuit_925.jpg,correct_better
0.1102,0.2766,1,pose2,Resistor,6,-0.1664,circuit_925.jpg,correct_better
,,1,pose0,V-AC,0,,circuit_926.jpg,no_wrong_pose
0.093,0.3769,1,pose0,I-AC,1,-0.2839,circuit_926.jpg,correct_better
0.1148,0.3515,1,pose0,Resistor,2,-0.2367,circuit_926.jpg,correct_better
0.1158,0.3553,1,pose2,Resistor,3,-0.2395,circuit_926.jpg,correct_better
0.1134,0.3694,1,pose2,Inductor,4,-0.2561,circuit_926.jpg,correct_better
0.1421,0.3718,1,pose0,Capacitor,6,-0.2297,circuit_926.jpg,correct_better
0.1224,0.3608,1,pose0,Inductor,0,-0.2384,circuit_931.jpg,correct_better
0.1299,0.3695,1,pose0,Inductor,1,-0.2396,circuit_931.jpg,correct_better
0.1691,0.3792,1,pose2,Capacitor,2,-0.2101,circuit_931.jpg,correct_better
0.1728,0.385,1,pose2,Capacitor,3,-0.2122,circuit_931.jpg,correct_better
0.1967,0.4036,1,pose2,Capacitor,4,-0.207,circuit_931.jpg,correct_better
0.1255,0.3704,1,pose0,Inductor,5,-0.2449,circuit_931.jpg,correct_better
0.1237,0.359,1,pose0,Inductor,6,-0.2354,circuit_931.jpg,correct_better
0.1139,0.1141,1,pose0,V-DC,7,-0.0002,circuit_931.jpg,tied
0.1142,0.3894,1,pose0,I-AC,8,-0.2753,circuit_931.jpg,correct_better
0.1146,0.1146,1,pose0,I-DC,9,-0.0,circuit_931.jpg,tied
0.1202,0.1204,1,pose0,V-DC,10,-0.0002,circuit_931.jpg,tied
,,1,pose0,V-AC,11,,circuit_931.jpg,no_wrong_pose
0.1956,0.4341,1,pose0,Inductor,13,-0.2385,circuit_931.jpg,correct_better
0.2592,0.1481,0,pose4,MOSFET-N,0,0.1111,circuit_932.jpg,wrong_better
,,0,pose4,MOSFET-N,1,,circuit_932.jpg,no_correct_pose
,,0,pose0,MOSFET-N,2,,circuit_932.jpg,no_correct_pose
,,0,pose4,MOSFET-N,3,,circuit_932.jpg,no_correct_pose
0.3575,0.1919,0,pose7,Op-Amp,4,0.1655,circuit_932.jpg,wrong_better
,,0,pose4,MOSFET-N,5,,circuit_932.jpg,no_correct_pose
0.2636,0.2429,0,pose0,MOSFET-P,6,0.0207,circuit_932.jpg,wrong_better
,,0,pose4,MOSFET-N,7,,circuit_932.jpg,no_correct_pose
0.244,0.2502,1,pose2,MOSFET-P,8,-0.0062,circuit_932.jpg,tied
,,1,pose0,V-AC,9,,circuit_932.jpg,no_wrong_pose
0.1103,0.1104,1,pose0,V-DC,10,-0.0,circuit_932.jpg,tied
0.1164,0.3599,1,pose2,Inductor,14,-0.2435,circuit_932.jpg,correct_better
0.1366,0.1351,0,pose4,Zener Diode,15,0.0015,circuit_932.jpg,tied
0.1219,0.3675,1,pose2,Inductor,17,-0.2456,circuit_932.jpg,correct_better
0.1514,0.1528,1,pose0,Diode,0,-0.0013,circuit_937.jpg,tied
0.1505,0.1517,1,pose0,Diode,1,-0.0012,circuit_937.jpg,tied
,,0,pose2,BJT-PNP,2,,circuit_937.jpg,no_correct_pose
0.2583,0.2413,0,pose2,BJT-PNP,3,0.017,circuit_937.jpg,tied
0.269,0.1353,0,pose6,BJT-NPN,4,0.1337,circuit_937.jpg,wrong_better
0.1148,0.3585,1,pose0,Resistor,5,-0.2437,circuit_937.jpg,correct_better
0.3431,0.2412,0,pose2,BJT-PNP,6,0.1019,circuit_937.jpg,wrong_better
0.3287,0.2389,0,pose2,BJT-PNP,7,0.0898,circuit_937.jpg,wrong_better
0.2309,0.1394,0,pose6,BJT-NPN,8,0.0915,circuit_937.jpg,wrong_better
0.1157,0.3594,1,pose0,Resistor,9,-0.2437,circuit_937.jpg,correct_better
0.1442,0.3997,1,pose2,Resistor,10,-0.2555,circuit_937.jpg,correct_better
0.2769,0.1422,0,pose6,BJT-NPN,11,0.1347,circuit_937.jpg,wrong_better
0.2835,0.1487,0,pose6,BJT-NPN,12,0.1347,circuit_937.jpg,wrong_better
0.1205,0.3588,1,pose2,Resistor,13,-0.2382,circuit_937.jpg,correct_better
0.2752,0.1373,0,pose6,BJT-NPN,15,0.138,circuit_937.jpg,wrong_better
0.125,0.3622,1,pose2,Resistor,16,-0.2372,circuit_937.jpg,correct_better
0.1336,0.3701,1,pose2,Resistor,17,-0.2365,circuit_937.jpg,correct_better
0.1784,0.1799,1,pose0,Diode,0,-0.0014,circuit_953.jpg,tied
0.1764,0.1778,1,pose0,Diode,1,-0.0014,circuit_953.jpg,tied
,,0,pose2,BJT-PNP,2,,circuit_953.jpg,no_correct_pose
0.2719,0.1337,0,pose6,BJT-NPN,3,0.1382,circuit_953.jpg,wrong_better
,,0,pose2,BJT-PNP,4,,circuit_953.jpg,no_correct_pose
,,0,pose2,BJT-PNP,5,,circuit_953.jpg,no_correct_pose
0.1423,0.3709,1,pose0,Resistor,7,-0.2286,circuit_953.jpg,correct_better
0.255,0.1335,0,pose6,BJT-NPN,8,0.1215,circuit_953.jpg,wrong_better
0.2864,0.1397,0,pose6,BJT-NPN,9,0.1467,circuit_953.jpg,wrong_better
0.1288,0.3589,1,pose2,Resistor,10,-0.2301,circuit_953.jpg,correct_better
0.2854,0.1412,0,pose6,BJT-NPN,11,0.1441,circuit_953.jpg,wrong_better
0.1373,0.3649,1,pose2,Resistor,12,-0.2276,circuit_953.jpg,correct_better
0.1575,0.4042,1,pose2,Resistor,13,-0.2467,circuit_953.jpg,correct_better
0.288,0.1456,0,pose6,BJT-NPN,14,0.1424,circuit_953.jpg,wrong_better
0.1272,0.3527,1,pose0,Resistor,15,-0.2255,circuit_953.jpg,correct_better
0.1443,0.3748,1,pose2,Resistor,17,-0.2305,circuit_953.jpg,correct_better
,,0,pose2,BJT-PNP,18,,circuit_953.jpg,no_correct_pose
0.161,0.1435,0,pose6,BJT-NPN,21,0.0175,circuit_953.jpg,tied
,,0,pose4,Op-Amp,0,,circuit_957.jpg,no_correct_pose
0.2835,0.21,0,pose3,Op-Amp,1,0.0734,circuit_957.jpg,wrong_better
,,0,pose2,Op-Amp,2,,circuit_957.jpg,no_correct_pose
,,0,pose0,Op-Amp,3,,circuit_957.jpg,no_correct_pose
0.093,0.0931,1,pose0,V-DC,4,-0.0001,circuit_957.jpg,tied
,,0,pose2,Op-Amp,5,,circuit_957.jpg,no_correct_pose
0.1247,0.1488,1,pose0,Inductor,6,-0.0241,circuit_957.jpg,correct_better
0.1247,0.365,1,pose0,Resistor,7,-0.2403,circuit_957.jpg,correct_better
0.1125,0.1125,0,pose6,I-DC,8,0.0001,circuit_957.jpg,tied
0.1194,0.3611,1,pose0,Resistor,9,-0.2417,circuit_957.jpg,correct_better
0.1235,0.3713,1,pose0,Resistor,10,-0.2478,circuit_957.jpg,correct_better
0.1308,0.38,1,pose0,Resistor,11,-0.2493,circuit_957.jpg,correct_better
0.1256,0.3752,1,pose0,Inductor,12,-0.2496,circuit_957.jpg,correct_better
0.1338,0.3797,1,pose0,Resistor,13,-0.246,circuit_957.jpg,correct_better
0.1246,0.3627,1,pose0,Inductor,14,-0.2381,circuit_957.jpg,correct_better
0.18,0.2893,1,pose0,Capacitor,15,-0.1093,circuit_957.jpg,correct_better
0.1781,0.3917,1,pose2,Capacitor,16,-0.2135,circuit_957.jpg,correct_better
0.1845,0.2961,1,pose2,Capacitor,17,-0.1116,circuit_957.jpg,correct_better
,,0,pose2,Op-Amp,0,,circuit_961.jpg,no_correct_pose
0.1306,0.1138,0,pose4,Op-Amp,1,0.0168,circuit_961.jpg,tied
0.351,0.1844,0,pose4,Op-Amp,2,0.1666,circuit_961.jpg,wrong_better
0.3129,0.1124,0,pose4,Op-Amp,3,0.2005,circuit_961.jpg,wrong_better
,,0,pose2,Op-Amp,4,,circuit_961.jpg,no_correct_pose
0.1317,0.373,1,pose0,Inductor,5,-0.2413,circuit_961.jpg,correct_better
0.1101,0.11,0,pose4,V-DC,6,0.0001,circuit_961.jpg,tied
0.1708,0.3969,1,pose0,Capacitor,7,-0.226,circuit_961.jpg,correct_better
0.1055,0.1057,1,pose2,I-DC,8,-0.0002,circuit_961.jpg,tied
0.1176,0.3767,1,pose0,Resistor,9,-0.2591,circuit_961.jpg,correct_better
0.1247,0.3705,1,pose0,Inductor,10,-0.2458,circuit_961.jpg,correct_better
0.1177,0.3731,1,pose0,Resistor,11,-0.2553,circuit_961.jpg,correct_better
0.1229,0.3659,1,pose0,Inductor,12,-0.243,circuit_961.jpg,correct_better
0.1755,0.3905,1,pose2,Capacitor,13,-0.215,circuit_961.jpg,correct_better
0.1874,0.3963,1,pose2,Capacitor,15,-0.2089,circuit_961.jpg,correct_better
0.125,0.3803,1,pose0,Resistor,16,-0.2553,circuit_961.jpg,correct_better
0.1098,0.373,1,pose0,Resistor,17,-0.2632,circuit_961.jpg,correct_better
0.124,0.3831,1,pose0,Resistor,18,-0.2591,circuit_961.jpg,correct_better
0.0986,0.3885,1,pose2,V-AC,0,-0.2898,circuit_963.jpg,correct_better
,,1,pose0,V-AC,1,,circuit_963.jpg,no_wrong_pose
0.107,0.3931,1,pose0,I-AC,2,-0.2861,circuit_963.jpg,correct_better
0.1077,0.2418,1,pose2,I-AC,3,-0.1342,circuit_963.jpg,correct_better
0.0907,0.0906,0,pose4,V-DC,4,0.0002,circuit_963.jpg,tied
0.1237,0.3741,1,pose0,Resistor,5,-0.2504,circuit_963.jpg,correct_better
0.2514,0.2574,1,pose2,MOSFET-P,6,-0.006,circuit_963.jpg,tied
,,0,pose2,MOSFET-P,7,,circuit_963.jpg,no_correct_pose
0.237,0.1617,0,pose6,MOSFET-N,8,0.0753,circuit_963.jpg,wrong_better
0.1766,0.1546,0,pose6,MOSFET-N,10,0.0219,circuit_963.jpg,wrong_better
0.2919,0.1678,0,pose6,MOSFET-N,11,0.1242,circuit_963.jpg,wrong_better
,,0,pose2,MOSFET-P,12,,circuit_963.jpg,no_correct_pose
0.1249,0.1233,0,pose4,Zener Diode,13,0.0016,circuit_963.jpg,tied
,,0,pose2,BJT-PNP,0,,circuit_968.jpg,no_correct_pose
0.1145,0.3583,1,pose2,Resistor,1,-0.2438,circuit_968.jpg,correct_better
0.3398,0.2159,0,pose2,BJT-PNP,2,0.1239,circuit_968.jpg,wrong_better
0.3261,0.2421,0,pose2,BJT-PNP,3,0.0841,circuit_968.jpg,wrong_better
0.1191,0.364,1,pose2,Resistor,5,-0.2449,circuit_968.jpg,correct_better
0.1172,0.3553,1,pose2,Resistor,6,-0.2381,circuit_968.jpg,correct_better
0.1242,0.3613,1,pose0,Resistor,7,-0.2371,circuit_968.jpg,correct_better
0.158,0.1594,1,pose0,Diode,8,-0.0014,circuit_968.jpg,tied
0.1133,0.3579,1,pose2,Resistor,9,-0.2446,circuit_968.jpg,correct_better
0.2818,0.1356,0,pose6,BJT-NPN,10,0.1462,circuit_968.jpg,wrong_better
0.2722,0.1333,0,pose6,BJT-NPN,11,0.1389,circuit_968.jpg,wrong_better
0.1222,0.3655,1,pose0,Resistor,14,-0.2434,circuit_968.jpg,correct_better
0.2807,0.1404,0,pose6,BJT-NPN,15,0.1403,circuit_968.jpg,wrong_better
0.1578,0.1591,1,pose0,Diode,16,-0.0013,circuit_968.jpg,tied
0.2836,0.1486,0,pose6,BJT-NPN,17,0.1349,circuit_968.jpg,wrong_better
,,0,pose2,BJT-PNP,18,,circuit_968.jpg,no_correct_pose
0.2804,0.1396,0,pose6,BJT-NPN,21,0.1408,circuit_968.jpg,wrong_better
0.2209,0.2073,0,pose7,Op-Amp,0,0.0136,circuit_975.jpg,tied
,,0,pose1,Op-Amp,1,,circuit_975.jpg,no_correct_pose
0.1099,0.1087,0,pose6,V-DC,2,0.0012,circuit_975.jpg,tied
0.1279,0.1083,0,pose4,Op-Amp,3,0.0196,circuit_975.jpg,tied
0.3495,0.1023,0,pose4,Op-Amp,4,0.2472,circuit_975.jpg,wrong_better
0.3113,0.1027,0,pose4,Op-Amp,5,0.2086,circuit_975.jpg,wrong_better
0.1186,0.357,1,pose0,Inductor,6,-0.2385,circuit_975.jpg,correct_better
0.1168,0.3539,1,pose0,Inductor,8,-0.2371,circuit_975.jpg,correct_better
0.1234,0.3619,1,pose0,Resistor,10,-0.2385,circuit_975.jpg,correct_better
0.0975,0.097,0,pose6,I-DC,11,0.0004,circuit_975.jpg,tied
0.1269,0.363,1,pose0,Resistor,13,-0.2361,circuit_975.jpg,correct_better
0.1223,0.3665,1,pose0,Resistor,16,-0.2441,circuit_975.jpg,correct_better
0.1718,0.3816,1,pose2,Capacitor,18,-0.2098,circuit_975.jpg,correct_better
0.1829,0.3869,1,pose2,Capacitor,19,-0.204,circuit_975.jpg,correct_better
0.1325,0.3728,1,pose0,Resistor,20,-0.2403,circuit_975.jpg,correct_better
0.1814,0.39,1,pose2,Capacitor,21,-0.2086,circuit_975.jpg,correct_better
0.1359,0.3777,1,pose0,Resistor,22,-0.2418,circuit_975.jpg,correct_better
0.1244,0.3662,1,pose0,Inductor,23,-0.2418,circuit_975.jpg,correct_better
0.1087,0.3937,1,pose0,I-AC,0,-0.285,circuit_980.jpg,correct_better
,,1,pose0,V-AC,1,,circuit_980.jpg,no_wrong_pose
0.1002,0.3879,1,pose2,V-AC,2,-0.2876,circuit_980.jpg,correct_better
0.1082,0.3913,1,pose0,I-AC,3,-0.2831,circuit_980.jpg,correct_better
0.1134,0.3411,1,pose0,Resistor,4,-0.2276,circuit_980.jpg,correct_better
0.0987,0.0987,1,pose0,V-DC,5,-0.0,circuit_980.jpg,tied
,,0,pose6,MOSFET-P,7,,circuit_980.jpg,no_correct_pose
,,0,pose2,MOSFET-P,9,,circuit_980.jpg,no_correct_pose
0.2532,0.1658,0,pose6,MOSFET-N,10,0.0874,circuit_980.jpg,wrong_better
0.2727,0.1754,0,pose6,MOSFET-N,11,0.0972,circuit_980.jpg,wrong_better
,,0,pose2,MOSFET-P,12,,circuit_980.jpg,no_correct_pose
,,0,pose2,MOSFET-N,13,,circuit_980.jpg,no_correct_pose
0.1311,0.1296,0,pose4,Zener Diode,14,0.0015,circuit_980.jpg,tied
0.0977,0.0977,0,pose4,V-DC,0,0.0,circuit_986.jpg,tied
0.1053,0.1053,1,pose0,I-DC,1,-0.0001,circuit_986.jpg,tied
0.1651,0.3803,1,pose0,Capacitor,2,-0.2152,circuit_986.jpg,correct_better
0.1218,0.3488,1,pose0,Resistor,3,-0.227,circuit_986.jpg,correct_better
0.1233,0.3502,1,pose0,Resistor,4,-0.2269,circuit_986.jpg,correct_better
0.1154,0.3458,1,pose0,Inductor,5,-0.2303,circuit_986.jpg,correct_better
0.111,0.3493,1,pose2,Resistor,6,-0.2383,circuit_986.jpg,correct_better
0.1205,0.3451,1,pose0,Resistor,0,-0.2246,circuit_992.jpg,correct_better
0.1167,0.3417,1,pose0,Resistor,1,-0.225,circuit_992.jpg,correct_better
0.1248,0.3528,1,pose2,Resistor,2,-0.228,circuit_992.jpg,correct_better
0.1172,0.1161,0,pose6,V-DC,3,0.0012,circuit_992.jpg,tied
0.1619,0.3014,1,pose0,Capacitor,4,-0.1395,circuit_992.jpg,correct_better
0.1229,0.3613,1,pose2,Inductor,5,-0.2384,circuit_992.jpg,correct_better
0.0985,0.3818,1,pose2,V-AC,0,-0.2833,circuit_995.jpg,correct_better
0.1184,0.3599,1,pose0,Inductor,1,-0.2415,circuit_995.jpg,correct_better
0.1202,0.3664,1,pose0,Inductor,2,-0.2462,circuit_995.jpg,correct_better
0.1046,0.1045,0,pose6,I-DC,3,0.0001,circuit_995.jpg,tied
0.1404,0.1388,0,pose4,Zener Diode,4,0.0016,circuit_995.jpg,tied
0.1594,0.1606,1,pose0,Diode,5,-0.0013,circuit_995.jpg,tied
0.2097,0.1995,0,pose5,Diode,6,0.0102,circuit_995.jpg,tied
0.1504,0.1515,1,pose0,Diode,8,-0.0012,circuit_995.jpg,tied
0.1758,0.4032,1,pose0,Capacitor,9,-0.2274,circuit_995.jpg,correct_better
0.1467,0.145,0,pose4,Zener Diode,10,0.0017,circuit_995.jpg,tied
0.1829,0.3966,1,pose2,Capacitor,11,-0.2137,circuit_995.jpg,correct_better
0.1614,0.1627,1,pose0,Diode,12,-0.0013,circuit_995.jpg,tied
0.133,0.3056,1,pose2,Resistor,13,-0.1726,circuit_995.jpg,correct_better
0.1977,0.405,1,pose2,Capacitor,14,-0.2073,circuit_995.jpg,correct_better
0.1527,0.154,1,pose0,Diode,16,-0.0013,circuit_995.jpg,tied
0.1409,0.1394,0,pose4,Zener Diode,17,0.0015,circuit_995.jpg,tied
